id,maker,car,brand,series,category,photoCount,photoCodes,publishedFitment,latestFitment,productStatus,destination,issues
"33b662261b8e","スズキ","ジムニー","Refinad","Heritage Mesh","seatcover","9","S0113-02","matched","matched","verified_product_page","https://seatcover.jp/c/suzuki/jimny/refinad-hm00113",""
"1dd0d70f1d43","ダイハツ","ムーヴキャンバス","Sandii","マカロン","seatcover","4","D0488-01","matched","matched","verified_product_page","https://seatcover.jp/c/daihatsu/movecanbus/sandii-mc00488",""
"374657385fa0","トヨタ","ハイエース","Refinad","Leather Deluxe Series","seatcover","5","T0026-09","none","car_mismatch","verified_product_page","https://seatcover.jp/c/toyota/hiace2/refinad-dx00026",""
"e77c21564a8f","ホンダ","N-BOX・N-BOXカスタム","Sandii","オールドカヌレ","seatcover","4","H0056-14","none","car_mismatch","verified_product_page","https://seatcover.jp/c/honda/nbox/sandii-oc00056",""
"2b00887e3574","スズキ","ハスラー","Sandii","カヌレ","seatcover","3","S0360-06","matched","matched","verified_product_page","https://seatcover.jp/c/suzuki/hustler/sandii-cn00360",""
"4d4380a47a7b","トヨタ","アルファード","Refinad","Quilt Series","seatcover","3","T0004-12","matched","matched","verified_product_page","https://seatcover.jp/c/toyota/alphard/refinad-qs00004",""
"ed4a78adcd33","三菱","デリカ:D5","Refinad","Leather Deluxe Series","seatcover","5","","none","no_code","unverified","https://seatcover.jp/f/match_renewal",""
"883b0a01de5d","トヨタ","シエンタ","Sandii","ビスキュイ","seatcover","4","T0022-10","matched","matched","verified_product_page","https://seatcover.jp/c/toyota/sienta/sandii-bc00022",""
"81a9c0f96626","ルノー","ルノー カングー","Sandii","CANELE GLACE カヌレグラッセ シリーズ","seatcover","2","R0416-06","none","car_mismatch","unverified","https://seatcover.jp/c/renault/kangoo",""
"0a5efd469552","フィアット","FIAT/フィアット500/500Cチンクエチェント","Sandii","マカロン","seatcover","4","FA0387-03","none","car_mismatch","verified_product_page","https://seatcover.jp/c/fiat/fiat500/sandii-mc00387",""
"303573e8f84f","トヨタ","ヤリス","Refinad","Old Leather Series","seatcover","5","T0529-01","matched","matched","verified_product_page","https://seatcover.jp/c/toyota/yaris/refinad-ol00529",""
"18f9ca69a9aa","スズキ","ラパン","Sandii","マカロン","seatcover","3","S0120-01","matched","matched","verified_product_page","https://seatcover.jp/c/suzuki/lapin/sandii-mc00120",""
"3747e70f3bf1","アウディ","アウディ Q3","Dotty","EURO-LUX","seatcover","3","","none","no_code","no_direct_candidate","https://seatcover.jp/c/audi/audiq3",""
"415be9ba47b6","レクサス","レクサスHS","Dotty","DIA-LUX","seatcover","5","","none","no_code","no_direct_candidate","https://seatcover.jp/c/lexus/lexushs",""
"e6d516dffffa","アウディ","A3スポーツバック","Refinad","Leather Series","seatcover","2","AU0193-02","none","car_mismatch","verified_product_page","https://seatcover.jp/c/audi/audia3/refinad-00193",""
"345ead70e6af","アウディ","A4アバント","Refinad","Leather Series","seatcover","3","AU0192-01","none","car_mismatch","no_direct_candidate","https://seatcover.jp/c/audi/audia4",""
"cefe877607c0","BMW","BMWX1","Refinad","Avant-Garde Series","seatcover","4","BM0190-04","matched","matched","verified_product_page","https://seatcover.jp/c/seatcovermaker/refinad/refinad-avantgarde/refinad-ag00190",""
"278b94079486","BMW","BMWX1","Refinad","Leather Deluxe Series","seatcover","3","BM0190-02","matched","matched","verified_product_page","https://seatcover.jp/c/bmw/bmwx1/refinad-dx00190",""
"6094289701ab","BMW","BMWX1","Refinad","Leather Deluxe Series","seatcover","5","BM0190-02","matched","matched","verified_product_page","https://seatcover.jp/c/bmw/bmwx1/refinad-dx00190",""
"6475008a240b","BMW","BMWX1","Refinad","Leather Deluxe Series","seatcover","2","BM0190-06","matched","matched","verified_product_page","https://seatcover.jp/c/bmw/bmwx1/refinad-dx00190",""
"ecc43338c7fa","BMW","BMWX1","Refinad","Harmonious Leather Series","seatcover","3","BM0190-04","matched","matched","verified_product_page","https://seatcover.jp/c/bmw/bmwx1/refinad-hs00190",""
"dd214cf8778d","BMW","BMWX1","Refinad","Leather Series","seatcover","2","BM0190-01","matched","matched","verified_product_page","https://seatcover.jp/c/bmw/bmwx1/refinad-00190",""
"3f0940723780","BMW","BMWX1","Refinad","Leather Series","seatcover","5","BM0190-01","matched","matched","verified_product_page","https://seatcover.jp/c/bmw/bmwx1/refinad-00190",""
"8c9704558572","BMW","BMWX2","Refinad","Leather Deluxe Series","seatcover","5","BM0190-03","matched","matched","verified_product_page","https://seatcover.jp/c/bmw/bmwx2/refinad-dx00501",""
"867dfc161e5c","BMW","BMWX2","Refinad","Leather Series","seatcover","2","BM0190-05","matched","matched","verified_product_page","https://seatcover.jp/c/seatcovermaker/refinad/refinad-leather/refinad-00501",""
"e45c9e21b0c1","BMW","BMWX2","Refinad","Avant-Garde Series","seatcover","2","BM0190-03","matched","matched","verified_product_page","https://seatcover.jp/c/bmw/bmwx2/refinad-ag00501",""
"80ea5d6956b9","BMW","BMWX2","Refinad","Leather Deluxe Series","seatcover","2","BM0190-05","matched","matched","verified_product_page","https://seatcover.jp/c/bmw/bmwx2/refinad-dx00501",""
"9f321afb621a","BMW","BMWX2","Refinad","Custom Series","seatcover","3","BM0190-05","matched","matched","verified_product_page","https://seatcover.jp/c/seatcovermaker/refinad/refinad-custom/refinad-cs00501",""
"c15527e9fc8d","BMW","BMWX3","Dotty","LUXUR-SPOLT","seatcover","3","","none","no_code","no_direct_candidate","https://seatcover.jp/c/bmw/bmwx3",""
"40c82fa112d6","BMW","BMWZ4","Refinad","Leather Deluxe Series","seatcover","5","BM0191-01","matched","matched","verified_product_page","https://seatcover.jp/c/bmw/bmwz4/refinad-dx00191",""
"7b128e87d1a4","BMW","BMWZ4","Refinad","Harmonious Leather Series","seatcover","2","BM0191-01","matched","matched","verified_product_page","https://seatcover.jp/c/bmw/bmwz4/refinad-hs00191",""
"b739fb87f0ec","BMW","BMWZ4","Refinad","Harmonious Leather Series","seatcover","3","BM0191-01","matched","matched","verified_product_page","https://seatcover.jp/c/bmw/bmwz4/refinad-hs00191",""
"dafad6c46045","フィアット","FIAT/フィアット","Sandii","シリーズ名の記載なし","seatcover","3","FA0387-03","none","car_mismatch","no_direct_candidate","https://seatcover.jp/c/fiat/fiat500",""
"21aba92b7479","フィアット","FIAT/フィアット","Sandii","シリーズ名の記載なし","seatcover","2","FA0387-01","none","car_mismatch","no_direct_candidate","https://seatcover.jp/c/fiat/fiat500",""
"03b6f6bff87a","フィアット","FIAT/フィアット","Sandii","シリーズ名の記載なし","seatcover","2","FA0387-03","none","car_mismatch","no_direct_candidate","https://seatcover.jp/c/fiat/fiat500",""
"c1f883fd568b","フィアット","FIAT/フィアット","Sandii","シリーズ名の記載なし","seatcover","2","FA0387-03","none","car_mismatch","no_direct_candidate","https://seatcover.jp/c/fiat/fiat500",""
"d9ff0af8a9e8","ホンダ","CR-V","Refinad","Leather Series","seatcover","1","H0067-03","matched","matched","verified_product_page","https://seatcover.jp/c/seatcovermaker/refinad/refinad-leather/refinad-00067",""
"2677589e748d","ホンダ","CR-Z","Refinad","Quilt Series","seatcover","3","H0068-01","matched","matched","verified_product_page","https://seatcover.jp/c/honda/crz/refinad-qs00068",""
"81841b5b0522","ホンダ","CR-Z","Refinad","Harmonious Leather Series","seatcover","2","H0068-01","matched","matched","verified_product_page","https://seatcover.jp/c/honda/crz/refinad-hs00068",""
"99e13c85f60c","ホンダ","フィット","Refinad","Leather Deluxe Series","seatcover","2","H0075-10","matched","matched","verified_product_page","https://seatcover.jp/c/honda/fit/refinad-dx00075",""
"cde485572452","ホンダ","フィット","Refinad","Leather Deluxe Series","seatcover","4","H0075-03","matched","matched","verified_product_page","https://seatcover.jp/c/honda/fit/refinad-dx00075",""
"52af23091c6b","ホンダ","フィット","Refinad","Custom Series","seatcover","1","H0075-10","matched","matched","verified_product_page","https://seatcover.jp/c/seatcovermaker/refinad/refinad-custom/refinad-cs00075",""
"6ce1727b4039","ホンダ","フィット","Refinad","Quilt Series","seatcover","3","H0075-10","matched","matched","verified_product_page","https://seatcover.jp/c/honda/fit/refinad-qs00075",""
"c6daa45bf8e9","ホンダ","フィット","Refinad","Leather Deluxe Series","seatcover","3","H0075-08","matched","matched","verified_product_page","https://seatcover.jp/c/honda/fit/refinad-dx00075",""
"e31f8e3cfd3a","ホンダ","フィット","Refinad","Quilt Series","seatcover","2","H0075-11","matched","matched","verified_product_page","https://seatcover.jp/c/honda/fit/refinad-qs00075",""
"86c6cac34617","ホンダ","フィット","Refinad","Leather Series","seatcover","3","H0075-03","matched","matched","verified_product_page","https://seatcover.jp/c/honda/fit/refinad-00075",""
"a587ed102529","ホンダ","フィット","Refinad","Custom Series","seatcover","2","H0075-10","matched","matched","verified_product_page","https://seatcover.jp/c/seatcovermaker/refinad/refinad-custom/refinad-cs00075",""
"b81cac87cb08","ホンダ","フィット","Refinad","Leather Series","seatcover","2","H0075-03","matched","matched","verified_product_page","https://seatcover.jp/c/honda/fit/refinad-00075",""
"757a6871cf43","ホンダ","フィット","Refinad","Leather Deluxe Series","seatcover","5","H0075-08","matched","matched","verified_product_page","https://seatcover.jp/c/honda/fit/refinad-dx00075",""
"39f02c4a01b3","ホンダ","フィット","Refinad","Leather Deluxe Series","seatcover","3","H0075-03","matched","matched","verified_product_page","https://seatcover.jp/c/honda/fit/refinad-dx00075",""
"11d5e14bc0cd","ホンダ","フィット","Refinad","Leather Series","seatcover","2","H0075-03","matched","matched","verified_product_page","https://seatcover.jp/c/honda/fit/refinad-00075",""
"670eecae65e8","ホンダ","S-MX","Dotty","COX","seatcover","2","","none","no_code","no_direct_candidate","https://seatcover.jp/c/honda/smx",""
"5f54f0c3a1ce","ホンダ","S-MX","Dotty","COX","seatcover","4","","none","no_code","no_direct_candidate","https://seatcover.jp/c/honda/smx",""
"815b56ab53d3","ホンダ","WR-V","Sandii","オールドカヌレ","seatcover","5","H0635-01","matched","matched","verified_product_page","https://seatcover.jp/c/honda/wrv/sandii-oc00635",""
"fcaa906cf780","ホンダ","WR-V","Sandii","デニムサンド","seatcover","5","H0635-01","matched","matched","verified_product_page","https://seatcover.jp/c/seatcovermaker/sandii/denimsand/sandii-ds00635",""
"f75e2f1d5cf4","ホンダ","WR-V","Sandii","カチナ","seatcover","5","H0635-01","matched","matched","verified_product_page","https://seatcover.jp/c/honda/wrv/sandii-kp00635",""
"541482cffb7b","ホンダ","WR-V","Refinad","Leather Series","seatcover","4","H0635-01","matched","matched","verified_product_page","https://seatcover.jp/c/honda/wrv/refinad-00635",""
"b03c9872712b","ホンダ","WR-V","Refinad","シリーズ名の記載なし","seatcover","4","H0635-01","matched","matched","unverified","https://seatcover.jp/c/honda/wrv",""
"2ff7705fe213","ホンダ","WR-V","Refinad","Harmonious Leather Series","seatcover","4","H0635-01","matched","matched","verified_product_page","https://seatcover.jp/c/seatcovermaker/refinad/refinad-harmonious/refinad-hs00635",""
"948a9fea7db5","ホンダ","WR-V","Refinad","Harmonious Leather Series","seatcover","4","H0635-01","matched","matched","verified_product_page","https://seatcover.jp/c/seatcovermaker/refinad/refinad-harmonious/refinad-hs00635",""
"be495f7b1b12","ホンダ","WR-V","Refinad","Harmonious Leather Series","seatcover","3","H0635-01","matched","matched","verified_product_page","https://seatcover.jp/c/seatcovermaker/refinad/refinad-harmonious/refinad-hs00635",""
"eed7a9fefd93","ホンダ","WR-V","Refinad","Harmonious Leather Series","seatcover","4","H0635-01","matched","matched","verified_product_page","https://seatcover.jp/c/seatcovermaker/refinad/refinad-harmonious/refinad-hs00635",""
"af4eef101275","ホンダ","WR-V","Refinad","Leather Deluxe Series","seatcover","4","H0635-01","matched","matched","verified_product_page","https://seatcover.jp/c/seatcovermaker/refinad/refinad-leatherdx/refinad-dx00635",""
"aaae8b67a382","ホンダ","WR-V","Refinad","Leather Deluxe Series","seatcover","3","H0635-01","matched","matched","verified_product_page","https://seatcover.jp/c/seatcovermaker/refinad/refinad-leatherdx/refinad-dx00635",""
"9a60fdb7efa6","ホンダ","WR-V","Refinad","Harmonious Leather Series","seatcover","4","H0635-01","matched","matched","verified_product_page","https://seatcover.jp/c/seatcovermaker/refinad/refinad-harmonious/refinad-hs00635",""
"b0821a35fd79","ホンダ","ZR-V","Sandii","デニムサンド","seatcover","4","H0627-01","matched","matched","verified_product_page","https://seatcover.jp/c/honda/zrv/sandii-ds00627",""
"a03624a5cd1a","マツダ","CX-3","Refinad","Leather Deluxe Series","seatcover","2","MA0350-01","matched","matched","verified_product_page","https://seatcover.jp/c/mazda/cx3/refinad-dx00350",""
"35e5b9115b07","マツダ","CX-5","Refinad","Leather Series","seatcover","4","MA0146-03","matched","matched","verified_product_page","https://seatcover.jp/c/mazda/cx5/refinad-00146",""
"2c0c69cd6534","マツダ","CX-5","Refinad","Alcantara Series","seatcover","4","MA0146-04","matched","matched","verified_product_page","https://seatcover.jp/c/seatcovermaker/refinad/refinad-alcantara/refinad-al00146",""
"4eacb3963d66","マツダ","CX-5","Refinad","Leather Series","seatcover","3","MA0146-01","matched","matched","verified_product_page","https://seatcover.jp/c/mazda/cx5/refinad-00146",""
"b890d4272626","マツダ","CX-5","Refinad","Leather Series","seatcover","3","MA0146-04","matched","matched","verified_product_page","https://seatcover.jp/c/mazda/cx5/refinad-00146",""
"495b18e1a1c9","マツダ","CX-5","Refinad","Alcantara Series","seatcover","1","MA0146-03","matched","matched","verified_product_page","https://seatcover.jp/c/seatcovermaker/refinad/refinad-alcantara/refinad-al00146",""
"76fbb42a1a67","マツダ","CX-5","Refinad","Harmonious Leather Series","seatcover","2","MA0146-03","matched","matched","verified_product_page","https://seatcover.jp/c/mazda/cx5/refinad-hs00146",""
"dbb087daa032","マツダ","CX-5","Refinad","Harmonious Leather Series","seatcover","5","MA0146-04","matched","matched","verified_product_page","https://seatcover.jp/c/mazda/cx5/refinad-hs00146",""
"aa49a880b4f3","マツダ","CX-5","Refinad","Leather Series","seatcover","2","MA0146-04","matched","matched","verified_product_page","https://seatcover.jp/c/mazda/cx5/refinad-00146",""
"14798aa8821b","マツダ","CX-5","Refinad","Leather Series","seatcover","2","MA0146-04","matched","matched","verified_product_page","https://seatcover.jp/c/mazda/cx5/refinad-00146",""
"73f03520b0cf","マツダ","CX-5","Refinad","Alcantara Series","seatcover","2","MA0146-02","matched","matched","verified_product_page","https://seatcover.jp/c/seatcovermaker/refinad/refinad-alcantara/refinad-al00146",""
"8fbbf86cf00a","マツダ","CX-5","Refinad","Exclusive Design Series","seatcover","3","MA0146-01","matched","matched","no_direct_candidate","https://seatcover.jp/c/mazda/cx5",""
"4163f2a9c524","マツダ","CX-5","Refinad","Harmonious Leather Series","seatcover","2","MA0146-04","matched","matched","verified_product_page","https://seatcover.jp/c/mazda/cx5/refinad-hs00146",""
"bf0c2a7df9b3","マツダ","CX-5","Refinad","Leather Series","seatcover","5","MA0146-02","matched","matched","verified_product_page","https://seatcover.jp/c/mazda/cx5/refinad-00146",""
"eea99fe23229","マツダ","CX-5","Refinad","Leather Series","seatcover","2","MA0146-02","matched","matched","verified_product_page","https://seatcover.jp/c/mazda/cx5/refinad-00146",""
"edcc019092b0","マツダ","CX-5","Refinad","Harmonious Leather Series","seatcover","4","MA0146-01","matched","matched","verified_product_page","https://seatcover.jp/c/mazda/cx5/refinad-hs00146",""
"5b7fb3afe4b8","マツダ","CX-5","Refinad","Leather Deluxe Series","seatcover","5","MA0146-04","matched","matched","verified_product_page","https://seatcover.jp/c/mazda/cx5/refinad-dx00146",""
"875d4c605940","マツダ","CX-5","Refinad","Exclusive Design Series","seatcover","4","MA0146-01","matched","matched","no_direct_candidate","https://seatcover.jp/c/mazda/cx5",""
"bf25447fb4e5","マツダ","CX-5","Refinad","Avant-Garde Series","seatcover","3","MA0146-04","matched","matched","verified_product_page","https://seatcover.jp/c/seatcovermaker/refinad/refinad-avantgarde/refinad-ag00146",""
"b9e83340963c","マツダ","CX-5","Refinad","Leather Deluxe Series","seatcover","3","MA0146-04","matched","matched","verified_product_page","https://seatcover.jp/c/mazda/cx5/refinad-dx00146",""
"3e8fc36f945d","マツダ","CX-5","Refinad","Leather Deluxe Series","seatcover","4","MA0146-01","matched","matched","verified_product_page","https://seatcover.jp/c/mazda/cx5/refinad-dx00146",""
"a74e0ba1b72e","マツダ","CX-5","Refinad","Alcantara Series","seatcover","6","MA0146-03","matched","matched","verified_product_page","https://seatcover.jp/c/seatcovermaker/refinad/refinad-alcantara/refinad-al00146",""
"094f25349f43","マツダ","CX-8","Sandii","カヌレ","seatcover","5","MA0503-04","matched","matched","verified_product_page","https://seatcover.jp/c/mazda/cx8/sandii-cn00503",""
"76353b8d299c","マツダ","CX-8","Refinad","Custom Series","seatcover","5","MA0503-01","matched","matched","verified_product_page","https://seatcover.jp/c/seatcovermaker/refinad/refinad-custom/refinad-cs00503",""
"8a1e2457eca6","マツダ","CX-8","Refinad","Harmonious Leather Series","seatcover","5","MA0503-05","matched","matched","verified_product_page","https://seatcover.jp/c/seatcovermaker/refinad/refinad-harmonious/refinad-hs00503",""
"223f0d259e5e","マツダ","CX-8","Refinad","Leather Deluxe Series","seatcover","5","MA0503-04","matched","matched","verified_product_page","https://seatcover.jp/c/mazda/cx8/refinad-dx00503",""
"3d208294c0df","マツダ","CX-8","Refinad","Harmonious Leather Series","seatcover","3","MA0503-02","matched","matched","verified_product_page","https://seatcover.jp/c/seatcovermaker/refinad/refinad-harmonious/refinad-hs00503",""
"edb4a8688bc6","マツダ","CX-8","Refinad","Custom Series","seatcover","3","MA0503-04","matched","matched","verified_product_page","https://seatcover.jp/c/seatcovermaker/refinad/refinad-custom/refinad-cs00503",""
"9f1555bd8ac4","マツダ","CX-8","Refinad","Leather Deluxe Series","seatcover","4","MA0503-03","matched","matched","verified_product_page","https://seatcover.jp/c/mazda/cx8/refinad-dx00503",""
"b0e97b663512","マツダ","CX-8","Refinad","Leather Deluxe Series","seatcover","3","MA0503-02","matched","matched","verified_product_page","https://seatcover.jp/c/mazda/cx8/refinad-dx00503",""
"3aebf2d70a5c","マツダ","CX-8","Refinad","Harmonious Leather Series","seatcover","3","MA0503-01","matched","matched","verified_product_page","https://seatcover.jp/c/seatcovermaker/refinad/refinad-harmonious/refinad-hs00503",""
"5ea8f4c860aa","マツダ","CX-8","Refinad","Leather Deluxe Series","seatcover","4","MA0503-03","matched","matched","verified_product_page","https://seatcover.jp/c/mazda/cx8/refinad-dx00503",""
"81c675d95056","マツダ","CX-8","Refinad","Custom Series","seatcover","3","MA0503-01","matched","matched","verified_product_page","https://seatcover.jp/c/seatcovermaker/refinad/refinad-custom/refinad-cs00503",""
"1844d1516f8d","マツダ","CX-8","Refinad","Harmonious Leather Series","seatcover","4","MA0503-02","matched","matched","verified_product_page","https://seatcover.jp/c/seatcovermaker/refinad/refinad-harmonious/refinad-hs00503",""
"6ecee1d3a108","マツダ","CX-8","Refinad","Leather Deluxe Series","seatcover","4","MA0503-05","matched","matched","verified_product_page","https://seatcover.jp/c/mazda/cx8/refinad-dx00503",""
"91b794b0e4ee","マツダ","CX-8","Refinad","Leather Series","seatcover","4","MA0503-01","matched","matched","verified_product_page","https://seatcover.jp/c/seatcovermaker/refinad/refinad-leather/refinad-00503",""
"dfe3fabb21a7","マツダ","CX-8","Refinad","Harmonious Leather Series","seatcover","3","MA0503-02","matched","matched","verified_product_page","https://seatcover.jp/c/seatcovermaker/refinad/refinad-harmonious/refinad-hs00503",""
"59e4e5d1a178","マツダ","CX-8","Refinad","Leather Series","seatcover","3","MA0503-02","matched","matched","verified_product_page","https://seatcover.jp/c/seatcovermaker/refinad/refinad-leather/refinad-00503",""
"7afaf0e18881","マツダ","CX-8","Refinad","Harmonious Leather Series","seatcover","2","MA0503-02","matched","matched","verified_product_page","https://seatcover.jp/c/seatcovermaker/refinad/refinad-harmonious/refinad-hs00503",""
"76bbdc9bcb2f","マツダ","CX-8","Refinad","Custom Series","seatcover","4","MA0503-01","matched","matched","verified_product_page","https://seatcover.jp/c/seatcovermaker/refinad/refinad-custom/refinad-cs00503",""
"27299be2648c","マツダ","CX-8","Refinad","Harmonious Leather Series","seatcover","5","MA0503-01","matched","matched","verified_product_page","https://seatcover.jp/c/seatcovermaker/refinad/refinad-harmonious/refinad-hs00503",""
"cd71d23a36d6","マツダ","MPV","Refinad","Harmonious Leather Series","seatcover","3","MA0143-02","matched","matched","verified_product_page","https://seatcover.jp/c/seatcovermaker/refinad/refinad-harmonious/refinad-hs00143",""
"1ed794439194","マツダ","MPV","Refinad","Harmonious Leather Series","seatcover","3","MA0143-03","matched","matched","verified_product_page","https://seatcover.jp/c/seatcovermaker/refinad/refinad-harmonious/refinad-hs00143",""
"6d810d6fc673","マツダ","MPV","Refinad","Leather Series","seatcover","3","MA0143-02","matched","matched","verified_product_page","https://seatcover.jp/c/seatcovermaker/refinad/refinad-leather/refinad-00143",""
"d58636fd7127","マツダ","RX-8","Refinad","Leather Series","seatcover","2","MD1-18","matched","matched","no_direct_candidate","https://seatcover.jp/c/mazda/rx8",""
"a75fc57ba4c0","MINI","ミニ","Refinad","Harmonious Leather Series","seatcover","4","BM0205-14","none","car_mismatch","unverified","https://seatcover.jp/f/match_renewal",""
"0d01e9a2eecb","スバル","XV","Sandii","コロール","seatcover","3","F0170-04","matched","matched","verified_product_page","https://seatcover.jp/c/subaru/xv/sandii-00172",""
"246d74a077e9","スバル","XV","Sandii","コロール","seatcover","2","F0170-04","matched","matched","verified_product_page","https://seatcover.jp/c/subaru/xv/sandii-00172",""
"4b3292bce62d","スバル","XV","Refinad","Leather Series","seatcover","4","F0170-04","matched","matched","verified_product_page","https://seatcover.jp/c/seatcovermaker/refinad/refinad-leather/refinad-00172",""
"935cc6239dcc","スバル","XV","Refinad","Leather Series","seatcover","4","F0170-04","matched","matched","verified_product_page","https://seatcover.jp/c/seatcovermaker/refinad/refinad-leather/refinad-00172",""
"96abcb52e8a0","スバル","XV","Refinad","Leather Series","seatcover","4","F0170-04","matched","matched","verified_product_page","https://seatcover.jp/c/seatcovermaker/refinad/refinad-leather/refinad-00172",""
"9ff06ee2239f","スバル","XV","Refinad","Leather Series","seatcover","4","F0170-03","matched","matched","verified_product_page","https://seatcover.jp/c/seatcovermaker/refinad/refinad-leather/refinad-00172",""
"6e7867a05467","スバル","XV","Refinad","Leather Series","seatcover","4","F0170-04","matched","matched","verified_product_page","https://seatcover.jp/c/seatcovermaker/refinad/refinad-leather/refinad-00172",""
"89b2841d7207","スバル","XV","Refinad","Leather Series","seatcover","3","F0170-04","matched","matched","verified_product_page","https://seatcover.jp/c/seatcovermaker/refinad/refinad-leather/refinad-00172",""
"e46afc7ebd7b","スバル","XV","Refinad","Leather Deluxe Series","seatcover","2","F0170-07","matched","matched","verified_product_page","https://seatcover.jp/c/seatcovermaker/refinad/refinad-leatherdx/refinad-dx00172",""
"3630ab57236d","スバル","XV","Refinad","Leather Deluxe Series","seatcover","3","F0170-07","matched","matched","verified_product_page","https://seatcover.jp/c/seatcovermaker/refinad/refinad-leatherdx/refinad-dx00172",""
"00fec17bf927","スバル","XV","Refinad","Avant-Garde Series","seatcover","3","F0170-05","matched","matched","verified_product_page","https://seatcover.jp/c/subaru/xv/refinad-ag00172",""
"749f98083379","スバル","XV","Refinad","Leather Series","seatcover","2","F0170-04","matched","matched","verified_product_page","https://seatcover.jp/c/seatcovermaker/refinad/refinad-leather/refinad-00172",""
"806fdc5bc9cd","スバル","XV","Refinad","Leather Series","seatcover","4","F0170-04","matched","matched","verified_product_page","https://seatcover.jp/c/seatcovermaker/refinad/refinad-leather/refinad-00172",""
"ef229e144e92","スバル","XV","Refinad","Leather Series","seatcover","2","F0170-07","matched","matched","verified_product_page","https://seatcover.jp/c/seatcovermaker/refinad/refinad-leather/refinad-00172",""
"05d57ff9725b","スバル","XV","Refinad","Alcantara Series","seatcover","10","F0170-04","matched","matched","verified_product_page","https://seatcover.jp/c/seatcovermaker/refinad/refinad-alcantara/refinad-al00172",""
"d0179420410f","スバル","XV","Refinad","Avant-Garde Series","seatcover","2","F0170-05","matched","matched","verified_product_page","https://seatcover.jp/c/subaru/xv/refinad-ag00172",""
"1b82cfd5781a","スバル","XV","Refinad","Leather Deluxe Series","seatcover","3","F0170-05","matched","matched","verified_product_page","https://seatcover.jp/c/seatcovermaker/refinad/refinad-leatherdx/refinad-dx00172",""
"87a7172b9c2e","トヨタ","86","Refinad","Leather Deluxe Series","seatcover","5","T0029-01","matched","matched","verified_product_page","https://seatcover.jp/c/toyota/86/refinad-dx00029",""
"3c581ca4ad9d","トヨタ","86","Refinad","Leather Series","seatcover","4","T0029-01","matched","matched","verified_product_page","https://seatcover.jp/c/toyota/86/refinad-00029",""
"717cd2549fed","トヨタ","86","Refinad","Leather Deluxe Series","seatcover","3","T0029-01","matched","matched","verified_product_page","https://seatcover.jp/c/toyota/86/refinad-dx00029",""
"f1d101120406","トヨタ","bB","Refinad","Harmonious Leather Series","seatcover","2","T0029-01","none","car_mismatch","unverified","https://seatcover.jp/f/match_renewal",""
"d39fb9c614eb","トヨタ","iQ","Refinad","Leather Deluxe Series","seatcover","2","T0022-03","none","car_mismatch","unverified","https://seatcover.jp/f/match_renewal",""
"5a2069f1ece8","フィアット","FIATドブロ","Refinad","Harmonious Leather Series","seatcover","4","C0545-01","none","car_mismatch","unverified","https://seatcover.jp/c/seatcovermaker/refinad/refinad-harmonious",""
"351d6094b80b","ホンダ","ビート","Dotty","LUXUR-SPOLT","seatcover","3","","none","no_code","no_direct_candidate","https://seatcover.jp/c/honda/beat",""
"3e340a3513a1","ホンダ","ジェイド","Refinad","Harmonious Leather Series","seatcover","5","H0349-01","matched","matched","verified_product_page","https://seatcover.jp/c/seatcovermaker/refinad/refinad-harmonious/refinad-hs00379",""
"5c776c5e68d0","ホンダ","ジェイド","Refinad","Harmonious Leather Series","seatcover","4","H0065-02","none","car_mismatch","unverified","https://seatcover.jp/f/match_renewal",""
"d097efdd18df","ホンダ","ライフ","Dotty","GT-PRO","seatcover","6","","none","no_code","no_direct_candidate","https://seatcover.jp/c/honda/life",""
"5ed6efaf1a28","ホンダ","N-BOX・N-BOXカスタム","Sandii","マカロン","seatcover","5","H0056-14","none","car_mismatch","verified_product_page","https://seatcover.jp/c/honda/nbox/sandii-mc00056",""
"91e6b0dac877","ホンダ","N-BOX・N-BOXカスタム","Sandii","ワッフル","seatcover","4","H0056-14","none","car_mismatch","verified_product_page","https://seatcover.jp/c/honda/nbox/sandii-wf00056",""
"056f8199a5e0","ホンダ","N-BOX・N-BOXカスタム","Sandii","カヌレグラッセ","seatcover","5","H0056-14","none","car_mismatch","verified_product_page","https://seatcover.jp/c/honda/nbox/sandii-cg00056",""
"0d059b4d6bc6","ホンダ","N-BOX・N-BOXカスタム","Sandii","ビスキュイ","seatcover","4","H0056-14","none","car_mismatch","verified_product_page","https://seatcover.jp/c/honda/nbox/sandii-bc00056",""
"1a94aa9ce44d","ホンダ","N-BOX・N-BOXカスタム","Sandii","カヌレグラッセ","seatcover","4","H0056-14","none","car_mismatch","verified_product_page","https://seatcover.jp/c/honda/nbox/sandii-cg00056",""
"72280618cb1c","ホンダ","N-BOX・N-BOXカスタム","Sandii","マカロン","seatcover","3","H0056-14","none","car_mismatch","verified_product_page","https://seatcover.jp/c/honda/nbox/sandii-mc00056",""
"317d26d87b10","ホンダ","N-BOX・N-BOXカスタム","Sandii","デニムロール","seatcover","5","H0056-14","none","car_mismatch","verified_product_page","https://seatcover.jp/c/honda/nbox/sandii-dr00056",""
"8a72b5a07824","ホンダ","N-BOX・N-BOXカスタム","Sandii","ビスキュイ","seatcover","5","H0056-14","none","car_mismatch","verified_product_page","https://seatcover.jp/c/honda/nbox/sandii-bc00056",""
"fb0090df8cb4","ホンダ","N-BOX・N-BOXカスタム","Sandii","カヌレグラッセ","seatcover","5","H0056-14","none","car_mismatch","verified_product_page","https://seatcover.jp/c/honda/nbox/sandii-cg00056",""
"01fa7b6c54b3","ホンダ","N-BOX・N-BOXカスタム","Sandii","マカロン","seatcover","4","H0056-14","none","car_mismatch","verified_product_page","https://seatcover.jp/c/honda/nbox/sandii-mc00056",""
"b43fd0e64de1","ホンダ","N-BOX・N-BOXカスタム","Sandii","コロール","seatcover","4","H0056-14","none","car_mismatch","verified_product_page","https://seatcover.jp/c/honda/nbox/sandii-00056",""
"2057b6d25c4e","ホンダ","N-BOX・N-BOXカスタム","Sandii","エクレア","seatcover","5","H0056-14","none","car_mismatch","verified_product_page","https://seatcover.jp/c/honda/nbox/sandii-ec00056",""
"6fe18ecd5739","ホンダ","N-BOX・N-BOXカスタム","Sandii","マカロン","seatcover","5","H0056-14","none","car_mismatch","verified_product_page","https://seatcover.jp/c/honda/nbox/sandii-mc00056",""
"53e58571d740","ホンダ","N-BOX・N-BOXカスタム","Sandii","エクレア","seatcover","3","H0056-14","none","car_mismatch","verified_product_page","https://seatcover.jp/c/honda/nbox/sandii-ec00056",""
"621be40245c2","ホンダ","N-BOX・N-BOXカスタム","Sandii","オールドカヌレ","seatcover","5","H0056-14","none","car_mismatch","verified_product_page","https://seatcover.jp/c/honda/nbox/sandii-oc00056",""
"52701dcff273","ホンダ","N-BOX・N-BOXカスタム","Sandii","カヌレグラッセ","seatcover","4","H0056-14","none","car_mismatch","verified_product_page","https://seatcover.jp/c/honda/nbox/sandii-cg00056",""
"95b2bde96194","ホンダ","N-BOX・N-BOXカスタム","Sandii","マカロン","seatcover","4","H0056-14","none","car_mismatch","verified_product_page","https://seatcover.jp/c/honda/nbox/sandii-mc00056",""
"f7be4d8f8c1d","ホンダ","N-BOX・N-BOXカスタム","Sandii","オールドカヌレ","seatcover","4","H0056-14","none","car_mismatch","verified_product_page","https://seatcover.jp/c/honda/nbox/sandii-oc00056",""
"601a95242f0e","ホンダ","N-BOX・N-BOXカスタム","Sandii","ビスキュイ","seatcover","4","H0056-14","none","car_mismatch","verified_product_page","https://seatcover.jp/c/honda/nbox/sandii-bc00056",""
"2bcb6df692ca","ホンダ","N-BOX・N-BOXカスタム","Sandii","カヌレグラッセ","seatcover","4","H0056-14","none","car_mismatch","verified_product_page","https://seatcover.jp/c/honda/nbox/sandii-cg00056",""
"384bc9ee0edf","ホンダ","N-BOX・N-BOXカスタム","Sandii","カヌレ","seatcover","5","H0056-14","none","car_mismatch","verified_product_page","https://seatcover.jp/c/honda/nbox/sandii-cn00056",""
"99f397aa079a","ホンダ","N-BOX・N-BOXカスタム","Sandii","カヌレ","seatcover","3","H0056-14","none","car_mismatch","verified_product_page","https://seatcover.jp/c/honda/nbox/sandii-cn00056",""
"ae5f3872220b","ホンダ","N-BOX・N-BOXカスタム","Sandii","マカロン","seatcover","4","H0056-14","none","car_mismatch","verified_product_page","https://seatcover.jp/c/honda/nbox/sandii-mc00056",""
"81497a335ccd","ホンダ","N-BOX・N-BOXカスタム","Sandii","コロール","seatcover","3","H0056-14","none","car_mismatch","verified_product_page","https://seatcover.jp/c/honda/nbox/sandii-00056",""
"3c300c8cbd55","ホンダ","N-BOX・N-BOXカスタム","Sandii","マカロン","seatcover","5","H0056-14","none","car_mismatch","verified_product_page","https://seatcover.jp/c/honda/nbox/sandii-mc00056",""
"9720c283e2bc","ホンダ","N-BOX・N-BOXカスタム","Sandii","ドルチェ","seatcover","4","H0056-13","none","car_mismatch","verified_product_page","https://seatcover.jp/c/honda/nbox/sandii-dc00056",""
"30dce8be195a","ホンダ","N-BOX・N-BOXカスタム","Sandii","マカロン","seatcover","4","H0056-14","none","car_mismatch","verified_product_page","https://seatcover.jp/c/honda/nbox/sandii-mc00056",""
"b6416ffe2eb4","ホンダ","N-BOX・N-BOXカスタム","Sandii","マカロン","seatcover","4","H0056-14","none","car_mismatch","verified_product_page","https://seatcover.jp/c/honda/nbox/sandii-mc00056",""
"edba6d315e4b","ホンダ","N-BOX・N-BOXカスタム","Sandii","マカロン","seatcover","3","H0056-14","none","car_mismatch","verified_product_page","https://seatcover.jp/c/honda/nbox/sandii-mc00056",""
"14d9afb6915f","ホンダ","N-BOX・N-BOXカスタム","Sandii","カヌレグラッセ","seatcover","2","H0056-14","none","car_mismatch","verified_product_page","https://seatcover.jp/c/honda/nbox/sandii-cg00056",""
"5bf915aacc0a","ホンダ","N-BOX・N-BOXカスタム","Sandii","ビスキュイ","seatcover","3","H0056-14","none","car_mismatch","verified_product_page","https://seatcover.jp/c/honda/nbox/sandii-bc00056",""
"d4a8d33cfd1d","ホンダ","N-BOX・N-BOXカスタム","Sandii","マカロン","seatcover","2","H0056-14","none","car_mismatch","verified_product_page","https://seatcover.jp/c/honda/nbox/sandii-mc00056",""
"a0423a3b584c","ホンダ","N-BOX・N-BOXカスタム","Sandii","コロール","seatcover","2","H0056-12","none","car_mismatch","verified_product_page","https://seatcover.jp/c/honda/nbox/sandii-00056",""
"69b5462e2f10","ホンダ","N-BOX・N-BOXカスタム","Sandii","カヌレ","seatcover","3","H0056-10","none","car_mismatch","verified_product_page","https://seatcover.jp/c/honda/nbox/sandii-cn00056",""
"3497788f6c63","ホンダ","N-BOX・N-BOXカスタム","Sandii","ドルチェ","seatcover","2","H0056-08","none","car_mismatch","verified_product_page","https://seatcover.jp/c/honda/nbox/sandii-dc00056",""
"d95d168d901b","ホンダ","N-BOX・N-BOXカスタム","Sandii","マカロン","seatcover","2","H0056-10","none","car_mismatch","verified_product_page","https://seatcover.jp/c/honda/nbox/sandii-mc00056",""
"dcac2e7a28b7","ホンダ","N-BOX・N-BOXカスタム","Sandii","ドルチェ","seatcover","2","H0056-13","none","car_mismatch","verified_product_page","https://seatcover.jp/c/honda/nbox/sandii-dc00056",""
"8af0869a8701","ホンダ","N-BOX・N-BOXカスタム","Sandii","カヌレグラッセ","seatcover","3","H0056-11","none","car_mismatch","verified_product_page","https://seatcover.jp/c/honda/nbox/sandii-cg00056",""
"eb98968741b3","ホンダ","N-BOX・N-BOXカスタム","Sandii","コロール","seatcover","3","H0056-10","none","car_mismatch","verified_product_page","https://seatcover.jp/c/honda/nbox/sandii-00056",""
"9b5a98c939ef","ホンダ","N-BOX・N-BOXカスタム","Sandii","マカロン","seatcover","4","H0056-13","none","car_mismatch","verified_product_page","https://seatcover.jp/c/honda/nbox/sandii-mc00056",""
"9cebcdcfb6b9","ホンダ","N-BOX・N-BOXカスタム","Sandii","カヌレ","seatcover","3","H0645-01","none","car_mismatch","unverified","https://seatcover.jp/c/honda/nbox",""
"bfe4deda2520","ホンダ","N-BOX・N-BOXカスタム","Sandii","カヌレ","seatcover","2","H0056-08","none","car_mismatch","verified_product_page","https://seatcover.jp/c/honda/nbox/sandii-cn00056",""
"ad8beaa550ca","ホンダ","N-BOX・N-BOXカスタム","Sandii","コロール","seatcover","5","H0056-10","none","car_mismatch","verified_product_page","https://seatcover.jp/c/honda/nbox/sandii-00056",""
"ba0f8f73e88e","ホンダ","N-BOX・N-BOXカスタム","Sandii","カヌレ","seatcover","3","H0056-10","none","car_mismatch","verified_product_page","https://seatcover.jp/c/honda/nbox/sandii-cn00056",""
"0f78df6a7702","ホンダ","N-BOX・N-BOXカスタム","Sandii","マカロン","seatcover","3","H0056-09","none","car_mismatch","verified_product_page","https://seatcover.jp/c/honda/nbox/sandii-mc00056",""
"2c00509ab18b","ホンダ","N-BOX・N-BOXカスタム","Sandii","マカロン","seatcover","3","H0056-11","none","car_mismatch","verified_product_page","https://seatcover.jp/c/honda/nbox/sandii-mc00056",""
"b2cb5419adf3","ホンダ","N-BOX・N-BOXカスタム","Sandii","ワッフル","seatcover","2","H0056-13","none","car_mismatch","verified_product_page","https://seatcover.jp/c/honda/nbox/sandii-wf00056",""
"be7d137a661c","ホンダ","N-BOX・N-BOXカスタム","Sandii","ドルチェ","seatcover","2","H0056-14","none","car_mismatch","verified_product_page","https://seatcover.jp/c/honda/nbox/sandii-dc00056",""
"bb9d15149aef","ホンダ","N-BOX・N-BOXカスタム","Refinad","Leather Series","seatcover","4","H0056-08","none","car_mismatch","verified_product_page","https://seatcover.jp/c/honda/nbox/refinad-00056",""
"32761638fa3a","ホンダ","N-BOX・N-BOXカスタム","Refinad","Leather Series","seatcover","4","H0056-09","none","car_mismatch","verified_product_page","https://seatcover.jp/c/honda/nbox/refinad-00056",""
"55f320284e98","ホンダ","N-BOX・N-BOXカスタム","Refinad","Leather Deluxe Series","seatcover","4","H0056-15","none","car_mismatch","verified_product_page","https://seatcover.jp/c/honda/nbox/refinad-dx00056",""
"168989867b5e","ホンダ","N-BOX・N-BOXカスタム","Refinad","Leather Series","seatcover","5","H0056-09","none","car_mismatch","verified_product_page","https://seatcover.jp/c/honda/nbox/refinad-00056",""
"84d8dfc7a56f","ホンダ","N-BOX・N-BOXカスタム","Refinad","Quilt Series","seatcover","1","H0056-08","none","car_mismatch","verified_product_page","https://seatcover.jp/c/honda/nbox/refinad-qs00056",""
"fab7c7fe71d3","ホンダ","N-BOX・N-BOXカスタム","Refinad","Quilt Series","seatcover","4","H0056-08","none","car_mismatch","verified_product_page","https://seatcover.jp/c/honda/nbox/refinad-qs00056",""
"a75074073e8e","ホンダ","N-BOX・N-BOXカスタム","Refinad","Harmonious Leather Series","seatcover","4","H0056-13","none","car_mismatch","verified_product_page","https://seatcover.jp/c/honda/nbox/refinad-hs00056",""
"fd956e338aac","ホンダ","N-BOX・N-BOXカスタム","Refinad","Harmonious Leather Series","seatcover","3","H0056-13","none","car_mismatch","verified_product_page","https://seatcover.jp/c/honda/nbox/refinad-hs00056",""
"e92329834a7e","ホンダ","N-BOX・N-BOXカスタム","Refinad","Harmonious Leather Series","seatcover","5","H0056-13","none","car_mismatch","verified_product_page","https://seatcover.jp/c/honda/nbox/refinad-hs00056",""
"83b409d5fd53","ホンダ","N-BOX・N-BOXカスタム","Refinad","Leather Deluxe Series","seatcover","3","H0056-13","none","car_mismatch","verified_product_page","https://seatcover.jp/c/honda/nbox/refinad-dx00056",""
"59271a0ec797","ホンダ","N-BOX・N-BOXカスタム","Refinad","Leather Series","seatcover","4","H0056-13","none","car_mismatch","verified_product_page","https://seatcover.jp/c/honda/nbox/refinad-00056",""
"0069f575ec24","ホンダ","N-BOX・N-BOXカスタム","Refinad","シリーズ名の記載なし","seatcover","2","H0056-13","none","car_mismatch","unverified","https://seatcover.jp/c/honda/nbox",""
"75f7677b222e","ホンダ","N-BOX・N-BOXカスタム","Refinad","Leather Deluxe Series","seatcover","4","H0056-13","none","car_mismatch","verified_product_page","https://seatcover.jp/c/honda/nbox/refinad-dx00056",""
"9744f67bad19","ホンダ","N-BOX・N-BOXカスタム","Refinad","Alcantara Series","seatcover","3","H0056-09","none","car_mismatch","verified_product_page","https://seatcover.jp/c/honda/nbox/refinad-al00056",""
"095477a4373f","ホンダ","N-BOX・N-BOXカスタム","Refinad","Leather Series","seatcover","5","H0056-09","none","car_mismatch","verified_product_page","https://seatcover.jp/c/honda/nbox/refinad-00056",""
"613c9c73a1cc","ホンダ","N-BOX・N-BOXカスタム","Refinad","Alcantara Series","seatcover","3","H0056-09","none","car_mismatch","verified_product_page","https://seatcover.jp/c/honda/nbox/refinad-al00056",""
"32739701d109","ホンダ","N-BOX・N-BOXカスタム","Refinad","Leather Series","seatcover","3","H0056-06","none","car_mismatch","verified_product_page","https://seatcover.jp/c/honda/nbox/refinad-00056",""
"dd34a828fc4a","ホンダ","N-BOX・N-BOXカスタム","Refinad","Leather Series","seatcover","3","H0056-09","none","car_mismatch","verified_product_page","https://seatcover.jp/c/honda/nbox/refinad-00056",""
"28826e4bbd83","ホンダ","N-BOX・N-BOXカスタム","Refinad","Avant-Garde Series","seatcover","4","H0056-13","none","car_mismatch","verified_product_page","https://seatcover.jp/c/honda/nbox/refinad-ag00056",""
"057ddca4270f","ホンダ","N-BOX・N-BOXカスタム","Refinad","Leather Series","seatcover","1","H0056-09","none","car_mismatch","verified_product_page","https://seatcover.jp/c/honda/nbox/refinad-00056",""
"cb30ae9d7b43","ホンダ","N-BOX・N-BOXカスタム","Refinad","Custom Series","seatcover","2","H0056-13","none","car_mismatch","verified_product_page","https://seatcover.jp/c/honda/nbox/refinad-cs00056",""
"cb7af6a5743b","ホンダ","N-BOX・N-BOXカスタム","Refinad","Leather Deluxe Series","seatcover","2","H0056-13","none","car_mismatch","verified_product_page","https://seatcover.jp/c/honda/nbox/refinad-dx00056",""
"a7172911a05f","ホンダ","N-BOX・N-BOXカスタム","Refinad","Leather Series","seatcover","2","H0056-01","none","car_mismatch","verified_product_page","https://seatcover.jp/c/honda/nbox/refinad-00056",""
"b511140f1fd6","ホンダ","N-BOX・N-BOXカスタム","Refinad","Leather Series","seatcover","3","H0056-12","none","car_mismatch","verified_product_page","https://seatcover.jp/c/honda/nbox/refinad-00056",""
"339957063acd","ホンダ","N-BOX・N-BOXカスタム","Refinad","Leather Series","seatcover","2","H0056-08","none","car_mismatch","verified_product_page","https://seatcover.jp/c/honda/nbox/refinad-00056",""
"9687d809c30f","ホンダ","N-BOX・N-BOXカスタム","Refinad","Harmonious Leather Series","seatcover","2","H0056-13","none","car_mismatch","verified_product_page","https://seatcover.jp/c/honda/nbox/refinad-hs00056",""
"3a5f40111042","ホンダ","N-BOX・N-BOXカスタム","Refinad","Leather Deluxe Series","seatcover","2","H0056-09","none","car_mismatch","verified_product_page","https://seatcover.jp/c/honda/nbox/refinad-dx00056",""
"3c4162e2a51a","ホンダ","N-BOX・N-BOXカスタム","Refinad","Leather Series","seatcover","3","H0056-08","none","car_mismatch","verified_product_page","https://seatcover.jp/c/honda/nbox/refinad-00056",""
"520942f97af9","ホンダ","N-BOX・N-BOXカスタム","Refinad","Quilt Series","seatcover","2","H0056-09","none","car_mismatch","verified_product_page","https://seatcover.jp/c/honda/nbox/refinad-qs00056",""
"556c18a6138a","ホンダ","N-BOX・N-BOXカスタム","Refinad","Quilt Series","seatcover","4","H0056-09","none","car_mismatch","verified_product_page","https://seatcover.jp/c/honda/nbox/refinad-qs00056",""
"b16af747567b","ホンダ","N-BOX・N-BOXカスタム","Refinad","Leather Series","seatcover","3","H0056-09","none","car_mismatch","verified_product_page","https://seatcover.jp/c/honda/nbox/refinad-00056",""
"213c08221df9","ホンダ","N-BOX・N-BOXカスタム","Refinad","Leather Series","seatcover","3","H0056-01","none","car_mismatch","verified_product_page","https://seatcover.jp/c/honda/nbox/refinad-00056",""
"d67461dbec69","ホンダ","N-BOX・N-BOXカスタム","Refinad","Leather Series","seatcover","5","H0056-13","none","car_mismatch","verified_product_page","https://seatcover.jp/c/honda/nbox/refinad-00056",""
"f25c5e59e538","ホンダ","N-BOX・N-BOXカスタム","Sandii","オールドカヌレ","seatcover","4","H0056-14","none","car_mismatch","verified_product_page","https://seatcover.jp/c/honda/nbox/sandii-oc00056",""
"cc3cb4497bd1","ホンダ","N-ONE","Sandii","デニムロール","seatcover","4","H0060-03","matched","matched","verified_product_page","https://seatcover.jp/c/honda/none/sandii-dr00060",""
"6875bfe1b0b6","ホンダ","N-ONE","Sandii","マカロン","seatcover","5","H0060-03","matched","matched","verified_product_page","https://seatcover.jp/c/honda/none/sandii-mc00060",""
"09bbf578d471","ホンダ","N-ONE","Sandii","エクレア","seatcover","5","H0060-03","matched","matched","verified_product_page","https://seatcover.jp/c/honda/none/sandii-ec00060",""
"32e20e81733d","ホンダ","N-ONE","Sandii","ワッフル","seatcover","3","H0060-03","matched","matched","verified_product_page","https://seatcover.jp/c/honda/none/sandii-wf00060",""
"6f036046995a","ホンダ","N-ONE","Sandii","デニムサンド","seatcover","3","H0060-03","matched","matched","verified_product_page","https://seatcover.jp/c/honda/none/sandii-ds00060",""
"88b4fa0e3cfe","ホンダ","N-ONE","Sandii","ワッフル","seatcover","4","H0060-03","matched","matched","verified_product_page","https://seatcover.jp/c/honda/none/sandii-wf00060",""
"d451af86a414","ホンダ","N-ONE","Sandii","マカロン","seatcover","4","H0060-03","matched","matched","verified_product_page","https://seatcover.jp/c/honda/none/sandii-mc00060",""
"d53a706957c3","ホンダ","N-ONE","Refinad","Leather Series","seatcover","5","H0060-03","matched","matched","verified_product_page","https://seatcover.jp/c/honda/none/refinad-00060",""
"55b37e430257","ホンダ","N-ONE","Refinad","Leather Series","seatcover","4","H0060-03","matched","matched","verified_product_page","https://seatcover.jp/c/honda/none/refinad-00060",""
"cb46678a3451","ホンダ","N-ONE","Refinad","Leather Series","seatcover","3","H0060-03","matched","matched","verified_product_page","https://seatcover.jp/c/honda/none/refinad-00060",""
"f5a5b7a54adc","ホンダ","N-ONE","Refinad","Leather Series","seatcover","4","H0060-03","matched","matched","verified_product_page","https://seatcover.jp/c/honda/none/refinad-00060",""
"40f32ba6f7b6","ホンダ","N-ONE","Refinad","Leather Series","seatcover","4","H0060-03","matched","matched","verified_product_page","https://seatcover.jp/c/honda/none/refinad-00060",""
"71a40b06ea54","ホンダ","N-ONE","Refinad","Custom Series","seatcover","4","H0060-03","matched","matched","verified_product_page","https://seatcover.jp/c/honda/none/refinad-cs00060",""
"168271fc97e3","ホンダ","N-ONE","Refinad","Leather Series","seatcover","5","H0060-03","matched","matched","verified_product_page","https://seatcover.jp/c/honda/none/refinad-00060",""
"28a40b21b7e2","ホンダ","N-ONE","Refinad","Leather Series","seatcover","4","H0060-03","matched","matched","verified_product_page","https://seatcover.jp/c/honda/none/refinad-00060",""
"6c2185b50b63","ホンダ","N-ONE","Refinad","Alcantara Series","seatcover","4","H0060-03","matched","matched","verified_product_page","https://seatcover.jp/c/honda/none/refinad-al00060",""
"fcd8731d0ee1","ホンダ","N-ONE","Refinad","Leather Deluxe Series","seatcover","5","H0060-01","matched","matched","verified_product_page","https://seatcover.jp/c/honda/none/refinad-dx00060",""
"f99d743c35fc","ホンダ","N-ONE","Refinad","Leather Series","seatcover","4","H0060-03","matched","matched","verified_product_page","https://seatcover.jp/c/honda/none/refinad-00060",""
"9800b090e243","ホンダ","N-ONE","Refinad","Quilt Series","seatcover","2","H0060-01","matched","matched","verified_product_page","https://seatcover.jp/c/honda/none/refinad-qs00060",""
"658578cc723f","ホンダ","N-ONE","Refinad","Leather Deluxe Series","seatcover","3","H0060-01","matched","matched","verified_product_page","https://seatcover.jp/c/honda/none/refinad-dx00060",""
"5af7619fc6cd","ホンダ","N-VAN","Sandii","デニムロール","seatcover","5","H0520-01","matched","matched","verified_product_page","https://seatcover.jp/c/honda/nvan/sandii-dr00520",""
"5a41843119d6","ホンダ","N-VAN","Sandii","ワッフル","seatcover","2","H0520-01","matched","matched","verified_product_page","https://seatcover.jp/c/honda/nvan/sandii-wf00520",""
"8f63611b99c6","ホンダ","N-VAN","Sandii","エクレア","seatcover","5","H0520-01","matched","matched","verified_product_page","https://seatcover.jp/c/honda/nvan/sandii-ec00520",""
"3791ae4baf3d","ホンダ","N-VAN","Sandii","ビスキュイ","seatcover","3","H0520-01","matched","matched","verified_product_page","https://seatcover.jp/c/honda/nvan/sandii-bc00520",""
"0f563fd65725","ホンダ","N-VAN","Sandii","デニムサンド","seatcover","3","H0520-01","matched","matched","verified_product_page","https://seatcover.jp/c/honda/nvan/sandii-ds00520",""
"01a41b1c1117","ホンダ","N-VAN","Sandii","エクレア","seatcover","4","H0520-01","matched","matched","verified_product_page","https://seatcover.jp/c/honda/nvan/sandii-ec00520",""
"fa8a50591ba4","ホンダ","N-VAN","Sandii","マカロン","seatcover","4","H0520-01","matched","matched","verified_product_page","https://seatcover.jp/c/honda/nvan/sandii-mc00520",""
"9844de1f6a3c","ホンダ","N-VAN","Sandii","オールドカヌレ","seatcover","3","H0520-01","matched","matched","verified_product_page","https://seatcover.jp/c/honda/nvan/sandii-oc00520",""
"cafb575ba02f","ホンダ","N-VAN","Sandii","コロール","seatcover","5","H0520-01","matched","matched","verified_product_page","https://seatcover.jp/c/honda/nvan/sandii-00520",""
"bd9b1ddcc444","ホンダ","N-VAN","Sandii","デニムサンド","seatcover","3","H0520-01","matched","matched","verified_product_page","https://seatcover.jp/c/honda/nvan/sandii-ds00520",""
"92897ed8f95e","ホンダ","N-VAN","Sandii","カヌレ","seatcover","3","H0520-01","matched","matched","verified_product_page","https://seatcover.jp/c/honda/nvan/sandii-cn00520",""
"cc71ba110bbc","ホンダ","N-VAN","Sandii","カヌレ","seatcover","3","H0520-01","matched","matched","verified_product_page","https://seatcover.jp/c/honda/nvan/sandii-cn00520",""
"a19f7015ff57","ホンダ","N-VAN","Sandii","カヌレ","seatcover","4","H0520-01","matched","matched","verified_product_page","https://seatcover.jp/c/honda/nvan/sandii-cn00520",""
"893e37f3cde8","ホンダ","N-VAN","Sandii","オールドカヌレ","seatcover","3","H0520-01","matched","matched","verified_product_page","https://seatcover.jp/c/honda/nvan/sandii-oc00520",""
"27fa28fc9f7f","ホンダ","N-VAN","Sandii","デニムサンド","seatcover","2","H0520-01","matched","matched","verified_product_page","https://seatcover.jp/c/honda/nvan/sandii-ds00520",""
"5adf4fd25265","ホンダ","N-VAN","Sandii","マカロン","seatcover","1","H0520-01","matched","matched","verified_product_page","https://seatcover.jp/c/honda/nvan/sandii-mc00520",""
"2a9c89c3c7bb","ホンダ","N-VAN","Sandii","カヌレ","seatcover","4","H0520-01","matched","matched","verified_product_page","https://seatcover.jp/c/honda/nvan/sandii-cn00520",""
"7185047e4822","ホンダ","N-VAN","Sandii","マカロン","seatcover","3","H0520-01","matched","matched","verified_product_page","https://seatcover.jp/c/honda/nvan/sandii-mc00520",""
"fd1ada2c91e7","ホンダ","N-VAN","Sandii","ワッフル","seatcover","3","H0520-01","matched","matched","verified_product_page","https://seatcover.jp/c/honda/nvan/sandii-wf00520",""
"f0f18ff0df59","ホンダ","N-VAN","Sandii","デニムサンド","seatcover","3","H0520-01","matched","matched","verified_product_page","https://seatcover.jp/c/honda/nvan/sandii-ds00520",""
"e61ba18f296a","ホンダ","N-VAN","Sandii","カヌレ","seatcover","3","H0520-03","matched","matched","verified_product_page","https://seatcover.jp/c/honda/nvan/sandii-cn00520",""
"a6eb6501f3b5","ホンダ","N-VAN","Sandii","ビスキュイ","seatcover","3","H0520-01","matched","matched","verified_product_page","https://seatcover.jp/c/honda/nvan/sandii-bc00520",""
"24d4b5263a79","ホンダ","N-VAN","Sandii","カヌレ","seatcover","3","H0520-01","matched","matched","verified_product_page","https://seatcover.jp/c/honda/nvan/sandii-cn00520",""
"0fb7f4048ce6","ホンダ","N-VAN","Sandii","マカロン","seatcover","3","H0520-01","matched","matched","verified_product_page","https://seatcover.jp/c/honda/nvan/sandii-mc00520",""
"14eb70d245a0","ホンダ","N-VAN","Refinad","Leather Series","seatcover","3","H0520-01","matched","matched","verified_product_page","https://seatcover.jp/c/honda/nvan/refinad-00520",""
"01ddbed7a320","ホンダ","N-VAN","Refinad","Leather Deluxe Series","seatcover","5","N0106-04","none","car_mismatch","no_direct_candidate","https://seatcover.jp/c/honda/nvan",""
"e154b73d9644","ホンダ","N-VAN","Refinad","Quilt Series","seatcover","3","H0520-01","matched","matched","verified_product_page","https://seatcover.jp/c/honda/nvan/refinad-qs00520",""
"53d8e1003885","ホンダ","N-VAN","Refinad","Alcantara Series","seatcover","3","H0520-01","matched","matched","verified_product_page","https://seatcover.jp/c/honda/nvan/refinad-al00520",""
"d8361208bc57","ホンダ","N-VAN","Refinad","Harmonious Leather Series","seatcover","5","H0520-01","matched","matched","verified_product_page","https://seatcover.jp/c/honda/nvan/refinad-hs00520",""
"a0fb6dfd4010","ホンダ","N-WGN","Sandii","デニムサンド","seatcover","4","H0375-03","matched","matched","verified_product_page","https://seatcover.jp/c/honda/nwgn/sandii-ds00375",""
"0ab2a4448580","ホンダ","N-WGN","Sandii","マカロン","seatcover","4","H0375-03","matched","matched","verified_product_page","https://seatcover.jp/c/honda/nwgn/sandii-mc00375",""
"32649817f212","ホンダ","N-WGN","Sandii","マカロン","seatcover","4","H0375-03","matched","matched","verified_product_page","https://seatcover.jp/c/honda/nwgn/sandii-mc00375",""
"75c0416075fd","ホンダ","N-WGN","Sandii","デニムサンド","seatcover","3","H0375-03","matched","matched","verified_product_page","https://seatcover.jp/c/honda/nwgn/sandii-ds00375",""
"1340d2ec817d","ホンダ","N-WGN","Sandii","カヌレ","seatcover","3","H0375-03","matched","matched","verified_product_page","https://seatcover.jp/c/honda/nwgn/sandii-cn00375",""
"c0f7593666d0","ホンダ","N-WGN","Refinad","Leather Series","seatcover","3","H0375-03","matched","matched","verified_product_page","https://seatcover.jp/c/honda/nwgn/refinad-00375",""
"b0c8be6efbde","ホンダ","N-WGN","Refinad","Custom Series","seatcover","3","H0375-03","matched","matched","verified_product_page","https://seatcover.jp/c/honda/nwgn/refinad-cs00375",""
"4d8a44f61224","ホンダ","N-WGN","Refinad","Quilt Series","seatcover","3","H0375-03","matched","matched","verified_product_page","https://seatcover.jp/c/honda/nwgn/refinad-qs00375",""
"ac9b53de43f5","ホンダ","S660","Sandii","ワッフル","seatcover","2","H0375-01","none","car_mismatch","unverified","https://seatcover.jp/f/match_renewal",""
"19dee60db16b","ホンダ","S660","Refinad","Leather Deluxe Series","seatcover","2","H0354-01","matched","matched","verified_product_page","https://seatcover.jp/c/honda/s660/refinad-dx00354",""
"d1c1cb63efcd","ホンダ","S660","Refinad","Leather Series","seatcover","3","H0354-01","matched","matched","verified_product_page","https://seatcover.jp/c/honda/s660/refinad-00354",""
"82ab520edf70","ホンダ","S660","Refinad","Custom Series","seatcover","2","H0354-01","matched","matched","verified_product_page","https://seatcover.jp/c/seatcovermaker/refinad/refinad-custom/refinad-cs00354",""
"45a195316888","ホンダ","S660","Refinad","Leather Series","seatcover","3","H0354-01","matched","matched","verified_product_page","https://seatcover.jp/c/honda/s660/refinad-00354",""
"d21d9572debd","ホンダ","S660","Refinad","Alcantara Series","seatcover","2","R","none","no_code_match","unverified","https://seatcover.jp/f/match_renewal",""
"59485755277d","ホンダ","S660","Refinad","Custom Series","seatcover","3","H0354-01","matched","matched","verified_product_page","https://seatcover.jp/c/seatcovermaker/refinad/refinad-custom/refinad-cs00354",""
"a2725d07cb0e","ホンダ","S660","Refinad","Alcantara Series","seatcover","2","H0354-01","matched","matched","verified_product_page","https://seatcover.jp/c/honda/s660/refinad-al00354",""
"578b84df61c6","ホンダ","S660","Refinad","Harmonious Leather Series","seatcover","2","H0354-01","matched","matched","verified_product_page","https://seatcover.jp/c/honda/s660/refinad-hs00354",""
"234049672cbf","ホンダ","S660","Refinad","Harmonious Leather Series","seatcover","3","H0354-01","matched","matched","verified_product_page","https://seatcover.jp/c/honda/s660/refinad-hs00354",""
"569d823dc904","ホンダ","S660","Refinad","Alcantara Series","seatcover","3","H0354-01","matched","matched","verified_product_page","https://seatcover.jp/c/honda/s660/refinad-al00354",""
"795f959a750e","ホンダ","S660","Refinad","Avant-Garde Series","seatcover","3","H0354-01","matched","matched","verified_product_page","https://seatcover.jp/c/seatcovermaker/refinad/refinad-avantgarde/refinad-ag00354",""
"ffb21331a593","ホンダ","S660","Refinad","Custom Series","seatcover","2","H0354-01","matched","matched","verified_product_page","https://seatcover.jp/c/seatcovermaker/refinad/refinad-custom/refinad-cs00354",""
"5b0e9b492e59","ホンダ","S660","Refinad","Leather Series","seatcover","3","H0354-01","matched","matched","verified_product_page","https://seatcover.jp/c/honda/s660/refinad-00354",""
"d32c04a5991d","ホンダ","S660","Refinad","Harmonious Leather Series","seatcover","2","H0354-01","matched","matched","verified_product_page","https://seatcover.jp/c/honda/s660/refinad-hs00354",""
"0ddde17cd5cf","ホンダ","S660","Refinad","Leather Deluxe Series","seatcover","3","H0354-01","matched","matched","verified_product_page","https://seatcover.jp/c/honda/s660/refinad-dx00354",""
"b250fb8e3aa4","ホンダ","S660","Refinad","Harmonious Leather Series","seatcover","5","H0354-01","matched","matched","verified_product_page","https://seatcover.jp/c/honda/s660/refinad-hs00354",""
"640ff6869fc5","マツダ","CX-30","Refinad","Harmonious Leather Series","seatcover","4","MA0641-01","matched","matched","verified_product_page","https://seatcover.jp/c/mazda/cx30/refinad-hs00641",""
"05cdbe5bf72e","マツダ","CX-30","Refinad","Avant-Garde Series","seatcover","4","MA0641-02","matched","matched","verified_product_page","https://seatcover.jp/c/mazda/cx30/refinad-ag00641",""
"4ccb32988335","マツダ","CX-60","Refinad","Harmonious Leather Series","seatcover","2","MA0622-02","matched","matched","verified_product_page","https://seatcover.jp/c/seatcovermaker/refinad/refinad-harmonious/refinad-hs00622",""
"b3d29d7218fa","マツダ","CX-60","Refinad","Custom Series","seatcover","3","MA0656-01","none","no_code_match","no_direct_candidate","https://seatcover.jp/c/mazda/cx60",""
"4938523a27fa","スバル","BRZ","Refinad","Leather Deluxe Series","seatcover","5","T0029-02","matched","matched","verified_product_page","https://seatcover.jp/c/subaru/brz/refinad-dx00177",""
"375e551546df","スバル","BRZ","Refinad","Custom Series","seatcover","2","T0029-02","matched","matched","verified_product_page","https://seatcover.jp/c/subaru/brz/refinad-cs00177",""
"2539c016aecb","スバル","BRZ","Refinad","Leather Series","seatcover","2","T0029-02","matched","matched","verified_product_page","https://seatcover.jp/c/subaru/brz/refinad-00177",""
"5ecadc54d7dc","スバル","BRZ","Refinad","Leather Deluxe Series","seatcover","3","T0029-02","matched","matched","verified_product_page","https://seatcover.jp/c/subaru/brz/refinad-dx00177",""
"65810afbbda8","スバル","BRZ","Refinad","Leather Deluxe Series","seatcover","1","T0029-01","matched","matched","verified_product_page","https://seatcover.jp/c/subaru/brz/refinad-dx00177",""
"77651e6850c5","スバル","レックス","Sandii","マカロン","seatcover","6","D0522-01","none","car_mismatch","unverified","https://seatcover.jp/c/seatcovermaker/sandii/sandii-macaron",""
"da0052b7a931","トヨタ","C-HR","Sandii","コロール","seatcover","3","T0026-09","none","car_mismatch","no_direct_candidate","https://seatcover.jp/c/toyota/chr",""
"e7ee67ee6007","トヨタ","C-HR","Refinad","Leather Deluxe Series","seatcover","4","T0389-01","matched","matched","verified_product_page","https://seatcover.jp/c/toyota/chr/refinad-dx00389",""
"218458a14121","トヨタ","C-HR","Refinad","Quilt Series","seatcover","3","T0389-02","matched","matched","verified_product_page","https://seatcover.jp/c/toyota/chr/refinad-qs00389",""
"bcefad077a00","トヨタ","C-HR","Refinad","Harmonious Leather Series","seatcover","3","T0389-01","matched","matched","verified_product_page","https://seatcover.jp/c/toyota/chr/refinad-hs00389",""
"ec8d725098ba","トヨタ","C-HR","Refinad","Avant-Garde Series","seatcover","3","T0389-01","matched","matched","verified_product_page","https://seatcover.jp/c/toyota/chr/refinad-ag00389",""
"9f4d44f37b1b","トヨタ","C-HR","Refinad","Custom Series","seatcover","3","T0389-01","matched","matched","verified_product_page","https://seatcover.jp/c/toyota/chr/refinad-cs00389",""
"43ca998a98fe","トヨタ","C-HR","Refinad","Custom Series","seatcover","2","T0389-01","matched","matched","verified_product_page","https://seatcover.jp/c/toyota/chr/refinad-cs00389",""
"4d0d5d2d12c8","トヨタ","C-HR","Refinad","Custom Series","seatcover","2","T0389-01","matched","matched","verified_product_page","https://seatcover.jp/c/toyota/chr/refinad-cs00389",""
"2f1efc008732","トヨタ","C-HR","Refinad","Leather Deluxe Series","seatcover","2","T0389-01","matched","matched","verified_product_page","https://seatcover.jp/c/toyota/chr/refinad-dx00389",""
"7b6a042f3460","トヨタ","C-HR","Refinad","Leather Series","seatcover","3","T0389-01","matched","matched","verified_product_page","https://seatcover.jp/c/toyota/chr/refinad-00389",""
"243e70c818dc","トヨタ","C-HR","Refinad","Alcantara Series","seatcover","6","T0389-02","matched","matched","verified_product_page","https://seatcover.jp/c/toyota/chr/refinad-al00389",""
"ed514192fbc8","トヨタ","C-HR","Refinad","Leather Deluxe Series","seatcover","3","T0389-01","matched","matched","verified_product_page","https://seatcover.jp/c/toyota/chr/refinad-dx00389",""
"e686e48c1493","トヨタ","SAI","Sandii","デニムサンド","seatcover","3","T0021-02","matched","matched","verified_product_page","https://seatcover.jp/c/toyota/sai/sandii-ds00021",""
"69053c2cc165","トヨタ","SAI","Refinad","Custom Series","seatcover","4","T0021-02","matched","matched","verified_product_page","https://seatcover.jp/c/toyota/sai/refinad-cs00021",""
"00bb17996fa6","トヨタ","SAI","Refinad","Harmonious Leather Series","seatcover","3","T0021-02","matched","matched","verified_product_page","https://seatcover.jp/c/toyota/sai/refinad-hs00021",""
"3e5286e944ad","トヨタ","SAI","Refinad","Harmonious Leather Series","seatcover","4","T0021-02","matched","matched","verified_product_page","https://seatcover.jp/c/toyota/sai/refinad-hs00021",""
"99f50174f534","トヨタ","SAI","Refinad","Leather Series","seatcover","2","T0021-02","matched","matched","verified_product_page","https://seatcover.jp/c/toyota/sai/refinad-00021",""
"ecd3f54e07a4","トヨタ","SAI","Refinad","Harmonious Leather Series","seatcover","5","T0021-02","matched","matched","verified_product_page","https://seatcover.jp/c/toyota/sai/refinad-hs00021",""
"29f32f8903e6","アウディ","AUDIA1","Dotty","LUXUR-ALCANTARA","seatcover","4","","none","no_code","no_direct_candidate","https://seatcover.jp/c/audi/audia1",""
"248e988d1ded","アウディ","A3スポーツバック","Refinad","Leather Series","seatcover","4","AU0193-02","none","car_mismatch","verified_product_page","https://seatcover.jp/c/audi/audia3/refinad-00193",""
"1c762284b433","アウディ","アウディA4","Refinad","Quilt Series","seatcover","4","AU0192-01","none","car_mismatch","verified_product_page","https://seatcover.jp/c/audi/audia4/refinad-qs00192",""
"40f4c1f4b74b","アウディ","TT","Refinad","Harmonious Leather Series","seatcover","2","AU0200-01","none","car_mismatch","verified_product_page","https://seatcover.jp/c/audi/auditt/refinad-hs00200",""
"273437962a78","アウディ","TT","Refinad","Custom Series","seatcover","2","AU0200-01","none","car_mismatch","verified_product_page","https://seatcover.jp/c/audi/auditt/refinad-cs00200",""
"cb2a1b8ac59c","アウディ","TT","Refinad","Leather Series","seatcover","4","AU0200-01","none","car_mismatch","verified_product_page","https://seatcover.jp/c/seatcovermaker/refinad/refinad-leather/refinad-00200",""
"d83e3ce10702","アウディ","TT","Refinad","Avant-Garde Series","seatcover","3","AU0200-01","none","car_mismatch","verified_product_page","https://seatcover.jp/c/audi/auditt/refinad-ag00200",""
"faf6347033d6","アウディ","TT","Refinad","Custom Series","seatcover","3","AU0200-01","none","car_mismatch","verified_product_page","https://seatcover.jp/c/audi/auditt/refinad-cs00200",""
"88a1bc3957ff","アウディ","TT","Refinad","Leather Deluxe Series","seatcover","4","AU0200-01","none","car_mismatch","verified_product_page","https://seatcover.jp/c/seatcovermaker/refinad/refinad-leatherdx/refinad-dx00200",""
"ea5470899f1a","BMW","BMW 3シリーズ","Refinad","Leather Series","seatcover","6","BM0189-15","matched","matched","verified_product_page","https://seatcover.jp/c/bmw/bmw3series/refinad-00189",""
"27f2ab1c670e","フィアット","デュカト","Refinad","Astraea Series","seatcover","2","FA0629-01","matched","matched","verified_product_page","https://seatcover.jp/c/fiat/ducato/refinad-as00629",""
"6eac6fb5dc79","ホンダ","フリード","Sandii","マカロン","seatcover","4","H0211-09","matched","matched","verified_product_page","https://seatcover.jp/c/seatcovermaker/sandii/sandii-macaron/sandii-mc00211",""
"1d647692a7ce","ホンダ","フリード","Sandii","デニムロール","seatcover","2","H0211-09","matched","matched","verified_product_page","https://seatcover.jp/c/seatcovermaker/sandii/denimroll/sandii-dr00211",""
"aaca79f42f97","ホンダ","フリード","Sandii","エクレア","seatcover","2","H0211-09","matched","matched","unverified","https://seatcover.jp/f/match_renewal",""
"513079291ce8","ホンダ","フリード","Sandii","シリーズ名の記載なし","seatcover","2","H0073-02","none","car_mismatch","no_direct_candidate","https://seatcover.jp/c/honda/freed",""
"c2477bfac558","ホンダ","フリード","Sandii","カヌレ","seatcover","3","H0211-09","matched","matched","verified_product_page","https://seatcover.jp/c/seatcovermaker/sandii/sandii-canele/sandii-cn00211",""
"39c31eb20af7","ホンダ","フリード","Sandii","マカロン","seatcover","3","H0211-08","matched","matched","verified_product_page","https://seatcover.jp/c/seatcovermaker/sandii/sandii-macaron/sandii-mc00211",""
"09f5824f23c1","ホンダ","フリード","Refinad","Harmonious Leather Series","seatcover","5","H0211-09","matched","matched","verified_product_page","https://seatcover.jp/c/honda/freed/refinad-hs00211",""
"be533cf52be5","ホンダ","フリード","Refinad","Leather Series","seatcover","4","H0211-07","matched","matched","unverified","https://seatcover.jp/f/match_renewal",""
"acd121774cae","ホンダ","フリード","Refinad","Leather Series","seatcover","5","H0211-07","matched","matched","unverified","https://seatcover.jp/f/match_renewal",""
"201ab075d789","ホンダ","フリード","Refinad","Leather Series","seatcover","2","H0211-09","matched","matched","unverified","https://seatcover.jp/f/match_renewal",""
"2d69ae748e02","ホンダ","フリード","Refinad","Leather Deluxe Series","seatcover","3","H0211-08","matched","matched","verified_product_page","https://seatcover.jp/c/honda/freed/refinad-dx00211",""
"3f838609564f","ホンダ","フリード","Refinad","Leather Series","seatcover","3","H0211-08","matched","matched","unverified","https://seatcover.jp/f/match_renewal",""
"84254a264a18","ホンダ","フリード","Refinad","Harmonious Leather Series","seatcover","3","H0211-09","matched","matched","verified_product_page","https://seatcover.jp/c/honda/freed/refinad-hs00211",""
"82fbcd85ef74","ホンダ","フリード","Refinad","Leather Deluxe Series","seatcover","2","H0211-09","matched","matched","verified_product_page","https://seatcover.jp/c/honda/freed/refinad-dx00211",""
"ba2c39d06c79","ホンダ","NｰONE","Refinad","Leather Deluxe Series","seatcover","3","H0060-01","none","car_mismatch","verified_product_page","https://seatcover.jp/c/honda/none/refinad-dx00060",""
"95a82a2c319b","ホンダ","バモス","Sandii","オールドカヌレ","seatcover","4","H0073-02","matched","matched","verified_product_page","https://seatcover.jp/c/seatcovermaker/sandii/sandii-oldcanele/sandii-oc00073",""
"1ad9f5c86e98","ホンダ","バモス","Sandii","オールドカヌレ","seatcover","1","H0073-02","matched","matched","verified_product_page","https://seatcover.jp/c/seatcovermaker/sandii/sandii-oldcanele/sandii-oc00073",""
"88d9d074dce7","ホンダ","バモス","Sandii","マカロン","seatcover","3","H0073-02","matched","matched","verified_product_page","https://seatcover.jp/c/seatcovermaker/sandii/sandii-macaron/sandii-mc00073",""
"1bad34ef3464","ホンダ","バモス","Refinad","Leather Series","seatcover","4","H0073-03","matched","matched","verified_product_page","https://seatcover.jp/c/seatcovermaker/refinad/refinad-leather/refinad-00073",""
"2ba84a772160","ホンダ","VEZEL","Refinad","Leather Deluxe Series","seatcover","4","H0357-03","none","car_mismatch","verified_product_page","https://seatcover.jp/c/honda/vezel/refinad-dx00357",""
"b16aef22cfae","マツダ","アクセラ","Refinad","Leather Deluxe Series","seatcover","2","MA0385-03","none","car_mismatch","verified_product_page","https://seatcover.jp/c/seatcovermaker/refinad/refinad-leatherdx/refinad-dx00385",""
"ab4087e8113e","マツダ","アクセラ","Refinad","Leather Deluxe Series","seatcover","2","MA0385-03","none","car_mismatch","verified_product_page","https://seatcover.jp/c/seatcovermaker/refinad/refinad-leatherdx/refinad-dx00385",""
"fd2607ef6a79","マツダ","デミオ","Refinad","Leather Deluxe Series","seatcover","3","MA0150-04","matched","matched","verified_product_page","https://seatcover.jp/c/mazda/demio/refinad-dx00150",""
"d66dc3412049","マツダ","デミオ","Refinad","Leather Series","seatcover","5","MA0150-04","matched","matched","verified_product_page","https://seatcover.jp/c/mazda/demio/refinad-00150",""
"2ecca3507f44","マツダ","フレア","Refinad","Leather Series","seatcover","3","MA0151-02","none","car_mismatch","unverified","https://seatcover.jp/f/match_renewal",""
"269448ffd044","日産","ノートオーラ","Refinad","Harmonious Leather Series","seatcover","4","N0616-02","matched","matched","verified_product_page","https://seatcover.jp/c/nissan/aura/refinad-hs00616",""
"8435e330358a","日産","ノートオーラ","Refinad","Avant-Garde Series","seatcover","4","N0616-01","matched","matched","verified_product_page","https://seatcover.jp/c/seatcovermaker/refinad/refinad-avantgarde/refinad-ag00616",""
"cc709d1e9567","日産","ノートオーラ","Refinad","Avant-Garde Series","seatcover","3","N0616-01","matched","matched","verified_product_page","https://seatcover.jp/c/seatcovermaker/refinad/refinad-avantgarde/refinad-ag00616",""
"4261109d543c","日産","キューブ","Sandii","マカロン","seatcover","5","N0094-05","matched","matched","verified_product_page","https://seatcover.jp/c/nissan/cube/sandii-mc00094",""
"b197441dd86c","日産","キューブ","Sandii","カヌレグラッセ","seatcover","2","N0094-05","matched","matched","verified_product_page","https://seatcover.jp/c/seatcovermaker/sandii/sandii-canelegrace/sandii-cg00094",""
"5d52c4307ed3","日産","キューブ","Sandii","コロール","seatcover","3","N0094-05","matched","matched","no_direct_candidate","https://seatcover.jp/c/nissan/cube",""
"74ce04b37b8c","日産","キューブ","Sandii","マカロン","seatcover","3","N0094-06","matched","matched","verified_product_page","https://seatcover.jp/c/nissan/cube/sandii-mc00094",""
"78f4fb8282d3","日産","キューブ","Sandii","デニムサンド","seatcover","4","N0094-05","matched","matched","verified_product_page","https://seatcover.jp/c/nissan/cube/sandii-ds00094",""
"a1863f8c4cfa","日産","キューブ","Sandii","カヌレ","seatcover","3","N0094-05","matched","matched","verified_product_page","https://seatcover.jp/c/nissan/cube/sandii-cn00094",""
"f946713eded8","日産","キューブ","Sandii","マカロン","seatcover","2","N0094-05","matched","matched","verified_product_page","https://seatcover.jp/c/nissan/cube/sandii-mc00094",""
"01e1ef14ae81","日産","キューブ","Sandii","マカロン","seatcover","2","N0094-06","matched","matched","verified_product_page","https://seatcover.jp/c/nissan/cube/sandii-mc00094",""
"6ff691db2900","日産","キューブ","Sandii","カヌレ","seatcover","2","N0094-05","matched","matched","verified_product_page","https://seatcover.jp/c/nissan/cube/sandii-cn00094",""
"f285b88be520","日産","キューブ","Sandii","カヌレ","seatcover","4","N0094-05","matched","matched","verified_product_page","https://seatcover.jp/c/nissan/cube/sandii-cn00094",""
"3723b88875da","日産","キューブ","Sandii","カヌレ","seatcover","3","N0094-05","matched","matched","verified_product_page","https://seatcover.jp/c/nissan/cube/sandii-cn00094",""
"606539e0802a","日産","キューブ","Sandii","マカロン","seatcover","2","N0094-05","matched","matched","verified_product_page","https://seatcover.jp/c/nissan/cube/sandii-mc00094",""
"f7a9243179e4","日産","キューブ","Sandii","マカロン","seatcover","5","N0094-05","matched","matched","verified_product_page","https://seatcover.jp/c/nissan/cube/sandii-mc00094",""
"2e945c36b9ce","日産","キューブ","Refinad","Quilt Series","seatcover","4","N0094-04","matched","matched","verified_product_page","https://seatcover.jp/c/seatcovermaker/refinad/refinad-quilt/refinad-qs00094",""
"31e6d51b7d4f","日産","キューブ","Refinad","Harmonious Leather Series","seatcover","3","N0094-04","matched","matched","verified_product_page","https://seatcover.jp/c/nissan/cube/refinad-hs00094",""
"59a755160844","日産","デイズ","Sandii","マカロン","seatcover","5","MI0373-02","matched","matched","verified_product_page","https://seatcover.jp/c/nissan/dayz/sandii-mc00377",""
"f76c8b0756a3","日産","デイズ","Sandii","ワッフル","seatcover","4","MI0373-03","matched","matched","verified_product_page","https://seatcover.jp/c/nissan/dayz/sandii-wf00377",""
"1cd6d681d8b8","日産","デイズ","Sandii","デニムサンド","seatcover","3","MI0373-03","matched","matched","verified_product_page","https://seatcover.jp/c/seatcovermaker/sandii/denimsand/sandii-ds00377",""
"c45d00c7c478","日産","デイズ","Sandii","ワッフル","seatcover","3","MI0373-02","matched","matched","verified_product_page","https://seatcover.jp/c/nissan/dayz/sandii-wf00377",""
"4f1534cd65b1","日産","デイズ","Sandii","コロール","seatcover","3","N0097-20","none","car_mismatch","no_direct_candidate","https://seatcover.jp/c/nissan/dayz",""
"afa24513d8fd","日産","デイズ","Refinad","Leather Deluxe Series","seatcover","5","MI0373-03","matched","matched","verified_product_page","https://seatcover.jp/c/nissan/dayz/refinad-dx00377",""
"79e58eea4890","日産","デイズ","Refinad","Leather Deluxe Series","seatcover","3","MI0373-03","matched","matched","verified_product_page","https://seatcover.jp/c/nissan/dayz/refinad-dx00377",""
"1e310f46613c","日産","デイズ","Refinad","Leather Deluxe Series","seatcover","2","MI0373-03","matched","matched","verified_product_page","https://seatcover.jp/c/nissan/dayz/refinad-dx00377",""
"c3b85f03b6fc","日産","デイズ","Refinad","Leather Series","seatcover","5","MI0373-03","matched","matched","verified_product_page","https://seatcover.jp/c/seatcovermaker/refinad/refinad-leather/refinad-00377",""
"e6737bc7717c","日産","デイズ","Refinad","Leather Deluxe Series","seatcover","2","MI0373-02","matched","matched","verified_product_page","https://seatcover.jp/c/nissan/dayz/refinad-dx00377",""
"934045793949","日産","デイズ","Refinad","Quilt Series","seatcover","3","MI0373-02","matched","matched","verified_product_page","https://seatcover.jp/c/seatcovermaker/refinad/refinad-quilt/refinad-qs00377",""
"873fe97a1530","日産","フーガ","Refinad","Alcantara Series","seatcover","3","NS1-30","matched","matched","verified_product_page","https://seatcover.jp/c/nissan/fuga/refinad-al00453",""
"485c2993794e","日産","ジューク","Dotty","DEP-SPYDER","seatcover","11","","none","no_code","no_direct_candidate","https://seatcover.jp/c/nissan/juke",""
"120891a62b6e","日産","ジューク","Dotty","DEP-V","seatcover","8","","none","no_code","no_direct_candidate","https://seatcover.jp/c/nissan/juke",""
"68e3c30a3338","日産","リーフ","Sandii","デニムサンド","seatcover","3","N0106-04","matched","matched","verified_product_page","https://seatcover.jp/c/nissan/leaf/sandii-ds00106",""
"5da3a05bfbd0","日産","リーフ","Refinad","Harmonious Leather Series","seatcover","2","N0106-03","matched","matched","verified_product_page","https://seatcover.jp/c/nissan/leaf/refinad-hs00106",""
"b174d1007dda","日産","リーフ","Refinad","Leather Deluxe Series","seatcover","4","N0106-04","matched","matched","verified_product_page","https://seatcover.jp/c/nissan/leaf/refinad-dx00106",""
"8133e0c1a98f","日産","リーフ","Refinad","Harmonious Leather Series","seatcover","3","N0106-04","matched","matched","verified_product_page","https://seatcover.jp/c/nissan/leaf/refinad-hs00106",""
"84b6f945dae0","日産","リーフ","Refinad","Leather Deluxe Series","seatcover","5","N0106-04","matched","matched","verified_product_page","https://seatcover.jp/c/nissan/leaf/refinad-dx00106",""
"85057c69db1f","日産","リーフ","Refinad","Leather Series","seatcover","3","N0106-04","matched","matched","verified_product_page","https://seatcover.jp/c/nissan/leaf/refinad-00106",""
"052d54574383","日産","リーフ","Refinad","Harmonious Leather Series","seatcover","3","N0106-04","matched","matched","verified_product_page","https://seatcover.jp/c/nissan/leaf/refinad-hs00106",""
"35e866bfa886","日産","リーフ","Refinad","Leather Series","seatcover","2","N0106-04","matched","matched","verified_product_page","https://seatcover.jp/c/nissan/leaf/refinad-00106",""
"485bbf97e1c3","日産","リーフ","Refinad","Custom Series","seatcover","2","N0106-03","matched","matched","verified_product_page","https://seatcover.jp/c/seatcovermaker/refinad/refinad-custom/refinad-cs00106",""
"dd1d5303f62b","日産","リーフ","Refinad","Alcantara Series","seatcover","2","N0106-04","matched","matched","verified_product_page","https://seatcover.jp/c/nissan/leaf/refinad-al00106",""
"7abb538ae592","日産","リーフ","Refinad","Custom Series","seatcover","2","N0106-03","matched","matched","verified_product_page","https://seatcover.jp/c/seatcovermaker/refinad/refinad-custom/refinad-cs00106",""
"60a852d19e6e","日産","リーフ","Refinad","Quilt Series","seatcover","3","N0106-04","matched","matched","verified_product_page","https://seatcover.jp/c/nissan/leaf/refinad-qs00106",""
"284eb4cd5a9a","日産","リーフ","Refinad","Harmonious Leather Series","seatcover","2","N0106-03","matched","matched","verified_product_page","https://seatcover.jp/c/nissan/leaf/refinad-hs00106",""
"8c9433cddbb2","日産","リーフ","Refinad","Alcantara Series","seatcover","3","N0106-03","matched","matched","verified_product_page","https://seatcover.jp/c/nissan/leaf/refinad-al00106",""
"0c2031b1a2f1","日産","リーフ","Refinad","Custom Series","seatcover","5","N0106-04","matched","matched","verified_product_page","https://seatcover.jp/c/seatcovermaker/refinad/refinad-custom/refinad-cs00106",""
"72eeb06dca32","日産","リーフ","Refinad","Leather Deluxe Series","seatcover","2","N0106-03","matched","matched","verified_product_page","https://seatcover.jp/c/nissan/leaf/refinad-dx00106",""
"657bc6765059","日産","リーフ","Refinad","Leather Series","seatcover","2","N0106-04","matched","matched","verified_product_page","https://seatcover.jp/c/nissan/leaf/refinad-00106",""
"7c2060769d40","日産","リーフ","Refinad","Leather Deluxe Series","seatcover","3","N0106-03","matched","matched","verified_product_page","https://seatcover.jp/c/nissan/leaf/refinad-dx00106",""
"517a0439751f","日産","モコ","Sandii","マカロン","seatcover","3","S0112-04","matched","matched","verified_product_page","https://seatcover.jp/c/nissan/moco/sandii-mc00104",""
"b1bed0d13bb2","日産","ノート","Sandii","デニムサンド","seatcover","2","N0099-11","matched","matched","verified_product_page","https://seatcover.jp/c/nissan/note/sandii-ds00099",""
"74db1aff24c7","日産","ノート","Refinad","Harmonious Leather Series","seatcover","4","N0099-07","matched","matched","verified_product_page","https://seatcover.jp/c/nissan/note/refinad-hs00099",""
"3f11ce960309","日産","ノート","Refinad","Harmonious Leather Series","seatcover","4","N0099-05","matched","matched","verified_product_page","https://seatcover.jp/c/nissan/note/refinad-hs00099",""
"732327a98a16","日産","ノート","Refinad","Leather Deluxe Series","seatcover","4","N0099-07","matched","matched","verified_product_page","https://seatcover.jp/c/nissan/note/refinad-dx00099",""
"a203fb03e562","日産","ノート","Refinad","Harmonious Leather Series","seatcover","4","N0099-07","matched","matched","verified_product_page","https://seatcover.jp/c/nissan/note/refinad-hs00099",""
"8d2d66d5a432","日産","ノート","Refinad","Leather Deluxe Series","seatcover","3","N0099-11","matched","matched","verified_product_page","https://seatcover.jp/c/nissan/note/refinad-dx00099",""
"2bbaa5a97dc6","日産","ノート","Refinad","Custom Series","seatcover","3","N0099-11","matched","matched","verified_product_page","https://seatcover.jp/c/seatcovermaker/refinad/refinad-custom/refinad-cs00099",""
"1ef3babeae28","日産","ノート","Refinad","Harmonious Leather Series","seatcover","4","N0099-11","matched","matched","verified_product_page","https://seatcover.jp/c/nissan/note/refinad-hs00099",""
"32e3efdef626","日産","ノート","Refinad","Harmonious Leather Series","seatcover","2","N0099-10","matched","matched","verified_product_page","https://seatcover.jp/c/nissan/note/refinad-hs00099",""
"c9ecbd848c46","日産","ノート","Refinad","Leather Deluxe Series","seatcover","2","N0099-07","matched","matched","verified_product_page","https://seatcover.jp/c/nissan/note/refinad-dx00099",""
"ca51bf49f3cb","日産","ノート","Refinad","Leather Series","seatcover","2","N0099-06","matched","matched","verified_product_page","https://seatcover.jp/c/nissan/note/refinad-00099",""
"6098d131d61f","日産","ノート","Refinad","Harmonious Leather Series","seatcover","2","N0099-05","matched","matched","verified_product_page","https://seatcover.jp/c/nissan/note/refinad-hs00099",""
"a23ed9202c2e","日産","ノート","Refinad","Leather Series","seatcover","2","N0099-07","matched","matched","verified_product_page","https://seatcover.jp/c/nissan/note/refinad-00099",""
"73423b3fd3a0","日産","ノート","Refinad","Harmonious Leather Series","seatcover","3","N0099-05","matched","matched","verified_product_page","https://seatcover.jp/c/nissan/note/refinad-hs00099",""
"df3b3b13fcc0","日産","ノート","Refinad","Leather Deluxe Series","seatcover","2","N0099-07","matched","matched","verified_product_page","https://seatcover.jp/c/nissan/note/refinad-dx00099",""
"e5051579d970","日産","ノート","Refinad","Leather Series","seatcover","2","N0099-03","matched","matched","verified_product_page","https://seatcover.jp/c/nissan/note/refinad-00099",""
"2b93bee85bf8","日産","ノート","Refinad","Leather Series","seatcover","2","N0099-07","matched","matched","verified_product_page","https://seatcover.jp/c/nissan/note/refinad-00099",""
"0c9c6a142e76","日産","ルークス","Sandii","マカロン","seatcover","5","MI0372-01","none","car_mismatch","unverified","https://seatcover.jp/f/match_renewal",""
"b04d368da42b","日産","ルークス","Sandii","ビスキュイ","seatcover","4","MI0372-03","matched","matched","verified_product_page","https://seatcover.jp/c/nissan/roox/sandii-bc00107",""
"4541df2a8d53","日産","ルークス","Sandii","マカロン","seatcover","3","MI0372-01","none","car_mismatch","unverified","https://seatcover.jp/f/match_renewal",""
"0bb21c656c0e","日産","ルークス","Sandii","エクレア","seatcover","4","MI0372-03","matched","matched","verified_product_page","https://seatcover.jp/c/nissan/roox/sandii-ec00107",""
"c86775d0903e","日産","ルークス","Sandii","デニムサンド","seatcover","3","MI0372-03","matched","matched","verified_product_page","https://seatcover.jp/c/seatcovermaker/sandii/denimsand/sandii-ds00107",""
"7e4c220d557d","日産","ルークス","Sandii","カヌレグラッセ","seatcover","3","MI0372-03","matched","matched","verified_product_page","https://seatcover.jp/c/nissan/roox/sandii-cg00107",""
"c8810b5ae1c2","日産","ルークス","Sandii","デニムサンド","seatcover","4","MI0372-03","matched","matched","verified_product_page","https://seatcover.jp/c/seatcovermaker/sandii/denimsand/sandii-ds00107",""
"cd023a0f9122","日産","ルークス","Sandii","ワッフル","seatcover","2","MI0372-01","none","car_mismatch","unverified","https://seatcover.jp/f/match_renewal",""
"d9e797c7145b","日産","ルークス","Sandii","マカロン","seatcover","2","MI0372-01","none","car_mismatch","unverified","https://seatcover.jp/f/match_renewal",""
"425c286ad067","日産","ルークス","Sandii","マカロン","seatcover","3","MI0372-01","none","car_mismatch","unverified","https://seatcover.jp/f/match_renewal",""
"27d6f3e88bb6","日産","ルークス","Refinad","Leather Deluxe Series","seatcover","4","MI0372-03","matched","matched","verified_product_page","https://seatcover.jp/c/nissan/roox/refinad-dx00107",""
"0a95b68aa758","日産","ルークス","Refinad","Leather Deluxe Series","seatcover","4","MI0372-03","matched","matched","verified_product_page","https://seatcover.jp/c/nissan/roox/refinad-dx00107",""
"ee7130cdd1a9","日産","ルークス","Refinad","Leather Deluxe Series","seatcover","2","MI0372-03","matched","matched","verified_product_page","https://seatcover.jp/c/nissan/roox/refinad-dx00107",""
"79d418731009","日産","ルークス","Refinad","Quilt Series","seatcover","2","MI0372-02","matched","matched","verified_product_page","https://seatcover.jp/c/nissan/roox/refinad-qs00107",""
"e09eba5ecbbf","スズキ","アルト","Sandii","シリーズ名の記載なし","seatcover","5","S0108-05","matched","matched","no_direct_candidate","https://seatcover.jp/c/suzuki/alto",""
"68dd1122baa2","スズキ","アルト","Sandii","カヌレグラッセ","seatcover","4","S0108-08","matched","matched","verified_product_page","https://seatcover.jp/c/suzuki/alto/sandii-cg00108",""
"5589c8f246f6","スズキ","アルト","Sandii","カヌレグラッセ","seatcover","3","S0108-08","matched","matched","verified_product_page","https://seatcover.jp/c/suzuki/alto/sandii-cg00108",""
"d2638adcef17","スズキ","アルト","Sandii","オールドカヌレ","seatcover","2","S0108-05","matched","matched","verified_product_page","https://seatcover.jp/c/suzuki/alto/sandii-oc00108",""
"2ae4cb8b9b8a","スズキ","アルト","Refinad","Leather Series","seatcover","5","S0108-05","matched","matched","verified_product_page","https://seatcover.jp/c/suzuki/alto/refinad-00108",""
"0faf63920cd3","スズキ","クロスビー","Sandii","マカロン","seatcover","5","S0493-01","matched","matched","verified_product_page","https://seatcover.jp/c/suzuki/xbee/sandii-mc00493",""
"68e12394ae6c","スズキ","クロスビー","Sandii","カヌレグラッセ","seatcover","4","S0493-01","matched","matched","verified_product_page","https://seatcover.jp/c/suzuki/xbee/sandii-cg00493",""
"e2a258bf3141","スズキ","クロスビー","Sandii","マカロン","seatcover","4","S0493-01","matched","matched","verified_product_page","https://seatcover.jp/c/suzuki/xbee/sandii-mc00493",""
"e4ea78a4bfcf","スズキ","クロスビー","Sandii","シリーズ名の記載なし","seatcover","1","S0493-01","matched","matched","no_direct_candidate","https://seatcover.jp/c/suzuki/xbee",""
"3f44c00a84c7","スズキ","クロスビー","Sandii","マカロン","seatcover","4","S0493-01","matched","matched","verified_product_page","https://seatcover.jp/c/suzuki/xbee/sandii-mc00493",""
"777304ce307a","スズキ","クロスビー","Sandii","カヌレ","seatcover","4","S0493-01","matched","matched","verified_product_page","https://seatcover.jp/c/suzuki/xbee/sandii-cn00493",""
"07eac0a7bed5","スズキ","クロスビー","Sandii","エクレア","seatcover","4","S0493-01","matched","matched","verified_product_page","https://seatcover.jp/c/suzuki/xbee/sandii-ec00493",""
"72714c14dc3e","スズキ","クロスビー","Sandii","デニムサンド","seatcover","4","S0493-01","matched","matched","verified_product_page","https://seatcover.jp/c/suzuki/xbee/sandii-ds00493",""
"fd163585281f","スズキ","クロスビー","Sandii","カチナ","seatcover","3","S0493-01","matched","matched","verified_product_page","https://seatcover.jp/c/suzuki/xbee/sandii-kp00493",""
"7a36cc18f8a6","スズキ","クロスビー","Sandii","エクレア","seatcover","4","S0493-01","matched","matched","verified_product_page","https://seatcover.jp/c/suzuki/xbee/sandii-ec00493",""
"c01cb16213e2","スズキ","クロスビー","Sandii","マカロン","seatcover","5","S0113-02","none","car_mismatch","unverified","https://seatcover.jp/f/match_renewal",""
"8789fe0b40c3","スズキ","クロスビー","Sandii","マカロン","seatcover","4","S0493-01","matched","matched","verified_product_page","https://seatcover.jp/c/suzuki/xbee/sandii-mc00493",""
"108614c8b582","スズキ","クロスビー","Sandii","デニムロール","seatcover","5","S0493-01","matched","matched","verified_product_page","https://seatcover.jp/c/suzuki/xbee/sandii-dr00493",""
"5f5398417ae1","スズキ","クロスビー","Sandii","エクレア","seatcover","4","S0493-01","matched","matched","verified_product_page","https://seatcover.jp/c/suzuki/xbee/sandii-ec00493",""
"3ef54e4931d1","スズキ","クロスビー","Sandii","コロール","seatcover","4","S0493-01","matched","matched","no_direct_candidate","https://seatcover.jp/c/suzuki/xbee",""
"0d46e668d9c7","スズキ","クロスビー","Sandii","カチナ","seatcover","3","S0493-01","matched","matched","verified_product_page","https://seatcover.jp/c/suzuki/xbee/sandii-kp00493",""
"1ea9d690d673","スズキ","クロスビー","Sandii","カチナ","seatcover","4","S0493-01","matched","matched","verified_product_page","https://seatcover.jp/c/suzuki/xbee/sandii-kp00493",""
"8895c43f5d76","スズキ","クロスビー","Sandii","エクレア","seatcover","4","S0493-01","matched","matched","verified_product_page","https://seatcover.jp/c/suzuki/xbee/sandii-ec00493",""
"5b1cef33dbc0","スズキ","クロスビー","Sandii","エクレア","seatcover","2","S0493-01","matched","matched","verified_product_page","https://seatcover.jp/c/suzuki/xbee/sandii-ec00493",""
"09c6cd76f7c4","スズキ","クロスビー","Sandii","デニムサンド","seatcover","3","S0493-01","matched","matched","verified_product_page","https://seatcover.jp/c/suzuki/xbee/sandii-ds00493",""
"45d14267d451","スズキ","クロスビー","Sandii","カヌレグラッセ","seatcover","2","S0493-01","matched","matched","verified_product_page","https://seatcover.jp/c/suzuki/xbee/sandii-cg00493",""
"0b6a03cbd125","スズキ","クロスビー","Sandii","ワッフル","seatcover","4","S0493-01","matched","matched","verified_product_page","https://seatcover.jp/c/suzuki/xbee/sandii-wf00493",""
"d5d81fdd186e","スズキ","クロスビー","Refinad","Custom Series","seatcover","5","S0493-01","matched","matched","verified_product_page","https://seatcover.jp/c/suzuki/xbee/refinad-cs00493",""
"389ef142295f","スズキ","クロスビー","Refinad","Custom Series","seatcover","2","S0493-01","matched","matched","verified_product_page","https://seatcover.jp/c/suzuki/xbee/refinad-cs00493",""
"6cb66abf1edc","スズキ","クロスビー","Refinad","Leather Series","seatcover","4","S0493-01","matched","matched","verified_product_page","https://seatcover.jp/c/suzuki/xbee/refinad-00493",""
"2a5af646fdec","スズキ","クロスビー","Refinad","Leather Deluxe Series","seatcover","2","S0493-01","matched","matched","verified_product_page","https://seatcover.jp/c/suzuki/xbee/refinad-dx00493",""
"dea059985755","スズキ","クロスビー","Refinad","Leather Deluxe Series","seatcover","2","S0493-01","matched","matched","verified_product_page","https://seatcover.jp/c/suzuki/xbee/refinad-dx00493",""
"21f253c17e54","スズキ","クロスビー","Refinad","Alcantara Series","seatcover","2","S0493-01","matched","matched","verified_product_page","https://seatcover.jp/c/suzuki/xbee/refinad-al00493",""
"03537c2b0f76","スズキ","クロスビー","Refinad","Leather Deluxe Series","seatcover","5","S0493-01","matched","matched","verified_product_page","https://seatcover.jp/c/suzuki/xbee/refinad-dx00493",""
"b29610948dba","スズキ","クロスビー","Refinad","Custom Series","seatcover","3","S0493-01","matched","matched","verified_product_page","https://seatcover.jp/c/suzuki/xbee/refinad-cs00493",""
"d71c6f59e394","トヨタ","アクア","Sandii","カチナ","seatcover","4","T0003-01","matched","matched","verified_product_page","https://seatcover.jp/c/toyota/aqua/sandii-kp00003",""
"bbfa05802163","トヨタ","アクア","Sandii","コロール","seatcover","2","T0003-02","none","no_code_match","no_direct_candidate","https://seatcover.jp/c/toyota/aqua",""
"96182e579eed","トヨタ","アクア","Sandii","コロール","seatcover","6","T0003-02","none","no_code_match","no_direct_candidate","https://seatcover.jp/c/toyota/aqua",""
"da4b135d695d","トヨタ","アクア","Sandii","ワッフル","seatcover","4","T0003-05","matched","matched","verified_product_page","https://seatcover.jp/c/toyota/aqua/sandii-wf00003",""
"82e6205c817f","トヨタ","アクア","Refinad","Leather Series","seatcover","4","T0003-07","matched","matched","verified_product_page","https://seatcover.jp/c/toyota/aqua/refinad-00003",""
"3db2553d2456","トヨタ","アクア","Refinad","Alcantara Series","seatcover","5","T0003-07","matched","matched","verified_product_page","https://seatcover.jp/c/seatcovermaker/refinad/refinad-alcantara/refinad-al00003",""
"b6a85d510d02","トヨタ","アクア","Refinad","Harmonious Leather Series","seatcover","4","T0003-05","matched","matched","verified_product_page","https://seatcover.jp/c/toyota/aqua/refinad-hs00003",""
"c90949aefafb","トヨタ","アクア","Refinad","Harmonious Leather Series","seatcover","4","T0003-07","matched","matched","verified_product_page","https://seatcover.jp/c/toyota/aqua/refinad-hs00003",""
"c58e940fee1d","トヨタ","アクア","Refinad","Quilt Series","seatcover","2","T0003-07","matched","matched","verified_product_page","https://seatcover.jp/c/seatcovermaker/refinad/refinad-quilt/refinad-qs00003",""
"382c506c8395","トヨタ","アクア","Refinad","Harmonious Leather Series","seatcover","2","T0003-05","matched","matched","verified_product_page","https://seatcover.jp/c/toyota/aqua/refinad-hs00003",""
"0e965c2457fc","トヨタ","アクア","Refinad","Leather Series","seatcover","4","T0003-01","matched","matched","verified_product_page","https://seatcover.jp/c/toyota/aqua/refinad-00003",""
"039ba9670feb","トヨタ","アクア","Refinad","Leather Series","seatcover","3","T0003-01","matched","matched","verified_product_page","https://seatcover.jp/c/toyota/aqua/refinad-00003",""
"de1153fdc86d","トヨタ","アクア","Refinad","Harmonious Leather Series","seatcover","3","T0003-05","matched","matched","verified_product_page","https://seatcover.jp/c/toyota/aqua/refinad-hs00003",""
"9b24a2d41a3e","トヨタ","アクア","Refinad","Custom Series","seatcover","4","T0003-05","matched","matched","verified_product_page","https://seatcover.jp/c/seatcovermaker/refinad/refinad-custom/refinad-cs00003",""
"cfb219a423d2","トヨタ","アイシス","Dotty","COX-SPORTS","seatcover","14","","none","no_code","no_direct_candidate","https://seatcover.jp/c/toyota/isis",""
"fabb414f4b88","トヨタ","ノア","Sandii","ビスキュイ","seatcover","5","T0013-24","matched","matched","verified_product_page","https://seatcover.jp/c/toyota/noah/sandii-bc00207",""
"dde1b6f070ff","トヨタ","ノア","Refinad","Harmonious Leather Series","seatcover","5","T0013-24","matched","matched","no_direct_candidate","https://seatcover.jp/c/toyota/noah",""
"da7a94409536","トヨタ","ノア","Refinad","Leather Series","seatcover","3","T0013-22","matched","matched","verified_product_page","https://seatcover.jp/c/toyota/noah/refinad-00207",""
"9ad6257b60bd","トヨタ","ノア","Refinad","Harmonious Leather Series","seatcover","3","T0013-21","matched","matched","unverified","https://seatcover.jp/f/match_renewal",""
"16fd5cbf7abd","トヨタ","ノア","Refinad","Harmonious Leather Series","seatcover","3","T0013-21","matched","matched","unverified","https://seatcover.jp/f/match_renewal",""
"ca42d21212e2","トヨタ","ノア","Refinad","Leather Deluxe Series","seatcover","4","T0013-21","matched","matched","unverified","https://seatcover.jp/f/match_renewal",""
"524b7a79f191","トヨタ","ノア","Refinad","Leather Series","seatcover","3","T0013-18","matched","matched","verified_product_page","https://seatcover.jp/c/toyota/noah/refinad-00207",""
"db09fdfd88ca","トヨタ","ノア","Refinad","Leather Series","seatcover","3","T0013-24","matched","matched","verified_product_page","https://seatcover.jp/c/toyota/noah/refinad-00207",""
"02b09477eb2f","トヨタ","ラウム","Dotty","COX-SPORTS","seatcover","4","","none","no_code","no_direct_candidate","https://seatcover.jp/c/toyota/raum",""
"d67b14698ac0","トヨタ","RAV4","Sandii","オールドカヌレ","seatcover","3","T0043-02","matched","matched","verified_product_page","https://seatcover.jp/c/toyota/rav4/sandii-oc00043",""
"c77343bd3c73","トヨタ","RAV4","Sandii","カチナ","seatcover","3","T0043-05","matched","matched","verified_product_page","https://seatcover.jp/c/toyota/rav4/sandii-kp00043",""
"009d2f84fb76","トヨタ","RAV4","Refinad","Custom Series","seatcover","4","T0043-06","none","car_mismatch","unverified","https://seatcover.jp/f/match_renewal",""
"5552afcfa9d5","トヨタ","RAV4","Refinad","Harmonious Leather Series","seatcover","3","T0043-04","none","car_mismatch","unverified","https://seatcover.jp/f/match_renewal",""
"4247722a9cd4","トヨタ","RAV4","Refinad","Leather Deluxe Series","seatcover","3","T0043-06","none","car_mismatch","unverified","https://seatcover.jp/f/match_renewal",""
"8b53c1058a1c","トヨタ","RAV4","Refinad","Custom Series","seatcover","5","T0043-06","none","car_mismatch","unverified","https://seatcover.jp/f/match_renewal",""
"bd9f9877537d","トヨタ","RAV4","Refinad","Leather Deluxe Series","seatcover","2","T0043-03","matched","matched","verified_product_page","https://seatcover.jp/c/seatcovermaker/refinad/refinad-leatherdx/refinad-dx00043",""
"1ce80cb23f91","トヨタ","RAV4","Refinad","Leather Series","seatcover","3","T0043-03","matched","matched","verified_product_page","https://seatcover.jp/c/toyota/rav4/refinad-00043",""
"29eceeef287c","トヨタ","RAV4","Refinad","Leather Series","seatcover","4","T0043-03","matched","matched","verified_product_page","https://seatcover.jp/c/toyota/rav4/refinad-00043",""
"c2948baa4097","トヨタ","RAV4","Refinad","Leather Series","seatcover","2","T0043-02","matched","matched","verified_product_page","https://seatcover.jp/c/toyota/rav4/refinad-00043",""
"2178338e7973","トヨタ","RAV4","Refinad","Leather Deluxe Series","seatcover","2","T0043-02","matched","matched","verified_product_page","https://seatcover.jp/c/seatcovermaker/refinad/refinad-leatherdx/refinad-dx00043",""
"e842791ab496","トヨタ","RAV4","Refinad","Leather Series","seatcover","3","T0043-03","matched","matched","verified_product_page","https://seatcover.jp/c/toyota/rav4/refinad-00043",""
"f7405b284432","トヨタ","タンク","Refinad","Leather Series","seatcover","3","T0394-01","matched","matched","verified_product_page","https://seatcover.jp/c/toyota/tank/refinad-00489",""
"a82f71af5ae5","トヨタ","タンク","Refinad","Leather Series","seatcover","2","T0609-02","none","car_mismatch","unverified","https://seatcover.jp/f/match_renewal",""
"4665fb3ee9ea","トヨタ","ヴィッツ","Sandii","マカロン","seatcover","4","T0010-11","matched","matched","verified_product_page","https://seatcover.jp/c/seatcovermaker/sandii/sandii-macaron/sandii-mc00010",""
"74b5c60051ec","トヨタ","ヴィッツ","Refinad","Leather Series","seatcover","4","T0010-11","matched","matched","verified_product_page","https://seatcover.jp/c/seatcovermaker/refinad/refinad-leather/refinad-00010",""
"fed2913f2416","トヨタ","ヴィッツ","Refinad","Leather Deluxe Series","seatcover","2","T0010-11","matched","matched","verified_product_page","https://seatcover.jp/c/seatcovermaker/refinad/refinad-leatherdx/refinad-dx00010",""
"0fb9a050b55b","トヨタ","ヴォクシー","Sandii","カチナ","seatcover","2","T0013-21","matched","matched","unverified","https://seatcover.jp/f/match_renewal",""
"a564b9fffd6f","トヨタ","ヴォクシー","Sandii","デニムロール","seatcover","2","T0013-24","matched","matched","verified_product_page","https://seatcover.jp/c/toyota/voxy/sandii-dr00013",""
"43cf890a4df9","トヨタ","ヴォクシー","Sandii","マカロン","seatcover","3","T0013-15","matched","matched","verified_product_page","https://seatcover.jp/c/toyota/voxy/sandii-mc00013",""
"33f1099f9c74","トヨタ","ヴォクシー","Sandii","オールドカヌレ","seatcover","4","T0013-24","matched","matched","verified_product_page","https://seatcover.jp/c/toyota/voxy/sandii-oc00013",""
"6a7de6486328","トヨタ","ヴォクシー","Sandii","コロール","seatcover","3","T0013-15","matched","matched","no_direct_candidate","https://seatcover.jp/c/toyota/voxy",""
"3d8d177073cb","トヨタ","ヴォクシー","Refinad","Old Leather Series","seatcover","5","T0013-25","matched","matched","unverified","https://seatcover.jp/f/match_renewal",""
"08158d5b1d22","トヨタ","ヴォクシー","Refinad","Leather Deluxe Series","seatcover","5","T0013-24","matched","matched","unverified","https://seatcover.jp/f/match_renewal",""
"a850c45fd055","トヨタ","ヴォクシー","Refinad","Harmonious Leather Series","seatcover","5","T0013-21","matched","matched","unverified","https://seatcover.jp/f/match_renewal",""
"32a77f4ed5b9","トヨタ","ヴォクシー","Refinad","Leather Series","seatcover","5","T0013-25","matched","matched","verified_product_page","https://seatcover.jp/c/toyota/voxy/refinad-00013",""
"fbb12292a33c","トヨタ","ヴォクシー","Refinad","Custom Series","seatcover","5","T0013-24","matched","matched","unverified","https://seatcover.jp/f/match_renewal",""
"4aa87a4e0651","トヨタ","ヴォクシー","Refinad","Leather Deluxe Series","seatcover","5","T0013-22","matched","matched","unverified","https://seatcover.jp/f/match_renewal",""
"d43bd77bf618","トヨタ","ヴォクシー","Refinad","Leather Series","seatcover","3","T0013-25","matched","matched","verified_product_page","https://seatcover.jp/c/toyota/voxy/refinad-00013",""
"1679f8c35bb4","トヨタ","ヴォクシー","Refinad","Leather Series","seatcover","5","T0013-25","matched","matched","verified_product_page","https://seatcover.jp/c/toyota/voxy/refinad-00013",""
"af7326535cd4","トヨタ","ヴォクシー","Refinad","Leather Series","seatcover","4","T0013-25","matched","matched","verified_product_page","https://seatcover.jp/c/toyota/voxy/refinad-00013",""
"c23c77475d11","トヨタ","ヴォクシー","Refinad","Quilt Series","seatcover","3","T0013-21","matched","matched","verified_product_page","https://seatcover.jp/c/toyota/voxy/refinad-qs00013",""
"e59477a6b828","トヨタ","ヴォクシー","Refinad","Custom Series","seatcover","4","T0005-04","none","car_mismatch","unverified","https://seatcover.jp/f/match_renewal",""
"f95d87f6fc33","トヨタ","ヴォクシー","Refinad","Exclusive Design Series","seatcover","3","T0013-21","matched","matched","no_direct_candidate","https://seatcover.jp/c/toyota/voxy",""
"d2db7e5bc955","トヨタ","ヴォクシー","Refinad","Harmonious Leather Series","seatcover","3","T0013-21","matched","matched","unverified","https://seatcover.jp/f/match_renewal",""
"f0e077214555","トヨタ","ヴォクシー","Refinad","Leather Deluxe Series","seatcover","3","T0013-21","matched","matched","unverified","https://seatcover.jp/f/match_renewal",""
"3ce87e97eebb","トヨタ","ヴォクシー","Refinad","Leather Deluxe Series","seatcover","2","T0013-21","matched","matched","unverified","https://seatcover.jp/f/match_renewal",""
"c601260ef4fc","トヨタ","ヴォクシー","Refinad","Leather Deluxe Series","seatcover","5","T0013-21","matched","matched","unverified","https://seatcover.jp/f/match_renewal",""
"2a0e35267567","トヨタ","ヴォクシー","Refinad","Leather Series","seatcover","3","T0013-21","matched","matched","verified_product_page","https://seatcover.jp/c/toyota/voxy/refinad-00013",""
"e9af071f6395","トヨタ","ヴォクシー","Refinad","Leather Series","seatcover","5","T0013-24","matched","matched","verified_product_page","https://seatcover.jp/c/toyota/voxy/refinad-00013",""
"2cb9ff4fb9e2","トヨタ","ヴォクシー","Refinad","Custom Series","seatcover","2","T0013-21","matched","matched","unverified","https://seatcover.jp/f/match_renewal",""
"49f09156fde7","トヨタ","ヴォクシー","Refinad","Avant-Garde Series","seatcover","3","T0013-21","matched","matched","unverified","https://seatcover.jp/f/match_renewal",""
"12a587c7711b","トヨタ","ウィッシュ","Refinad","Custom Series","seatcover","5","T0008-10","matched","matched","verified_product_page","https://seatcover.jp/c/toyota/wish/refinad-cs00008",""
"a4486efdd88d","トヨタ","ウィッシュ","Refinad","Harmonious Leather Series","seatcover","4","T0008-10","matched","matched","verified_product_page","https://seatcover.jp/c/toyota/wish/refinad-hs00008",""
"5061e87d2b11","トヨタ","ウィッシュ","Refinad","Leather Series","seatcover","4","T0008-07","matched","matched","verified_product_page","https://seatcover.jp/c/toyota/wish/refinad-00008",""
"e8c8a0d42897","マツダ","ビアンテ","Sandii","デニムサンド","seatcover","5","MA0151-02","matched","matched","verified_product_page","https://seatcover.jp/c/seatcovermaker/sandii/denimsand/sandii-ds00151",""
"deb011a8e275","マツダ","ビアンテ","Sandii","オールドカヌレ","seatcover","4","MA0151-02","matched","matched","verified_product_page","https://seatcover.jp/c/mazda/biante/sandii-oc00151",""
"81ef28904c84","マツダ","ビアンテ","Sandii","デニムサンド","seatcover","3","S0110-04","none","car_mismatch","unverified","https://seatcover.jp/f/match_renewal",""
"153c8372e498","マツダ","ビアンテ","Refinad","Harmonious Leather Series","seatcover","4","MA0151-02","matched","matched","verified_product_page","https://seatcover.jp/c/mazda/biante/refinad-hs00151",""
"3cc73ed41ba6","マツダ","MAZDA2","Refinad","Custom Series","seatcover","4","MA0150-04","matched","matched","verified_product_page","https://seatcover.jp/c/mazda/mazda2/refinad-cs00506",""
"464f1113f346","マツダ","MAZDA2","Refinad","Leather Deluxe Series","seatcover","3","MA0150-04","matched","matched","verified_product_page","https://seatcover.jp/c/mazda/mazda2/refinad-dx00506",""
"c21667162d13","マツダ","MAZDA3","Dotty","LUXUR-SPOLT","seatcover","6","","none","no_code","no_direct_candidate","https://seatcover.jp/c/seatcovermaker/dotty/dotty-luxurspolt",""
"6a12b9cedc91","マツダ","MAZDA3","Dotty","EURO-LUX","seatcover","7","","none","no_code","no_direct_candidate","https://seatcover.jp/c/seatcovermaker/dotty/dotty-eurolux",""
"f0e7285e4264","マツダ","ベリーサ","Refinad","Leather Series","seatcover","5","MD1-15","matched","matched","verified_product_page","https://seatcover.jp/c/mazda/verisa/refinad-00408",""
"ecec34cf94b8","マツダ","ベリーサ","Refinad","Leather Series","seatcover","5","MD1-15","matched","matched","verified_product_page","https://seatcover.jp/c/mazda/verisa/refinad-00408",""
"aea985831012","マツダ","ベリーサ","Refinad","Leather Series","seatcover","2","MD1-15","matched","matched","verified_product_page","https://seatcover.jp/c/mazda/verisa/refinad-00408",""
"2afee6044613","三菱","i(アイ)","Refinad","Harmonious Leather Series","seatcover","4","MI0157-02","none","car_mismatch","verified_product_page","https://seatcover.jp/c/mitsubishi/mitsubishii/refinad-hs00157",""
"2d078de7ad3c","日産","キックス","Refinad","Custom Series","seatcover","2","T0092-01","matched","matched","verified_product_page","https://seatcover.jp/c/nissan/kicks/refinad-cs00092",""
"6029e6e4b540","日産","マーチ","Sandii","オールドカヌレ","seatcover","4","N0102-05","matched","matched","verified_product_page","https://seatcover.jp/c/seatcovermaker/sandii/sandii-oldcanele/sandii-oc00102",""
"74018104d37f","日産","マーチ","Sandii","オールドカヌレ","seatcover","3","N0102-06","matched","matched","verified_product_page","https://seatcover.jp/c/seatcovermaker/sandii/sandii-oldcanele/sandii-oc00102",""
"0511019fe6a3","日産","マーチ","Sandii","カヌレグラッセ","seatcover","2","N0102-05","matched","matched","verified_product_page","https://seatcover.jp/c/nissan/march/sandii-cg00102",""
"b7b130ecec73","日産","マーチ","Sandii","カヌレグラッセ","seatcover","3","N0102-03","matched","matched","verified_product_page","https://seatcover.jp/c/nissan/march/sandii-cg00102",""
"d7fc4c796400","日産","マーチ","Refinad","Alcantara Series","seatcover","3","N0102-06","matched","matched","verified_product_page","https://seatcover.jp/c/nissan/march/refinad-al00102",""
"2cc5652ab24d","日産","マーチ","Refinad","Leather Deluxe Series","seatcover","2","D0365-02","none","car_mismatch","unverified","https://seatcover.jp/f/match_renewal",""
"77deeb575c88","日産","マーチ","Refinad","Leather Series","seatcover","2","N0102-05","matched","matched","verified_product_page","https://seatcover.jp/c/nissan/march/refinad-00102",""
"8cf4d84e152a","日産","ティアナ","Refinad","Avant-Garde Series","seatcover","5","NS2-24","matched","matched","verified_product_page","https://seatcover.jp/c/nissan/teana/refinad-ag00423",""
"c83c5fb3b253","日産","ティアナ","Refinad","Leather Series","seatcover","3","NS2-24","matched","matched","verified_product_page","https://seatcover.jp/c/seatcovermaker/refinad/refinad-leather/refinad-00423",""
"160ef96d670b","スバル","エクシーガ","Refinad","Leather Series","seatcover","4","F0171-02","matched","matched","verified_product_page","https://seatcover.jp/c/seatcovermaker/refinad/refinad-leather/refinad-00171",""
"78f32270a357","スバル","エクシーガ","Refinad","Leather Series","seatcover","3","F0171-02","matched","matched","verified_product_page","https://seatcover.jp/c/seatcovermaker/refinad/refinad-leather/refinad-00171",""
"872a2e7ff8b5","スバル","ジャスティ","Refinad","Leather Deluxe Series","seatcover","4","T0394-01","matched","matched","verified_product_page","https://seatcover.jp/c/subaru/justy/refinad-dx00396",""
"e4ff81cf9d4b","スズキ","フロンクス","Refinad","Harmonious Leather Series","seatcover","4","S0650-01","matched","matched","verified_product_page","https://seatcover.jp/c/suzuki/fronx/refinad-hs00650",""
"6092787ce22d","スズキ","フロンクス","Refinad","Leather Deluxe Series","seatcover","4","S0650-01","matched","matched","verified_product_page","https://seatcover.jp/c/suzuki/fronx/refinad-dx00650",""
"a2f58974f9e9","スズキ","イグニス","Sandii","コロール","seatcover","3","S0492-01","matched","matched","no_direct_candidate","https://seatcover.jp/c/suzuki/ignis",""
"ca933bdbcbcb","スズキ","イグニス","Refinad","Leather Series","seatcover","4","S0492-01","matched","matched","verified_product_page","https://seatcover.jp/c/suzuki/ignis/refinad-00492",""
"3dc0c3217456","スズキ","イグニス","Refinad","Leather Series","seatcover","4","S0492-01","matched","matched","verified_product_page","https://seatcover.jp/c/suzuki/ignis/refinad-00492",""
"6155bd3d2599","スズキ","イグニス","Refinad","Custom Series","seatcover","3","S0108-05","none","car_mismatch","unverified","https://seatcover.jp/f/match_renewal",""
"f2d343c087d2","スズキ","イグニス","Refinad","Harmonious Leather Series","seatcover","2","S0492-01","matched","matched","verified_product_page","https://seatcover.jp/c/suzuki/ignis/refinad-hs00492",""
"8c774d2dcfbf","スズキ","ジムニー","Sandii","カチナ","seatcover","4","S0113-02","matched","matched","verified_product_page","https://seatcover.jp/c/suzuki/jimny/sandii-kp00113",""
"83832bf1def8","スズキ","ジムニー","Sandii","デニムサンド","seatcover","3","S0113-02","matched","matched","verified_product_page","https://seatcover.jp/c/suzuki/jimny/sandii-ds00113",""
"9de4e17d318e","スズキ","ジムニー","Sandii","マカロン","seatcover","5","S0113-02","matched","matched","verified_product_page","https://seatcover.jp/c/suzuki/jimny/sandii-mc00113",""
"98e2c1ae8541","スズキ","ジムニー","Sandii","オールドカヌレ","seatcover","5","S0113-02","matched","matched","verified_product_page","https://seatcover.jp/c/suzuki/jimny/sandii-oc00113",""
"446d43cb81e5","スズキ","ジムニー","Sandii","エクレア","seatcover","5","S0113-02","matched","matched","verified_product_page","https://seatcover.jp/c/suzuki/jimny/sandii-ec00113",""
"dbf366d4288e","スズキ","ジムニー","Sandii","シリーズ名の記載なし","seatcover","4","S0113-02","matched","matched","no_direct_candidate","https://seatcover.jp/c/suzuki/jimny",""
"239e8f94e4f8","スズキ","ジムニー","Sandii","カチナ","seatcover","4","S0113-02","matched","matched","verified_product_page","https://seatcover.jp/c/suzuki/jimny/sandii-kp00113",""
"ed8915fd14a7","スズキ","ジムニー","Sandii","カチナ","seatcover","5","S0113-02","matched","matched","verified_product_page","https://seatcover.jp/c/suzuki/jimny/sandii-kp00113",""
"9b075adc3318","スズキ","ジムニー","Sandii","ドルチェ","seatcover","3","S0113-02","matched","matched","verified_product_page","https://seatcover.jp/c/suzuki/jimny/sandii-dc00113",""
"e23d229b0a18","スズキ","ジムニー","Sandii","エクレア","seatcover","5","S0113-02","matched","matched","verified_product_page","https://seatcover.jp/c/suzuki/jimny/sandii-ec00113",""
"7dc7841bb6df","スズキ","ジムニー","Sandii","マカロン","seatcover","2","S0113-02","matched","matched","verified_product_page","https://seatcover.jp/c/suzuki/jimny/sandii-mc00113",""
"41d3520c471e","スズキ","ジムニー","Sandii","カチナ","seatcover","4","S0113-02","matched","matched","verified_product_page","https://seatcover.jp/c/suzuki/jimny/sandii-kp00113",""
"532dc242e9f4","スズキ","ジムニー","Sandii","カチナ","seatcover","4","S0113-02","matched","matched","verified_product_page","https://seatcover.jp/c/suzuki/jimny/sandii-kp00113",""
"b91e5934e1a9","スズキ","ジムニー","Sandii","カヌレ","seatcover","4","S0113-07","matched","matched","verified_product_page","https://seatcover.jp/c/suzuki/jimny/sandii-cn00113",""
"d2e461b18a7a","スズキ","ジムニー","Sandii","カチナ","seatcover","1","S0113-02","matched","matched","verified_product_page","https://seatcover.jp/c/suzuki/jimny/sandii-kp00113",""
"569e71f3a664","スズキ","ジムニー","Sandii","オールドカヌレ","seatcover","5","S0113-01","matched","matched","verified_product_page","https://seatcover.jp/c/suzuki/jimny/sandii-oc00113",""
"615e38a9ff54","スズキ","ジムニー","Sandii","カチナ","seatcover","4","S0113-02","matched","matched","verified_product_page","https://seatcover.jp/c/suzuki/jimny/sandii-kp00113",""
"98480947e705","スズキ","ジムニー","Sandii","カチナ","seatcover","5","S0113-02","matched","matched","verified_product_page","https://seatcover.jp/c/suzuki/jimny/sandii-kp00113",""
"07c8c9ed1014","スズキ","ジムニー","Sandii","カヌレグラッセ","seatcover","5","S0113-02","matched","matched","verified_product_page","https://seatcover.jp/c/suzuki/jimny/sandii-cg00113",""
"ce5b33a440ad","スズキ","ジムニー","Sandii","エクレア","seatcover","4","S0113-02","matched","matched","verified_product_page","https://seatcover.jp/c/suzuki/jimny/sandii-ec00113",""
"7c3285fd2847","スズキ","ジムニー","Sandii","マカロン","seatcover","5","S0113-02","matched","matched","verified_product_page","https://seatcover.jp/c/suzuki/jimny/sandii-mc00113",""
"561faf2966af","スズキ","ジムニー","Sandii","オールドカヌレ","seatcover","4","S0113-02","matched","matched","verified_product_page","https://seatcover.jp/c/suzuki/jimny/sandii-oc00113",""
"29d37473f0c1","スズキ","ジムニー","Sandii","カチナ","seatcover","4","S0113-02","matched","matched","verified_product_page","https://seatcover.jp/c/suzuki/jimny/sandii-kp00113",""
"3a00c77dede8","スズキ","ジムニー","Sandii","シリーズ名の記載なし","seatcover","4","S0113-02","matched","matched","no_direct_candidate","https://seatcover.jp/c/suzuki/jimny",""
"764542f19f40","スズキ","ジムニー","Sandii","カヌレ","seatcover","3","S0113-07","matched","matched","verified_product_page","https://seatcover.jp/c/suzuki/jimny/sandii-cn00113",""
"ac61312bf085","スズキ","ジムニー","Sandii","デニムサンド","seatcover","2","S0113-02","matched","matched","verified_product_page","https://seatcover.jp/c/suzuki/jimny/sandii-ds00113",""
"a65dabc4f271","スズキ","ジムニー","Sandii","カヌレ","seatcover","3","S0113-07","matched","matched","verified_product_page","https://seatcover.jp/c/suzuki/jimny/sandii-cn00113",""
"8bb23ef91a45","スズキ","ジムニー","Sandii","デニムロール","seatcover","3","S0113-08","matched","matched","verified_product_page","https://seatcover.jp/c/suzuki/jimny/sandii-dr00113",""
"a73f6440d87d","スズキ","ジムニー","Sandii","ビスキュイ","seatcover","3","S0113-02","matched","matched","verified_product_page","https://seatcover.jp/c/suzuki/jimny/sandii-bc00113",""
"df355f1d957c","スズキ","ジムニー","Sandii","オールドカヌレ","seatcover","5","S0113-01","matched","matched","verified_product_page","https://seatcover.jp/c/suzuki/jimny/sandii-oc00113",""
"c0dcd25adae2","スズキ","ジムニー","Sandii","エクレア","seatcover","2","S0113-02","matched","matched","verified_product_page","https://seatcover.jp/c/suzuki/jimny/sandii-ec00113",""
"3f7520cf14e1","スズキ","ジムニー","Sandii","オールドカヌレ","seatcover","5","S0113-01","matched","matched","verified_product_page","https://seatcover.jp/c/suzuki/jimny/sandii-oc00113",""
"c9c5f5a25047","スズキ","ジムニー","Sandii","カヌレ","seatcover","5","S0113-02","matched","matched","verified_product_page","https://seatcover.jp/c/suzuki/jimny/sandii-cn00113",""
"5b43dc81af4e","スズキ","ジムニー","Sandii","デニムロール","seatcover","4","S0113-02","matched","matched","verified_product_page","https://seatcover.jp/c/suzuki/jimny/sandii-dr00113",""
"a148b5d90f3e","スズキ","ジムニー","Sandii","デニムロール","seatcover","3","S0113-02","matched","matched","verified_product_page","https://seatcover.jp/c/suzuki/jimny/sandii-dr00113",""
"cee79130d5f2","スズキ","ジムニー","Sandii","オールドカヌレ","seatcover","3","S0113-01","matched","matched","verified_product_page","https://seatcover.jp/c/suzuki/jimny/sandii-oc00113",""
"03b2a8982149","スズキ","ジムニー","Sandii","デニムサンド","seatcover","3","S0113-02","matched","matched","verified_product_page","https://seatcover.jp/c/suzuki/jimny/sandii-ds00113",""
"47f59bcbe62c","スズキ","ジムニー","Sandii","オールドカヌレ","seatcover","3","S0113-01","matched","matched","verified_product_page","https://seatcover.jp/c/suzuki/jimny/sandii-oc00113",""
"9d24f32692f3","スズキ","ジムニー","Sandii","マカロン","seatcover","4","S0113-02","matched","matched","verified_product_page","https://seatcover.jp/c/suzuki/jimny/sandii-mc00113",""
"163c5c325b5d","スズキ","ジムニー","Sandii","カヌレグラッセ","seatcover","4","S0113-02","matched","matched","verified_product_page","https://seatcover.jp/c/suzuki/jimny/sandii-cg00113",""
"5909be8de797","スズキ","ジムニー","Sandii","オールドカヌレ","seatcover","4","S0113-01","matched","matched","verified_product_page","https://seatcover.jp/c/suzuki/jimny/sandii-oc00113",""
"97db2fbe0868","スズキ","ジムニー","Sandii","オールドカヌレ","seatcover","3","S0113-01","matched","matched","verified_product_page","https://seatcover.jp/c/suzuki/jimny/sandii-oc00113",""
"99b9cc2df9ca","スズキ","ジムニー","Sandii","カヌレ","seatcover","5","S0113-02","matched","matched","verified_product_page","https://seatcover.jp/c/suzuki/jimny/sandii-cn00113",""
"c25822037027","スズキ","ジムニー","Sandii","エクレア","seatcover","4","S0113-02","matched","matched","verified_product_page","https://seatcover.jp/c/suzuki/jimny/sandii-ec00113",""
"bb8dfbdb02b3","スズキ","ジムニー","Sandii","カヌレ","seatcover","4","S0113-02","matched","matched","verified_product_page","https://seatcover.jp/c/suzuki/jimny/sandii-cn00113",""
"3cc788ad96de","スズキ","ジムニー","Sandii","エクレア","seatcover","3","S0113-02","matched","matched","verified_product_page","https://seatcover.jp/c/suzuki/jimny/sandii-ec00113",""
"58146dc2cb80","スズキ","ジムニー","Sandii","カヌレ","seatcover","3","S0113-07","matched","matched","verified_product_page","https://seatcover.jp/c/suzuki/jimny/sandii-cn00113",""
"dbfe18dbb6c6","スズキ","ジムニー","Sandii","デニムサンド","seatcover","2","S0113-02","matched","matched","verified_product_page","https://seatcover.jp/c/suzuki/jimny/sandii-ds00113",""
"e3518aebac4f","スズキ","ジムニー","Sandii","オールドカヌレ","seatcover","3","S0113-02","matched","matched","verified_product_page","https://seatcover.jp/c/suzuki/jimny/sandii-oc00113",""
"b8e2c68bb4fa","スズキ","ジムニー","Sandii","カヌレ","seatcover","3","S0113-02","matched","matched","verified_product_page","https://seatcover.jp/c/suzuki/jimny/sandii-cn00113",""
"e7cb5ff8c517","スズキ","ジムニー","Sandii","オールドカヌレ","seatcover","3","S0113-02","matched","matched","verified_product_page","https://seatcover.jp/c/suzuki/jimny/sandii-oc00113",""
"cb96c212fbae","スズキ","ジムニー","Sandii","カヌレ","seatcover","4","S0113-02","matched","matched","verified_product_page","https://seatcover.jp/c/suzuki/jimny/sandii-cn00113",""
"71513a5d088c","スズキ","ジムニー","Sandii","カヌレ","seatcover","3","S0113-02","matched","matched","verified_product_page","https://seatcover.jp/c/suzuki/jimny/sandii-cn00113",""
"58e7cae2a08c","スズキ","ジムニー","Sandii","カヌレ","seatcover","4","S0113-02","matched","matched","verified_product_page","https://seatcover.jp/c/suzuki/jimny/sandii-cn00113",""
"3dec3a07503b","スズキ","ジムニー","Sandii","カヌレグラッセ","seatcover","2","S0113-02","matched","matched","verified_product_page","https://seatcover.jp/c/suzuki/jimny/sandii-cg00113",""
"bc483f798ea7","スズキ","ジムニー","Sandii","カヌレ","seatcover","2","S0113-07","matched","matched","verified_product_page","https://seatcover.jp/c/suzuki/jimny/sandii-cn00113",""
"5ab94b3d2baa","スズキ","ジムニー","Sandii","カヌレ","seatcover","3","S0113-02","matched","matched","verified_product_page","https://seatcover.jp/c/suzuki/jimny/sandii-cn00113",""
"cda34396c971","スズキ","ジムニー","Sandii","マカロン","seatcover","2","S0113-02","matched","matched","verified_product_page","https://seatcover.jp/c/suzuki/jimny/sandii-mc00113",""
"6b6c659cc859","スズキ","ジムニー","Sandii","デニムサンド","seatcover","2","S0113-02","matched","matched","verified_product_page","https://seatcover.jp/c/suzuki/jimny/sandii-ds00113",""
"841eb1f40225","スズキ","ジムニー","Sandii","デニムサンド","seatcover","3","S0113-02","matched","matched","verified_product_page","https://seatcover.jp/c/suzuki/jimny/sandii-ds00113",""
"ee140949675d","スズキ","ジムニー","Sandii","カヌレ","seatcover","2","S0113-02","matched","matched","verified_product_page","https://seatcover.jp/c/suzuki/jimny/sandii-cn00113",""
"958cec13dcbe","スズキ","ジムニー","Sandii","カヌレ","seatcover","2","S0113-02","matched","matched","verified_product_page","https://seatcover.jp/c/suzuki/jimny/sandii-cn00113",""
"5b6b172c685b","スズキ","ジムニー","Sandii","カヌレ","seatcover","3","S0113-02","matched","matched","verified_product_page","https://seatcover.jp/c/suzuki/jimny/sandii-cn00113",""
"73eacf7c7785","スズキ","ジムニー","Sandii","カヌレ","seatcover","2","S0113-02","matched","matched","verified_product_page","https://seatcover.jp/c/suzuki/jimny/sandii-cn00113",""
"77c9f1b0891b","スズキ","ジムニー","Sandii","カヌレ","seatcover","2","S0113-02","matched","matched","verified_product_page","https://seatcover.jp/c/suzuki/jimny/sandii-cn00113",""
"9b9b0c8f66eb","スズキ","ジムニー","Sandii","カヌレ","seatcover","3","S0113-02","matched","matched","verified_product_page","https://seatcover.jp/c/suzuki/jimny/sandii-cn00113",""
"44ace8a10f60","スズキ","ジムニー","Sandii","カヌレ","seatcover","4","S0113-01","matched","matched","verified_product_page","https://seatcover.jp/c/suzuki/jimny/sandii-cn00113",""
"ee1bad6fa268","スズキ","ジムニー","Sandii","コロール","seatcover","2","S0113-02","matched","matched","verified_product_page","https://seatcover.jp/c/suzuki/jimny/sandii-00113",""
"a4942ed54bdd","スズキ","ジムニー","Refinad","Corduroy Series","seatcover","5","S0113-02","matched","matched","verified_product_page","https://seatcover.jp/c/suzuki/jimny/refinad-cd00113",""
"2c2030912657","スズキ","ジムニー","Refinad","Custom Series","seatcover","4","S0113-02","matched","matched","verified_product_page","https://seatcover.jp/c/suzuki/jimny/refinad-cs00113",""
"8b960ed45752","スズキ","ジムニー","Refinad","シリーズ名の記載なし","seatcover","5","S0113-02","matched","matched","no_direct_candidate","https://seatcover.jp/c/suzuki/jimny",""
"6f5d785f65ea","スズキ","ジムニー","Refinad","Heritage Series","seatcover","3","S0113-02","matched","matched","verified_product_page","https://seatcover.jp/c/suzuki/jimny/refinad-ht00113",""
"93cc27bd68fb","スズキ","ジムニー","Refinad","シリーズ名の記載なし","seatcover","5","S0113-02","matched","matched","no_direct_candidate","https://seatcover.jp/c/suzuki/jimny",""
"c8be748cffaa","スズキ","ジムニー","Refinad","Corduroy Series","seatcover","4","S0113-02","matched","matched","verified_product_page","https://seatcover.jp/c/suzuki/jimny/refinad-cd00113",""
"f1f53ca25d7c","スズキ","ジムニー","Refinad","Leather Deluxe Series","seatcover","3","S0113-02","matched","matched","verified_product_page","https://seatcover.jp/c/suzuki/jimny/refinad-dx00113",""
"e2923abb6896","スズキ","ジムニー","Refinad","Leather Series","seatcover","3","S0113-02","matched","matched","verified_product_page","https://seatcover.jp/c/suzuki/jimny/refinad-00113",""
"3e8d64c29f3f","スズキ","ジムニー","Refinad","Harmonious Leather Series","seatcover","5","S0646-01","none","car_mismatch","unverified","https://seatcover.jp/f/match_renewal",""
"48364729a49d","スズキ","ジムニー","Refinad","Old Leather Series","seatcover","2","S0113-02","matched","matched","verified_product_page","https://seatcover.jp/c/suzuki/jimny/refinad-ol00113",""
"5a843854e137","スズキ","ジムニー","Refinad","Leather Series","seatcover","4","S0113-02","matched","matched","verified_product_page","https://seatcover.jp/c/suzuki/jimny/refinad-00113",""
"2c7c24a07c85","スズキ","ジムニー","Refinad","Corduroy Series","seatcover","4","S0113-02","matched","matched","verified_product_page","https://seatcover.jp/c/suzuki/jimny/refinad-cd00113",""
"eece9887dc72","スズキ","ジムニー","Refinad","Custom Series","seatcover","5","S0113-02","matched","matched","verified_product_page","https://seatcover.jp/c/suzuki/jimny/refinad-cs00113",""
"33ddae9119b8","スズキ","ジムニー","Refinad","Leather Series","seatcover","4","S0113-02","matched","matched","verified_product_page","https://seatcover.jp/c/suzuki/jimny/refinad-00113",""
"eae7436f2883","スズキ","ジムニー","Refinad","Leather Series","seatcover","4","S0113-02","matched","matched","verified_product_page","https://seatcover.jp/c/suzuki/jimny/refinad-00113",""
"a1105c220fbd","スズキ","ジムニー","Refinad","Leather Series","seatcover","4","S0113-02","matched","matched","verified_product_page","https://seatcover.jp/c/suzuki/jimny/refinad-00113",""
"5211e1ce5dc0","スズキ","ジムニー","Refinad","Exclusive Design Series","seatcover","4","S0113-02","matched","matched","verified_product_page","https://seatcover.jp/c/suzuki/jimny/refinad-ex00113",""
"5a66015f5628","スズキ","ジムニー","Refinad","Exclusive Design Series","seatcover","5","S0113-02","matched","matched","verified_product_page","https://seatcover.jp/c/suzuki/jimny/refinad-ex00113",""
"e43b2ff2e38f","スズキ","ジムニー","Refinad","Exclusive Design Series","seatcover","5","S0113-02","matched","matched","verified_product_page","https://seatcover.jp/c/suzuki/jimny/refinad-ex00113",""
"5c455b7a5b32","スズキ","ジムニー","Refinad","Harmonious Leather Series","seatcover","4","S0113-02","matched","matched","verified_product_page","https://seatcover.jp/c/suzuki/jimny/refinad-hs00113",""
"3b4b68f86763","スズキ","ジムニー","Refinad","Avant-Garde Series","seatcover","4","S0113-02","matched","matched","verified_product_page","https://seatcover.jp/c/suzuki/jimny/refinad-ag00113",""
"577c0f36eb2c","スズキ","ジムニー","Refinad","Leather Series","seatcover","3","S0113-02","matched","matched","verified_product_page","https://seatcover.jp/c/suzuki/jimny/refinad-00113",""
"cde4eed327a3","スズキ","ジムニー","Refinad","Leather Series","seatcover","3","S0113-02","matched","matched","verified_product_page","https://seatcover.jp/c/suzuki/jimny/refinad-00113",""
"c434cf6f2f4a","スズキ","ジムニー","Refinad","Harmonious Leather Series","seatcover","3","S0113-02","matched","matched","verified_product_page","https://seatcover.jp/c/suzuki/jimny/refinad-hs00113",""
"9e8923445667","スズキ","ジムニー","Refinad","Harmonious Leather Series","seatcover","3","S0113-02","matched","matched","verified_product_page","https://seatcover.jp/c/suzuki/jimny/refinad-hs00113",""
"3337f33798b5","スズキ","ジムニー","Refinad","Quilt Series","seatcover","4","S0113-02","matched","matched","verified_product_page","https://seatcover.jp/c/suzuki/jimny/refinad-qs00113",""
"db592e49e3b2","スズキ","ジムニー","Refinad","Leather Deluxe Series","seatcover","3","S0113-02","matched","matched","verified_product_page","https://seatcover.jp/c/suzuki/jimny/refinad-dx00113",""
"9da7292aba6c","スズキ","ジムニー","Refinad","Exclusive Design Series","seatcover","4","S0113-02","matched","matched","verified_product_page","https://seatcover.jp/c/suzuki/jimny/refinad-ex00113",""
"24db371747b2","スズキ","ジムニー","Refinad","Exclusive Design Series","seatcover","3","S0113-02","matched","matched","verified_product_page","https://seatcover.jp/c/suzuki/jimny/refinad-ex00113",""
"80e1f98a767c","スズキ","ジムニー","Refinad","Leather Deluxe Series","seatcover","3","S0113-02","matched","matched","verified_product_page","https://seatcover.jp/c/suzuki/jimny/refinad-dx00113",""
"215d09ca4b60","スズキ","ジムニー","Refinad","Leather Series","seatcover","3","S0113-02","matched","matched","verified_product_page","https://seatcover.jp/c/suzuki/jimny/refinad-00113",""
"2a6dd5bde4bc","スズキ","ジムニー","Refinad","Leather Series","seatcover","3","S0113-02","matched","matched","verified_product_page","https://seatcover.jp/c/suzuki/jimny/refinad-00113",""
"0808fe604942","スズキ","ジムニー","Refinad","Exclusive Design Series","seatcover","2","S0113-02","matched","matched","verified_product_page","https://seatcover.jp/c/suzuki/jimny/refinad-ex00113",""
"cccd3ab0d6f5","スズキ","ジムニー","Refinad","Exclusive Design Series","seatcover","4","S0113-02","matched","matched","verified_product_page","https://seatcover.jp/c/suzuki/jimny/refinad-ex00113",""
"a37d0aff1eec","スズキ","ジムニー","Refinad","Leather Series","seatcover","4","S0113-02","matched","matched","verified_product_page","https://seatcover.jp/c/suzuki/jimny/refinad-00113",""
"793496c4e749","スズキ","ジムニー","Refinad","Leather Series","seatcover","3","S0113-02","matched","matched","verified_product_page","https://seatcover.jp/c/suzuki/jimny/refinad-00113",""
"f2e752b8ba9a","スズキ","ジムニー","Refinad","Alcantara Series","seatcover","4","S0113-02","matched","matched","verified_product_page","https://seatcover.jp/c/suzuki/jimny/refinad-al00113",""
"2cb0c340a46e","スズキ","ジムニー","Refinad","Leather Series","seatcover","3","S0113-02","matched","matched","verified_product_page","https://seatcover.jp/c/suzuki/jimny/refinad-00113",""
"197a65d487ec","スズキ","ジムニー","Refinad","Leather Series","seatcover","3","S0113-02","matched","matched","verified_product_page","https://seatcover.jp/c/suzuki/jimny/refinad-00113",""
"b4cbac571e23","スズキ","ジムニー","Refinad","Leather Deluxe Series","seatcover","2","S0113-02","matched","matched","verified_product_page","https://seatcover.jp/c/suzuki/jimny/refinad-dx00113",""
"dbd85ae52f04","スズキ","ジムニー","Refinad","Exclusive Design Series","seatcover","3","S0113-02","matched","matched","verified_product_page","https://seatcover.jp/c/suzuki/jimny/refinad-ex00113",""
"96ba65a15e5c","スズキ","ジムニー","Refinad","Custom Series","seatcover","4","S0113-02","matched","matched","verified_product_page","https://seatcover.jp/c/suzuki/jimny/refinad-cs00113",""
"36d809acb6f9","スズキ","ジムニー","Refinad","Exclusive Design Series","seatcover","3","S0113-02","matched","matched","verified_product_page","https://seatcover.jp/c/suzuki/jimny/refinad-ex00113",""
"f7baf9ec9f92","スズキ","ジムニー","Refinad","Leather Series","seatcover","4","S0113-02","matched","matched","verified_product_page","https://seatcover.jp/c/suzuki/jimny/refinad-00113",""
"11a7975ec995","スズキ","ジムニー","Refinad","Alcantara Series","seatcover","2","S0113-02","matched","matched","verified_product_page","https://seatcover.jp/c/suzuki/jimny/refinad-al00113",""
"4d3d78c29bcc","スズキ","ジムニー","Refinad","Leather Series","seatcover","2","S0113-02","matched","matched","verified_product_page","https://seatcover.jp/c/suzuki/jimny/refinad-00113",""
"f337b883dadd","スズキ","ジムニー","Refinad","Leather Series","seatcover","4","S0113-02","matched","matched","verified_product_page","https://seatcover.jp/c/suzuki/jimny/refinad-00113",""
"c98be6c24516","スズキ","ジムニー","Refinad","Leather Deluxe Series","seatcover","2","S0113-02","matched","matched","verified_product_page","https://seatcover.jp/c/suzuki/jimny/refinad-dx00113",""
"640c0a22c541","スズキ","ジムニー","Refinad","Harmonious Leather Series","seatcover","4","S0113-02","matched","matched","verified_product_page","https://seatcover.jp/c/suzuki/jimny/refinad-hs00113",""
"38c09d41c236","スズキ","ジムニー","Refinad","Harmonious Leather Series","seatcover","3","S0113-02","matched","matched","verified_product_page","https://seatcover.jp/c/suzuki/jimny/refinad-hs00113",""
"e2c1af3072b5","スズキ","ジムニー","Refinad","Leather Series","seatcover","2","S0113-02","matched","matched","verified_product_page","https://seatcover.jp/c/suzuki/jimny/refinad-00113",""
"f1763f957577","スズキ","ジムニー","Refinad","Leather Deluxe Series","seatcover","2","S0113-02","matched","matched","verified_product_page","https://seatcover.jp/c/suzuki/jimny/refinad-dx00113",""
"8025d2e05423","スズキ","ジムニー","Refinad","Leather Deluxe Series","seatcover","4","S0113-02","matched","matched","verified_product_page","https://seatcover.jp/c/suzuki/jimny/refinad-dx00113",""
"09ff199fd50d","スズキ","ジムニー","Refinad","Exclusive Design Series","seatcover","4","S0113-02","matched","matched","verified_product_page","https://seatcover.jp/c/suzuki/jimny/refinad-ex00113",""
"b0dcc164c9b3","スズキ","ジムニー","Refinad","Harmonious Leather Series","seatcover","2","S0113-02","matched","matched","verified_product_page","https://seatcover.jp/c/suzuki/jimny/refinad-hs00113",""
"231f35dd77e6","スズキ","ジムニー","Refinad","Alcantara Series","seatcover","2","S0113-02","matched","matched","verified_product_page","https://seatcover.jp/c/suzuki/jimny/refinad-al00113",""
"5c21d8cbf901","スズキ","ジムニー","Refinad","Exclusive Design Series","seatcover","2","S0113-02","matched","matched","verified_product_page","https://seatcover.jp/c/suzuki/jimny/refinad-ex00113",""
"87dbc61a941e","スズキ","ジムニー","Refinad","Quilt Series","seatcover","2","S0113-02","matched","matched","verified_product_page","https://seatcover.jp/c/suzuki/jimny/refinad-qs00113",""
"6b82b735081a","スズキ","ジムニー","Refinad","Leather Series","seatcover","2","S0113-02","matched","matched","verified_product_page","https://seatcover.jp/c/suzuki/jimny/refinad-00113",""
"1241fc7ed610","スズキ","ジムニー","Refinad","Alcantara Series","seatcover","3","S0113-01","matched","matched","verified_product_page","https://seatcover.jp/c/suzuki/jimny/refinad-al00113",""
"fc5069e05f87","スズキ","ジムニー","Refinad","Leather Deluxe Series","seatcover","2","S0113-02","matched","matched","verified_product_page","https://seatcover.jp/c/suzuki/jimny/refinad-dx00113",""
"eb4dddde4409","スズキ","ジムニー","Refinad","Quilt Series","seatcover","3","S0113-02","matched","matched","verified_product_page","https://seatcover.jp/c/suzuki/jimny/refinad-qs00113",""
"0ab3dd0e4b03","スズキ","ジムニー","Refinad","Leather Series","seatcover","3","S0113-02","matched","matched","verified_product_page","https://seatcover.jp/c/suzuki/jimny/refinad-00113",""
"429eb81472dd","スズキ","ジムニー","Refinad","Leather Series","seatcover","2","S0113-02","matched","matched","verified_product_page","https://seatcover.jp/c/suzuki/jimny/refinad-00113",""
"6076ecd93126","スズキ","ジムニー","Refinad","Custom Series","seatcover","5","S0113-02","matched","matched","verified_product_page","https://seatcover.jp/c/suzuki/jimny/refinad-cs00113",""
"531ca26eec81","スズキ","ランディ","Refinad","Quilt Series","seatcover","5","T0013-24","none","car_mismatch","unverified","https://seatcover.jp/f/match_renewal",""
"635435aa5c3d","スズキ","ラパン","Sandii","マカロン","seatcover","4","S0120-01","matched","matched","verified_product_page","https://seatcover.jp/c/suzuki/lapin/sandii-mc00120",""
"d8f4d902d5cc","スズキ","ラパン","Sandii","ドルチェ","seatcover","5","S0120-06","matched","matched","verified_product_page","https://seatcover.jp/c/suzuki/lapin/sandii-dc00120",""
"cb38dbdbe8cb","スズキ","ラパン","Sandii","コロール","seatcover","4","S0120-01","matched","matched","verified_product_page","https://seatcover.jp/c/suzuki/lapin/sandii-00120",""
"cda9e7e4dd25","スズキ","ラパン","Sandii","マカロン","seatcover","4","S0120-01","matched","matched","verified_product_page","https://seatcover.jp/c/suzuki/lapin/sandii-mc00120",""
"3d2d8835b616","スズキ","ラパン","Sandii","マカロン","seatcover","4","S0120-01","matched","matched","verified_product_page","https://seatcover.jp/c/suzuki/lapin/sandii-mc00120",""
"5c24fdb46d4f","スズキ","ラパン","Sandii","カヌレグラッセ","seatcover","4","S0120-01","matched","matched","verified_product_page","https://seatcover.jp/c/suzuki/lapin/sandii-cg00120",""
"0ef38736d424","スズキ","ラパン","Sandii","ワッフル","seatcover","4","S0120-04","matched","matched","verified_product_page","https://seatcover.jp/c/suzuki/lapin/sandii-wf00120",""
"44f01f94a8ff","スズキ","ラパン","Sandii","ワッフル","seatcover","3","S0120-04","matched","matched","verified_product_page","https://seatcover.jp/c/suzuki/lapin/sandii-wf00120",""
"be2443d21714","スズキ","ラパン","Sandii","カヌレグラッセ","seatcover","3","S0120-01","matched","matched","verified_product_page","https://seatcover.jp/c/suzuki/lapin/sandii-cg00120",""
"dd8d9b972ee5","スズキ","ラパン","Sandii","デニムロール","seatcover","5","S0120-04","matched","matched","verified_product_page","https://seatcover.jp/c/suzuki/lapin/sandii-dr00120",""
"0b712976a3ce","スズキ","ラパン","Sandii","マカロン","seatcover","4","S0120-01","matched","matched","verified_product_page","https://seatcover.jp/c/suzuki/lapin/sandii-mc00120",""
"3be7ed98b160","スズキ","ラパン","Sandii","マカロン","seatcover","3","S0120-01","matched","matched","verified_product_page","https://seatcover.jp/c/suzuki/lapin/sandii-mc00120",""
"0ce4d2c470f6","スズキ","ラパン","Sandii","マカロン","seatcover","3","S0120-01","matched","matched","verified_product_page","https://seatcover.jp/c/suzuki/lapin/sandii-mc00120",""
"01b22bfa04b8","スズキ","ラパン","Sandii","マカロン","seatcover","4","S0120-01","matched","matched","verified_product_page","https://seatcover.jp/c/suzuki/lapin/sandii-mc00120",""
"9d191f46ed0b","スズキ","ラパン","Sandii","ワッフル","seatcover","4","S0120-02","matched","matched","verified_product_page","https://seatcover.jp/c/suzuki/lapin/sandii-wf00120",""
"56a880c54006","スズキ","ラパン","Sandii","マカロン","seatcover","4","S0120-01","matched","matched","verified_product_page","https://seatcover.jp/c/suzuki/lapin/sandii-mc00120",""
"edcc7cfc775f","スズキ","ラパン","Sandii","マカロン","seatcover","2","S0120-01","matched","matched","verified_product_page","https://seatcover.jp/c/suzuki/lapin/sandii-mc00120",""
"096a0eecacf1","スズキ","ラパン","Sandii","カヌレグラッセ","seatcover","5","S0120-01","matched","matched","verified_product_page","https://seatcover.jp/c/suzuki/lapin/sandii-cg00120",""
"51deb628f5a4","スズキ","ラパン","Sandii","ワッフル","seatcover","4","S0120-04","matched","matched","verified_product_page","https://seatcover.jp/c/suzuki/lapin/sandii-wf00120",""
"384d076b1632","スズキ","ラパン","Sandii","ワッフル","seatcover","3","S0120-02","matched","matched","verified_product_page","https://seatcover.jp/c/suzuki/lapin/sandii-wf00120",""
"92528d0777d0","スズキ","ラパン","Sandii","マカロン","seatcover","3","S0120-01","matched","matched","verified_product_page","https://seatcover.jp/c/suzuki/lapin/sandii-mc00120",""
"5b0191663bf3","スズキ","ラパン","Sandii","ワッフル","seatcover","3","S0120-04","matched","matched","verified_product_page","https://seatcover.jp/c/suzuki/lapin/sandii-wf00120",""
"0020f731cae9","スズキ","ラパン","Sandii","ワッフル","seatcover","2","S0120-04","matched","matched","verified_product_page","https://seatcover.jp/c/suzuki/lapin/sandii-wf00120",""
"d277e4e84ea3","スズキ","ラパン","Sandii","マカロン","seatcover","3","S0120-01","matched","matched","verified_product_page","https://seatcover.jp/c/suzuki/lapin/sandii-mc00120",""
"209cc29c0cd7","スズキ","ラパン","Sandii","カヌレグラッセ","seatcover","3","S0120-01","matched","matched","verified_product_page","https://seatcover.jp/c/suzuki/lapin/sandii-cg00120",""
"e35a31bcdc46","スズキ","ラパン","Sandii","デニムサンド","seatcover","2","S0120-06","matched","matched","verified_product_page","https://seatcover.jp/c/suzuki/lapin/sandii-ds00120",""
"cc0b608624a9","スズキ","ラパン","Sandii","ワッフル","seatcover","4","S0120-04","matched","matched","verified_product_page","https://seatcover.jp/c/suzuki/lapin/sandii-wf00120",""
"a61a8210b113","スズキ","ラパン","Sandii","マカロン","seatcover","2","S0120-01","matched","matched","verified_product_page","https://seatcover.jp/c/suzuki/lapin/sandii-mc00120",""
"43266477ced8","スズキ","ラパン","Sandii","カヌレ","seatcover","2","S0120-04","matched","matched","verified_product_page","https://seatcover.jp/c/suzuki/lapin/sandii-cn00120",""
"07f3e70546eb","スズキ","ラパン","Sandii","マカロン","seatcover","3","S0120-01","matched","matched","verified_product_page","https://seatcover.jp/c/suzuki/lapin/sandii-mc00120",""
"92082c482923","スズキ","ラパン","Sandii","マカロン","seatcover","3","S0120-01","matched","matched","verified_product_page","https://seatcover.jp/c/suzuki/lapin/sandii-mc00120",""
"e0254f985b5e","スズキ","ラパン","Sandii","カヌレグラッセ","seatcover","2","S0120-01","matched","matched","verified_product_page","https://seatcover.jp/c/suzuki/lapin/sandii-cg00120",""
"e565395b097e","スズキ","ラパン","Sandii","マカロン","seatcover","3","S0120-01","matched","matched","verified_product_page","https://seatcover.jp/c/suzuki/lapin/sandii-mc00120",""
"c09ddfdc7636","スズキ","ラパン","Sandii","ワッフル","seatcover","2","S0120-04","matched","matched","verified_product_page","https://seatcover.jp/c/suzuki/lapin/sandii-wf00120",""
"4ca317a379ca","スズキ","ラパン","Sandii","コロール","seatcover","3","S0120-01","matched","matched","verified_product_page","https://seatcover.jp/c/suzuki/lapin/sandii-00120",""
"96c8c83ac2f7","スズキ","ラパン","Sandii","マカロン","seatcover","5","S0120-03","matched","matched","verified_product_page","https://seatcover.jp/c/suzuki/lapin/sandii-mc00120",""
"2c151aa48418","スズキ","ラパン","Refinad","Avant-Garde Series","seatcover","4","S0120-04","matched","matched","verified_product_page","https://seatcover.jp/c/suzuki/lapin/refinad-ag00120",""
"9fdb9824d013","スズキ","ラパン","Refinad","Leather Series","seatcover","3","S0120-04","matched","matched","verified_product_page","https://seatcover.jp/c/suzuki/lapin/refinad-00120",""
"995560a00292","スズキ","ソリオバンデット","Sandii","カヌレグラッセ","seatcover","3","S0116-11","none","car_mismatch","verified_product_page","https://seatcover.jp/c/suzuki/soliobandit/sandii-cg00117",""
"c28f4d0258d1","スズキ","ソリオバンデット","Refinad","Leather Series","seatcover","4","S0116-11","none","car_mismatch","verified_product_page","https://seatcover.jp/c/suzuki/soliobandit/refinad-00117",""
"89e6340d6993","スズキ","ソリオバンデット","Refinad","Quilt Series","seatcover","3","S0116-11","none","car_mismatch","verified_product_page","https://seatcover.jp/c/suzuki/soliobandit/refinad-qs00117",""
"75f7d2d03cea","スズキ","スイフト","Sandii","カヌレ","seatcover","2","S0646-01","none","car_mismatch","unverified","https://seatcover.jp/f/match_renewal",""
"5009765a0ec3","スズキ","スイフト","Refinad","Leather Deluxe Series","seatcover","5","S0114-05","matched","matched","verified_product_page","https://seatcover.jp/c/suzuki/swift/refinad-dx00114",""
"3e7f2a669edc","スズキ","スイフト","Refinad","Quilt Series","seatcover","3","S0114-05","matched","matched","verified_product_page","https://seatcover.jp/c/suzuki/swift/refinad-qs00114",""
"f856b1243d2e","スズキ","スイフト","Refinad","Leather Series","seatcover","3","S0114-07","matched","matched","verified_product_page","https://seatcover.jp/c/suzuki/swift/refinad-00114",""
"7cc4faeaa9ad","スズキ","スイフト","Refinad","Leather Series","seatcover","3","S0114-08","matched","matched","verified_product_page","https://seatcover.jp/c/suzuki/swift/refinad-00114",""
"01c8ab8c22c2","スズキ","スイフト","Refinad","Custom Series","seatcover","2","S0646-01","none","car_mismatch","unverified","https://seatcover.jp/f/match_renewal",""
"8929f71948d2","スズキ","スイフト","Refinad","Leather Deluxe Series","seatcover","2","S0114-08","matched","matched","verified_product_page","https://seatcover.jp/c/suzuki/swift/refinad-dx00114",""
"be3ac65a4f56","スズキ","スイフト","Refinad","Quilt Series","seatcover","4","S0114-05","matched","matched","verified_product_page","https://seatcover.jp/c/suzuki/swift/refinad-qs00114",""
"244d7127d740","スズキ","スイフト","Refinad","Leather Series","seatcover","3","S0114-08","matched","matched","verified_product_page","https://seatcover.jp/c/suzuki/swift/refinad-00114",""
"4c32e9e18e41","スズキ","スイフト","Refinad","Harmonious Leather Series","seatcover","2","S0114-08","matched","matched","verified_product_page","https://seatcover.jp/c/suzuki/swift/refinad-hs00114",""
"f8fa5d7aad6f","トヨタ","ベルタ","Refinad","Leather Series","seatcover","4","T0090-01","none","car_mismatch","unverified","https://seatcover.jp/f/match_renewal",""
"8ea582449ecd","トヨタ","カムリ","Refinad","Leather Deluxe Series","seatcover","2","T0467-01","matched","matched","verified_product_page","https://seatcover.jp/c/toyota/camry/refinad-dx00467",""
"f23002130f1d","トヨタ","カムリ","Refinad","Leather Series","seatcover","3","T0467-01","matched","matched","verified_product_page","https://seatcover.jp/c/seatcovermaker/refinad/refinad-leather/refinad-00467",""
"6e4abc577f94","トヨタ","カムリ","Refinad","Leather Deluxe Series","seatcover","2","T0467-01","matched","matched","verified_product_page","https://seatcover.jp/c/toyota/camry/refinad-dx00467",""
"ef0c4ae346ac","トヨタ","カムリ","Refinad","Alcantara Series","seatcover","2","T0014-14","none","car_mismatch","unverified","https://seatcover.jp/f/match_renewal",""
"e47a0033ab2a","トヨタ","カムリ","Refinad","Leather Series","seatcover","2","T0467-01","matched","matched","verified_product_page","https://seatcover.jp/c/seatcovermaker/refinad/refinad-leather/refinad-00467",""
"11850fea7bfa","トヨタ","クラウンマジェスタ","Dotty","DIA-LUX","seatcover","9","","none","no_code","no_direct_candidate","https://seatcover.jp/c/toyota/crownmajesta",""
"c38cdc9d0722","トヨタ","ハイラックス","Sandii","キャンバス","seatcover","3","S0120-06","none","car_mismatch","unverified","https://seatcover.jp/f/match_renewal",""
"4cc3218a693f","トヨタ","ハイラックス","Sandii","オールドカヌレ","seatcover","3","T0500-01","matched","matched","verified_product_page","https://seatcover.jp/c/toyota/hilux/sandii-oc00500",""
"10fc72789f6a","トヨタ","ハイラックス","Refinad","Leather Series","seatcover","3","T0640-01","none","car_mismatch","unverified","https://seatcover.jp/f/match_renewal",""
"bff5771644c4","トヨタ","ハイラックス","Refinad","Leather Deluxe Series","seatcover","3","T0500-01","matched","matched","verified_product_page","https://seatcover.jp/c/toyota/hilux/refinad-dx00500",""
"26e705581ad7","トヨタ","ハイラックス","Refinad","Leather Series","seatcover","3","T0500-01","matched","matched","verified_product_page","https://seatcover.jp/c/toyota/hilux/refinad-00500",""
"dd38f4c62562","トヨタ","ハイラックス","Refinad","Harmonious Leather Series","seatcover","4","T0500-01","matched","matched","verified_product_page","https://seatcover.jp/c/toyota/hilux/refinad-hs00500",""
"854df0bb81d4","トヨタ","ハイラックス","Refinad","Harmonious Leather Series","seatcover","3","T0500-01","matched","matched","verified_product_page","https://seatcover.jp/c/toyota/hilux/refinad-hs00500",""
"950bfabcf1c6","トヨタ","ハイラックス","Refinad","Leather Series","seatcover","3","T0640-01","none","car_mismatch","unverified","https://seatcover.jp/f/match_renewal",""
"67eebe7b66d9","トヨタ","ハイラックス","Refinad","Leather Deluxe Series","seatcover","3","T0500-01","matched","matched","verified_product_page","https://seatcover.jp/c/toyota/hilux/refinad-dx00500",""
"ed7a09b5557a","トヨタ","ハイラックス","Refinad","Alcantara Series","seatcover","3","T0500-01","matched","matched","verified_product_page","https://seatcover.jp/c/toyota/hilux/refinad-al00500",""
"639f01dac493","トヨタ","ハイラックス","Refinad","Custom Series","seatcover","2","T0500-01","matched","matched","verified_product_page","https://seatcover.jp/c/toyota/hilux/refinad-cs00500",""
"9bdc90027482","トヨタ","ハイラックス","Refinad","Leather Deluxe Series","seatcover","3","T0500-01","matched","matched","verified_product_page","https://seatcover.jp/c/toyota/hilux/refinad-dx00500",""
"d8812904b33f","トヨタ","ハイラックス","Refinad","Leather Series","seatcover","2","T0500-01","matched","matched","verified_product_page","https://seatcover.jp/c/toyota/hilux/refinad-00500",""
"b563d15daab1","トヨタ","ハイラックス","Refinad","Custom Series","seatcover","2","T0500-01","matched","matched","verified_product_page","https://seatcover.jp/c/toyota/hilux/refinad-cs00500",""
"9d9ebd6980b8","トヨタ","ハイラックス","Refinad","Custom Series","seatcover","2","T0500-01","matched","matched","verified_product_page","https://seatcover.jp/c/toyota/hilux/refinad-cs00500",""
"d70c447c1455","トヨタ","ハイラックス","Refinad","Harmonious Leather Series","seatcover","4","T0500-01","matched","matched","verified_product_page","https://seatcover.jp/c/toyota/hilux/refinad-hs00500",""
"ffc5130a8a76","トヨタ","ハイラックス","Refinad","Avant-Garde Series","seatcover","2","T0500-01","matched","matched","verified_product_page","https://seatcover.jp/c/toyota/hilux/refinad-ag00500",""
"0c5fff1a138a","トヨタ","ハイラックス","Refinad","Leather Deluxe Series","seatcover","3","T0500-01","matched","matched","verified_product_page","https://seatcover.jp/c/toyota/hilux/refinad-dx00500",""
"0997cbcb1413","トヨタ","ハイラックス","Refinad","Quilt Series","seatcover","2","T0500-01","matched","matched","verified_product_page","https://seatcover.jp/c/toyota/hilux/refinad-qs00500",""
"579efea667db","トヨタ","ハイラックス","Refinad","Leather Series","seatcover","4","T0500-01","matched","matched","verified_product_page","https://seatcover.jp/c/toyota/hilux/refinad-00500",""
"4b9bed1b28d2","トヨタ","ハイラックス","Refinad","Leather Deluxe Series","seatcover","3","T0500-01","matched","matched","verified_product_page","https://seatcover.jp/c/toyota/hilux/refinad-dx00500",""
"1cf9a272e0a3","トヨタ","ハイラックス","Refinad","Leather Series","seatcover","3","T0500-01","matched","matched","verified_product_page","https://seatcover.jp/c/toyota/hilux/refinad-00500",""
"db7c78ce9506","トヨタ","ハイラックス","Refinad","Leather Deluxe Series","seatcover","2","T0500-01","matched","matched","verified_product_page","https://seatcover.jp/c/toyota/hilux/refinad-dx00500",""
"033d8153100d","トヨタ","ハイラックス","Refinad","Harmonious Leather Series","seatcover","3","T0500-01","matched","matched","verified_product_page","https://seatcover.jp/c/toyota/hilux/refinad-hs00500",""
"3286a36bdf3b","トヨタ","ハイラックス","Refinad","Leather Deluxe Series","seatcover","3","T0500-01","matched","matched","verified_product_page","https://seatcover.jp/c/toyota/hilux/refinad-dx00500",""
"b489e0b54997","トヨタ","ハイラックス","Refinad","Harmonious Leather Series","seatcover","2","T0500-01","matched","matched","verified_product_page","https://seatcover.jp/c/toyota/hilux/refinad-hs00500",""
"c70fd507c55d","トヨタ","ハイラックス","Refinad","Leather Deluxe Series","seatcover","4","T0500-01","matched","matched","verified_product_page","https://seatcover.jp/c/toyota/hilux/refinad-dx00500",""
"b7c21cf3c9e3","トヨタ","ハイラックス","Refinad","Alcantara Series","seatcover","4","T0500-01","matched","matched","verified_product_page","https://seatcover.jp/c/toyota/hilux/refinad-al00500",""
"3f9cd95da90a","トヨタ","イプサム","Dotty","EURO-GT","seatcover","8","","none","no_code","no_direct_candidate","https://seatcover.jp/c/toyota/ipsum",""
"20e20828d557","トヨタ","マーク2","Refinad","Leather Series","seatcover","3","","none","no_code","unverified","https://seatcover.jp/f/match_renewal",""
"da6fdffc5018","トヨタ","パッソ","Sandii","マカロン","seatcover","1","T0028-06","matched","matched","verified_product_page","https://seatcover.jp/c/seatcovermaker/sandii/sandii-macaron/sandii-mc00028",""
"f9e1eb12e8d4","トヨタ","パッソ","Sandii","コロール","seatcover","2","T0500-01","none","car_mismatch","no_direct_candidate","https://seatcover.jp/c/toyota/passo",""
"debc73ffd424","トヨタ","スペイドDBA-NSP141","Sandii","デニムサンド","seatcover","5","T0023-01","none","car_mismatch","no_direct_candidate","https://seatcover.jp/c/toyota/spade",""
"aa6d90224c4f","トヨタ","プラド","Dotty","DEP-V","seatcover","6","","none","no_code","no_direct_candidate","https://seatcover.jp/c/toyota/landcruiserprado",""
"695fa514218a","トヨタ","プリウス","Refinad","Astraea Leaf","seatcover","37","T0340-03","none","car_mismatch","unverified","https://seatcover.jp/c/toyota/prius",""
"598dd4a743b2","トヨタ","プリウス","Sandii","オールドカヌレ","seatcover","4","T0340-04","none","car_mismatch","unverified","https://seatcover.jp/f/match_renewal",""
"c31a1560b2b4","トヨタ","プリウス","Sandii","オールドカヌレ","seatcover","3","T0340-04","none","car_mismatch","unverified","https://seatcover.jp/f/match_renewal",""
"267578971d3e","トヨタ","プリウス","Sandii","コロール","seatcover","4","T0340-04","none","car_mismatch","no_direct_candidate","https://seatcover.jp/c/toyota/prius",""
"fd5d25c5fc32","トヨタ","プリウス","Refinad","Harmonious Leather Series","seatcover","4","T0340-01","none","car_mismatch","verified_product_page","https://seatcover.jp/c/toyota/prius/refinad-hs00036",""
"bbcfdfdcd408","トヨタ","プリウス","Refinad","Leather Deluxe Series","seatcover","4","T0036-02","matched","matched","verified_product_page","https://seatcover.jp/c/toyota/prius/refinad-dx00036",""
"b01213d00b27","トヨタ","プリウス","Refinad","Custom Series","seatcover","4","T0340-03","none","car_mismatch","verified_product_page","https://seatcover.jp/c/toyota/prius/refinad-cs00036",""
"c6e87e51af01","トヨタ","プリウス","Refinad","Quilt Series","seatcover","4","T0340-07","none","car_mismatch","unverified","https://seatcover.jp/f/match_renewal",""
"88e090d0bdb6","トヨタ","プリウス","Refinad","Leather Deluxe Series","seatcover","5","T0003-07","none","car_mismatch","unverified","https://seatcover.jp/f/match_renewal",""
"c5e0b01c0144","トヨタ","プリウス","Refinad","Leather Series","seatcover","3","T0340-01","none","car_mismatch","unverified","https://seatcover.jp/f/match_renewal",""
"6732768aa201","トヨタ","プリウス","Refinad","Old Leather Series","seatcover","4","T0036-02","matched","matched","verified_product_page","https://seatcover.jp/c/toyota/prius/refinad-ol00036",""
"57927ccca0ae","トヨタ","プリウス","Refinad","Custom Series","seatcover","2","T0340-06","none","car_mismatch","unverified","https://seatcover.jp/f/match_renewal",""
"64b76997dba4","トヨタ","プリウス","Refinad","Leather Series","seatcover","3","T0340-04","none","car_mismatch","unverified","https://seatcover.jp/f/match_renewal",""
"f1d82e5a3095","トヨタ","プリウス","Refinad","Leather Deluxe Series","seatcover","3","T0340-01","none","car_mismatch","verified_product_page","https://seatcover.jp/c/toyota/prius/refinad-dx00036",""
"2406b8b260fc","トヨタ","プリウス","Refinad","Leather Series","seatcover","2","T0036-02","matched","matched","verified_product_page","https://seatcover.jp/c/toyota/prius/refinad-00036",""
"a1e20323c77a","トヨタ","プリウス","Refinad","シリーズ名の記載なし","seatcover","2","T0340-04","none","car_mismatch","no_direct_candidate","https://seatcover.jp/c/toyota/prius",""
"fc48ec153a6f","トヨタ","プリウス","Refinad","Leather Series","seatcover","5","T0340-03","none","car_mismatch","unverified","https://seatcover.jp/f/match_renewal",""
"a43b854e1b5b","トヨタ","プリウス","Refinad","Leather Deluxe Series","seatcover","3","T0340-01","none","car_mismatch","verified_product_page","https://seatcover.jp/c/toyota/prius/refinad-dx00036",""
"0e52ecd8ed59","トヨタ","プリウス","Refinad","Leather Deluxe Series","seatcover","3","T0036-02","matched","matched","verified_product_page","https://seatcover.jp/c/toyota/prius/refinad-dx00036",""
"ebb0d60ed7a8","トヨタ","プリウス","Refinad","Leather Deluxe Series","seatcover","3","T0340-03","none","car_mismatch","verified_product_page","https://seatcover.jp/c/toyota/prius/refinad-dx00036",""
"5fe496278e82","トヨタ","プリウス","Refinad","Harmonious Leather Series","seatcover","2","T0036-02","matched","matched","verified_product_page","https://seatcover.jp/c/toyota/prius/refinad-hs00036",""
"1e57f5a7df09","トヨタ","プリウス","Refinad","Leather Deluxe Series","seatcover","2","T0340-01","none","car_mismatch","verified_product_page","https://seatcover.jp/c/toyota/prius/refinad-dx00036",""
"6c5a062ac64e","トヨタ","プリウス","Refinad","シリーズ名の記載なし","seatcover","3","T0340-01","none","car_mismatch","no_direct_candidate","https://seatcover.jp/c/toyota/prius",""
"dda3104f58bd","トヨタ","プリウス","Refinad","Quilt Series","seatcover","3","T0036-02","matched","matched","verified_product_page","https://seatcover.jp/c/toyota/prius/refinad-qs00036",""
"f69b06008116","トヨタ","プリウス","Refinad","Harmonious Leather Series","seatcover","2","T0340-01","none","car_mismatch","verified_product_page","https://seatcover.jp/c/toyota/prius/refinad-hs00036",""
"8ee405cdefd6","トヨタ","プリウス","Refinad","Leather Series","seatcover","2","T0036-02","matched","matched","verified_product_page","https://seatcover.jp/c/toyota/prius/refinad-00036",""
"a0cdac465f9e","トヨタ","プリウス","Refinad","Avant-Garde Series","seatcover","2","T0036-04","matched","matched","verified_product_page","https://seatcover.jp/c/toyota/prius/refinad-ag00036",""
"22c8248982a6","トヨタ","プリウス","Refinad","Leather Deluxe Series","seatcover","3","T0340-01","none","car_mismatch","verified_product_page","https://seatcover.jp/c/toyota/prius/refinad-dx00036",""
"e877aac48258","トヨタ","プリウス","Refinad","Harmonious Leather Series","seatcover","3","T0340-01","none","car_mismatch","verified_product_page","https://seatcover.jp/c/toyota/prius/refinad-hs00036",""
"13fc5d00fbff","トヨタ","プリウス","Refinad","シリーズ名の記載なし","seatcover","4","T0036-02","matched","matched","no_direct_candidate","https://seatcover.jp/c/toyota/prius",""
"6c78ef3b3faa","トヨタ","プリウス","Refinad","シリーズ名の記載なし","seatcover","3","T0036-02","matched","matched","no_direct_candidate","https://seatcover.jp/c/toyota/prius",""
"8a9379864ad9","トヨタ","プリウス","Refinad","Leather Series","seatcover","3","T0036-02","matched","matched","verified_product_page","https://seatcover.jp/c/toyota/prius/refinad-00036",""
"487be32a577b","トヨタ","プリウス","Refinad","Exclusive Design Series","seatcover","6","T0036-05","matched","matched","no_direct_candidate","https://seatcover.jp/c/toyota/prius",""
"672a52a67cf7","トヨタ","プリウス","Refinad","Leather Deluxe Series","seatcover","5","T0340-01","none","car_mismatch","verified_product_page","https://seatcover.jp/c/toyota/prius/refinad-dx00036",""
"6bd9e201fc82","トヨタ","ライズ","Sandii","オールドカヌレ","seatcover","4","D0522-01","matched","matched","verified_product_page","https://seatcover.jp/c/toyota/raize/sandii-oc00523",""
"36b201c0e593","トヨタ","ライズ","Sandii","ワッフル","seatcover","3","D0522-01","matched","matched","verified_product_page","https://seatcover.jp/c/toyota/raize/sandii-wf00523",""
"450948fc0c99","トヨタ","ライズ","Sandii","デニムサンド","seatcover","4","D0522-01","matched","matched","verified_product_page","https://seatcover.jp/c/toyota/raize/sandii-ds00523",""
"42401a22a72f","トヨタ","ライズ","Sandii","オールドカヌレ","seatcover","4","D0522-01","matched","matched","verified_product_page","https://seatcover.jp/c/toyota/raize/sandii-oc00523",""
"409681b29021","トヨタ","ライズ","Sandii","カヌレ","seatcover","1","T0539-04","none","car_mismatch","unverified","https://seatcover.jp/f/match_renewal",""
"caf65fb156b4","トヨタ","ライズ","Refinad","Harmonious Leather Series","seatcover","4","T0624-01","none","car_mismatch","unverified","https://seatcover.jp/f/match_renewal",""
"3c25b1882610","トヨタ","ライズ","Refinad","Leather Series","seatcover","4","D0522-01","matched","matched","verified_product_page","https://seatcover.jp/c/toyota/raize/refinad-00523",""
"3780df914529","トヨタ","ライズ","Refinad","Harmonious Leather Series","seatcover","4","D0522-01","matched","matched","verified_product_page","https://seatcover.jp/c/seatcovermaker/refinad/refinad-harmonious/refinad-hs00523",""
"09036b9cb39f","トヨタ","ライズ","Refinad","Leather Deluxe Series","seatcover","3","D0522-01","matched","matched","verified_product_page","https://seatcover.jp/c/toyota/raize/refinad-dx00523",""
"33946e9c58dd","トヨタ","ライズ","Refinad","Leather Series","seatcover","3","D0522-01","matched","matched","verified_product_page","https://seatcover.jp/c/toyota/raize/refinad-00523",""
"7b543b7d8848","トヨタ","ライズ","Refinad","Harmonious Leather Series","seatcover","4","D0522-01","matched","matched","verified_product_page","https://seatcover.jp/c/seatcovermaker/refinad/refinad-harmonious/refinad-hs00523",""
"7b77577da679","トヨタ","ライズ","Refinad","Leather Deluxe Series","seatcover","2","D0522-01","matched","matched","verified_product_page","https://seatcover.jp/c/toyota/raize/refinad-dx00523",""
"4ee9530b8bbe","トヨタ","ライズ","Refinad","Custom Series","seatcover","2","D0522-01","matched","matched","verified_product_page","https://seatcover.jp/c/seatcovermaker/refinad/refinad-custom/refinad-cs00523",""
"ecb9489f9bcb","トヨタ","ライズ","Refinad","Leather Series","seatcover","3","D0522-01","matched","matched","verified_product_page","https://seatcover.jp/c/toyota/raize/refinad-00523",""
"a264503654c0","トヨタ","ライズ","Refinad","Alcantara Series","seatcover","2","D0522-01","matched","matched","verified_product_page","https://seatcover.jp/c/toyota/raize/refinad-al00523",""
"1d368f24bcd3","トヨタ","ライズ","Refinad","Leather Series","seatcover","2","D0522-01","matched","matched","verified_product_page","https://seatcover.jp/c/toyota/raize/refinad-00523",""
"afecada13dc5","トヨタ","ライズ","Refinad","Harmonious Leather Series","seatcover","2","D0522-01","matched","matched","verified_product_page","https://seatcover.jp/c/seatcovermaker/refinad/refinad-harmonious/refinad-hs00523",""
"40f7c19cbdd6","トヨタ","ライズ","Refinad","Custom Series","seatcover","2","D0522-01","matched","matched","verified_product_page","https://seatcover.jp/c/seatcovermaker/refinad/refinad-custom/refinad-cs00523",""
"17bdb30451cd","トヨタ","ライズ","Refinad","Leather Series","seatcover","3","D0522-01","matched","matched","verified_product_page","https://seatcover.jp/c/toyota/raize/refinad-00523",""
"e649979c027d","トヨタ","ライズ","Refinad","Leather Deluxe Series","seatcover","2","D0522-01","matched","matched","verified_product_page","https://seatcover.jp/c/toyota/raize/refinad-dx00523",""
"6c7fd63c4392","トヨタ","ライズ","Refinad","Avant-Garde Series","seatcover","2","D0522-01","matched","matched","verified_product_page","https://seatcover.jp/c/toyota/raize/refinad-ag00523",""
"2d3d0dba7489","トヨタ","ライズ","Refinad","Leather Deluxe Series","seatcover","5","D0522-01","matched","matched","verified_product_page","https://seatcover.jp/c/toyota/raize/refinad-dx00523",""
"0f951bff90eb","トヨタ","ルーミー","Sandii","シリーズ名の記載なし","seatcover","5","T0394-03","matched","matched","no_direct_candidate","https://seatcover.jp/c/toyota/roomy",""
"6067818ff44b","トヨタ","ルーミー","Sandii","エクレア","seatcover","3","T0394-03","matched","matched","verified_product_page","https://seatcover.jp/c/toyota/roomy/sandii-ec00394",""
"e8addba5df2b","トヨタ","ルーミー","Sandii","マカロン","seatcover","4","T0394-01","matched","matched","verified_product_page","https://seatcover.jp/c/toyota/roomy/sandii-mc00394",""
"2d7e5fc0e418","トヨタ","ルーミー","Sandii","マカロン","seatcover","4","T0394-01","matched","matched","verified_product_page","https://seatcover.jp/c/toyota/roomy/sandii-mc00394",""
"0f3b15a3a3b0","トヨタ","ルーミー","Sandii","カヌレ","seatcover","3","T0394-02","matched","matched","verified_product_page","https://seatcover.jp/c/toyota/roomy/sandii-cn00394",""
"d1f130929533","トヨタ","ルーミー","Sandii","ドルチェ","seatcover","4","T0394-03","matched","matched","verified_product_page","https://seatcover.jp/c/toyota/roomy/sandii-dc00394",""
"c9238c5d8bd9","トヨタ","ルーミー","Sandii","デニムサンド","seatcover","4","T0394-03","matched","matched","verified_product_page","https://seatcover.jp/c/toyota/roomy/sandii-ds00394",""
"b8a5f6491d25","トヨタ","ルーミー","Sandii","ワッフル","seatcover","4","T0394-03","matched","matched","verified_product_page","https://seatcover.jp/c/toyota/roomy/sandii-wf00394",""
"5804241a4088","トヨタ","ルーミー","Sandii","コロール","seatcover","5","T0394-03","matched","matched","verified_product_page","https://seatcover.jp/c/toyota/roomy/sandii-00394",""
"d45219c39b5b","トヨタ","ルーミー","Sandii","カヌレ","seatcover","3","T0394-02","matched","matched","verified_product_page","https://seatcover.jp/c/toyota/roomy/sandii-cn00394",""
"ed4a9d52e883","トヨタ","ルーミー","Sandii","デニムサンド","seatcover","3","T0394-03","matched","matched","verified_product_page","https://seatcover.jp/c/toyota/roomy/sandii-ds00394",""
"b44dee9783b2","トヨタ","ルーミー","Sandii","ビスキュイ","seatcover","3","T0394-03","matched","matched","verified_product_page","https://seatcover.jp/c/toyota/roomy/sandii-bc00394",""
"675a93abbe1d","トヨタ","ルーミー","Sandii","デニムロール","seatcover","3","T0394-01","matched","matched","verified_product_page","https://seatcover.jp/c/toyota/roomy/sandii-dr00394",""
"fe4c9d66077c","トヨタ","ルーミー","Sandii","シリーズ名の記載なし","seatcover","4","T0394-03","matched","matched","no_direct_candidate","https://seatcover.jp/c/toyota/roomy",""
"e0d485fffb2e","トヨタ","ルーミー","Sandii","コロール","seatcover","2","T0394-03","matched","matched","verified_product_page","https://seatcover.jp/c/toyota/roomy/sandii-00394",""
"29ebc2d5e83f","トヨタ","ルーミー","Sandii","ドルチェ","seatcover","2","T0394-01","matched","matched","verified_product_page","https://seatcover.jp/c/toyota/roomy/sandii-dc00394",""
"358e50386371","トヨタ","ルーミー","Sandii","デニムサンド","seatcover","2","T0394-01","matched","matched","verified_product_page","https://seatcover.jp/c/toyota/roomy/sandii-ds00394",""
"dcb71a7a3581","トヨタ","ルーミー","Sandii","マカロン","seatcover","2","T0394-03","matched","matched","verified_product_page","https://seatcover.jp/c/toyota/roomy/sandii-mc00394",""
"8a16dc9e3b48","トヨタ","ルーミー","Sandii","コロール","seatcover","3","T0044-04","none","no_code_match","unverified","https://seatcover.jp/f/match_renewal",""
"adb13890f503","トヨタ","ルーミー","Refinad","Leather Series","seatcover","5","T0394-03","matched","matched","verified_product_page","https://seatcover.jp/c/toyota/roomy/refinad-00394",""
"c50ec607306c","トヨタ","ルーミー","Refinad","Harmonious Leather Series","seatcover","4","T0394-03","matched","matched","verified_product_page","https://seatcover.jp/c/toyota/roomy/refinad-hs00394",""
"a007b8222feb","トヨタ","ルーミー","Refinad","Harmonious Leather Series","seatcover","3","T0394-03","matched","matched","verified_product_page","https://seatcover.jp/c/toyota/roomy/refinad-hs00394",""
"b2008c1d38e2","トヨタ","ルーミー","Refinad","Leather Deluxe Series","seatcover","4","T0394-01","matched","matched","verified_product_page","https://seatcover.jp/c/toyota/roomy/refinad-dx00394",""
"f6a8c4ec3357","トヨタ","ルーミー","Refinad","Quilt Series","seatcover","4","T0394-03","matched","matched","verified_product_page","https://seatcover.jp/c/toyota/roomy/refinad-qs00394",""
"19675f0a15d1","トヨタ","ルーミー","Refinad","Leather Deluxe Series","seatcover","5","T0394-03","matched","matched","verified_product_page","https://seatcover.jp/c/toyota/roomy/refinad-dx00394",""
"14b2aeb5d1f7","トヨタ","ルーミー","Refinad","Harmonious Leather Series","seatcover","3","T0394-03","matched","matched","verified_product_page","https://seatcover.jp/c/toyota/roomy/refinad-hs00394",""
"0274bafdb332","トヨタ","ルーミー","Refinad","Harmonious Leather Series","seatcover","4","T0394-01","matched","matched","verified_product_page","https://seatcover.jp/c/toyota/roomy/refinad-hs00394",""
"2032d43c654e","トヨタ","ルーミー","Refinad","Quilt Series","seatcover","4","T0394-03","matched","matched","verified_product_page","https://seatcover.jp/c/toyota/roomy/refinad-qs00394",""
"6b981b7f1e06","トヨタ","ルーミー","Refinad","Leather Series","seatcover","2","T0394-03","matched","matched","verified_product_page","https://seatcover.jp/c/toyota/roomy/refinad-00394",""
"4ea2725352b4","トヨタ","ルーミー","Refinad","Leather Series","seatcover","4","T0394-03","matched","matched","verified_product_page","https://seatcover.jp/c/toyota/roomy/refinad-00394",""
"3be251401b85","トヨタ","ルーミー","Refinad","Leather Deluxe Series","seatcover","3","T0394-03","matched","matched","verified_product_page","https://seatcover.jp/c/toyota/roomy/refinad-dx00394",""
"ec9f069734d7","トヨタ","ルーミー","Refinad","Leather Series","seatcover","4","T0394-03","matched","matched","verified_product_page","https://seatcover.jp/c/toyota/roomy/refinad-00394",""
"2db8ddb8006f","トヨタ","ルーミー","Refinad","Leather Deluxe Series","seatcover","2","T0394-01","matched","matched","verified_product_page","https://seatcover.jp/c/toyota/roomy/refinad-dx00394",""
"83c4cff5a2bc","トヨタ","ルーミー","Refinad","Leather Series","seatcover","3","T0394-03","matched","matched","verified_product_page","https://seatcover.jp/c/toyota/roomy/refinad-00394",""
"eb6e4427bb7b","トヨタ","ルーミー","Refinad","Harmonious Leather Series","seatcover","2","T0394-03","matched","matched","verified_product_page","https://seatcover.jp/c/toyota/roomy/refinad-hs00394",""
"7221b7b65ba9","トヨタ","ルーミー","Refinad","Leather Deluxe Series","seatcover","3","T0394-01","matched","matched","verified_product_page","https://seatcover.jp/c/toyota/roomy/refinad-dx00394",""
"a176bc80668b","トヨタ","ルーミー","Refinad","Leather Deluxe Series","seatcover","6","T0394-01","matched","matched","verified_product_page","https://seatcover.jp/c/toyota/roomy/refinad-dx00394",""
"57e84f8f3c13","トヨタ","ルーミー","Refinad","Leather Deluxe Series","seatcover","2","T0394-01","matched","matched","verified_product_page","https://seatcover.jp/c/toyota/roomy/refinad-dx00394",""
"d42e9553e580","トヨタ","スペイド","Sandii","マカロン","seatcover","5","T0023-01","matched","matched","verified_product_page","https://seatcover.jp/c/toyota/spade/sandii-mc00023",""
"1ebae562dd7f","トヨタ","スペイド","Sandii","シリーズ名の記載なし","seatcover","4","T0023-01","matched","matched","no_direct_candidate","https://seatcover.jp/c/toyota/spade",""
"b6b8f64120c3","トヨタ","スペイド","Sandii","マカロン","seatcover","3","T0022-06","none","car_mismatch","unverified","https://seatcover.jp/f/match_renewal",""
"f111d4c02bea","トヨタ","スープラ","Refinad","Leather Deluxe Series","seatcover","4","TY3-03","matched","matched","verified_product_page","https://seatcover.jp/c/seatcovermaker/refinad/refinad-leatherdx/refinad-dx00471",""
"7ae9eb488af6","トヨタ","スープラ","Refinad","Leather Deluxe Series","seatcover","3","T0022-10","none","car_mismatch","unverified","https://seatcover.jp/f/match_renewal",""
"6dfe74894698","トヨタ","ヤリス","Sandii","マカロン","seatcover","3","T0529-01","matched","matched","verified_product_page","https://seatcover.jp/c/toyota/yaris/sandii-mc00529",""
"dffa2f32aeae","トヨタ","ヤリス","Refinad","シリーズ名の記載なし","seatcover","4","T0557-01","none","car_mismatch","no_direct_candidate","https://seatcover.jp/c/toyota/yaris",""
"1a5994893508","トヨタ","ヤリス","Refinad","Avant-Garde Series","seatcover","2","TY2-25","none","car_mismatch","unverified","https://seatcover.jp/f/match_renewal",""
"bdb254e84025","アウディ","A1","Dotty","シリーズ名の記載なし","seatcover","3","","none","no_code","no_direct_candidate","https://seatcover.jp/c/audi/audia1",""
"476d5a9d336a","アウディ","Q3","Dotty","シリーズ名の記載なし","seatcover","6","","none","no_code","no_direct_candidate","https://seatcover.jp/c/audi/audiq3",""
"c471490deab1","アウディ","Q5","Dotty","シリーズ名の記載なし","seatcover","17","","none","no_code","no_direct_candidate","https://seatcover.jp/c/audi/audiq5",""
"8be9c8b0594c","ダイハツ","ムーヴキャンバス","Sandii","ワッフル","seatcover","4","D0488-01","matched","matched","verified_product_page","https://seatcover.jp/c/seatcovermaker/sandii/sandii-waffle/sandii-wf00488",""
"b511b738ad06","ダイハツ","タフト","Sandii","エクレア","seatcover","4","D0531-02","matched","matched","verified_product_page","https://seatcover.jp/c/daihatsu/taft/sandii-ec00531",""
"3196c839fbf1","ダイハツ","タフト","Sandii","カチナ","seatcover","4","D0531-02","matched","matched","verified_product_page","https://seatcover.jp/c/daihatsu/taft/sandii-kp00531",""
"5ba838f1ae49","ダイハツ","タフト","Sandii","エクレア","seatcover","4","D0531-05","matched","matched","verified_product_page","https://seatcover.jp/c/daihatsu/taft/sandii-ec00531",""
"641643a0234f","ダイハツ","タフト","Sandii","デニムサンド","seatcover","3","D0531-02","matched","matched","verified_product_page","https://seatcover.jp/c/daihatsu/taft/sandii-ds00531",""
"880c83518070","ダイハツ","タフト","Sandii","デニムロール","seatcover","4","D0531-02","matched","matched","verified_product_page","https://seatcover.jp/c/daihatsu/taft/sandii-dr00531",""
"05722166d20c","ダイハツ","タフト","Sandii","オールドカヌレ","seatcover","4","D0531-02","matched","matched","verified_product_page","https://seatcover.jp/c/daihatsu/taft/sandii-oc00531",""
"aa6a8396beb3","ダイハツ","タフト","Sandii","マカロン","seatcover","5","D0531-02","matched","matched","verified_product_page","https://seatcover.jp/c/daihatsu/taft/sandii-mc00531",""
"ee9efa2f3fe3","ダイハツ","タフト","Sandii","マカロン","seatcover","3","D0531-02","matched","matched","verified_product_page","https://seatcover.jp/c/daihatsu/taft/sandii-mc00531",""
"73d746d3bcac","ダイハツ","タフト","Sandii","ワッフル","seatcover","3","D0531-02","matched","matched","verified_product_page","https://seatcover.jp/c/daihatsu/taft/sandii-wf00531",""
"a7d9663e8973","ダイハツ","タフト","Sandii","デニムロール","seatcover","4","D0531-02","matched","matched","verified_product_page","https://seatcover.jp/c/daihatsu/taft/sandii-dr00531",""
"2efcab26e015","ダイハツ","タフト","Sandii","ワッフル","seatcover","4","D0531-02","matched","matched","verified_product_page","https://seatcover.jp/c/daihatsu/taft/sandii-wf00531",""
"49882f1753e2","ダイハツ","タフト","Sandii","カヌレ","seatcover","3","D0531-02","matched","matched","verified_product_page","https://seatcover.jp/c/daihatsu/taft/sandii-cn00531",""
"0d983ddcbd3e","ダイハツ","タフト","Sandii","カヌレ","seatcover","2","D0531-02","matched","matched","verified_product_page","https://seatcover.jp/c/daihatsu/taft/sandii-cn00531",""
"c32760bd58a8","ダイハツ","タフト","Sandii","デニムサンド","seatcover","2","D0531-02","matched","matched","verified_product_page","https://seatcover.jp/c/daihatsu/taft/sandii-ds00531",""
"931c7c63b9b8","ダイハツ","タフト","Sandii","カヌレ","seatcover","3","D0531-02","matched","matched","verified_product_page","https://seatcover.jp/c/daihatsu/taft/sandii-cn00531",""
"37af95af6120","ダイハツ","タフト","Sandii","デニムサンド","seatcover","2","D0531-02","matched","matched","verified_product_page","https://seatcover.jp/c/daihatsu/taft/sandii-ds00531",""
"b980004d9d31","ダイハツ","タフト","Refinad","Leather Series","seatcover","3","D0531-02","matched","matched","verified_product_page","https://seatcover.jp/c/daihatsu/taft/refinad-00531",""
"0e0c84e62b48","ダイハツ","タフト","Refinad","Harmonious Leather Series","seatcover","3","D0531-02","matched","matched","verified_product_page","https://seatcover.jp/c/daihatsu/taft/refinad-hs00531",""
"85f62ca16137","ダイハツ","タフト","Refinad","Harmonious Leather Series","seatcover","4","D0531-02","matched","matched","verified_product_page","https://seatcover.jp/c/daihatsu/taft/refinad-hs00531",""
"21a74b395a59","ダイハツ","タフト","Refinad","Leather Series","seatcover","3","D0531-05","matched","matched","verified_product_page","https://seatcover.jp/c/daihatsu/taft/refinad-00531",""
"426d65221e18","ダイハツ","タフト","Refinad","Leather Series","seatcover","3","D0531-02","matched","matched","verified_product_page","https://seatcover.jp/c/daihatsu/taft/refinad-00531",""
"16eeda366b75","ダイハツ","タフト","Refinad","Avant-Garde Series","seatcover","3","D0531-02","matched","matched","verified_product_page","https://seatcover.jp/c/daihatsu/taft/refinad-ag00531",""
"2d749c46a061","ダイハツ","タフト","Refinad","Custom Series","seatcover","4","D0531-02","matched","matched","verified_product_page","https://seatcover.jp/c/daihatsu/taft/refinad-cs00531",""
"36a9e3d9e246","ダイハツ","トール","Sandii","ワッフル","seatcover","2","D0126-16","none","car_mismatch","unverified","https://seatcover.jp/f/match_renewal",""
"b41abaf35356","ダイハツ","トール","Refinad","Custom Series","seatcover","2","D0126-15","none","car_mismatch","unverified","https://seatcover.jp/f/match_renewal",""
"a2b9f555a8b5","ダイハツ","ウェイク","Sandii","カヌレ","seatcover","2","D0368-01","matched","matched","verified_product_page","https://seatcover.jp/c/daihatsu/wake/sandii-cn00368",""
"f95b844d270d","ダイハツ","ウェイク","Sandii","ワッフル","seatcover","5","D0368-01","matched","matched","verified_product_page","https://seatcover.jp/c/seatcovermaker/sandii/sandii-waffle/sandii-wf00368",""
"f06520c9508e","ダイハツ","ウェイク","Sandii","エクレア","seatcover","3","D0368-01","matched","matched","verified_product_page","https://seatcover.jp/c/daihatsu/wake/sandii-ec00368",""
"504d1a44646b","ダイハツ","ウェイク","Sandii","マカロン","seatcover","4","D0368-01","matched","matched","verified_product_page","https://seatcover.jp/c/daihatsu/wake/sandii-mc00368",""
"c1da3e12199e","ダイハツ","ウェイク","Sandii","コロール","seatcover","4","D0124-01","none","car_mismatch","no_direct_candidate","https://seatcover.jp/c/daihatsu/wake",""
"3e562e57db50","ダイハツ","ウェイク","Refinad","Custom Series","seatcover","3","D0368-03","matched","matched","verified_product_page","https://seatcover.jp/c/seatcovermaker/refinad/refinad-custom/refinad-cs00368",""
"5cbe2b428ee9","ダイハツ","ウェイク","Refinad","Harmonious Leather Series","seatcover","3","D0368-04","matched","matched","verified_product_page","https://seatcover.jp/c/daihatsu/wake/refinad-hs00368",""
"87726341535d","ダイハツ","ウェイク","Refinad","Harmonious Leather Series","seatcover","2","D0368-01","matched","matched","verified_product_page","https://seatcover.jp/c/daihatsu/wake/refinad-hs00368",""
"4146b8579277","ダイハツ","ウェイク","Refinad","Harmonious Leather Series","seatcover","3","D0368-01","matched","matched","verified_product_page","https://seatcover.jp/c/daihatsu/wake/refinad-hs00368",""
"222e51453032","ダイハツ","ウェイク","Refinad","Custom Series","seatcover","2","D0368-03","matched","matched","verified_product_page","https://seatcover.jp/c/seatcovermaker/refinad/refinad-custom/refinad-cs00368",""
"66e10d2ffbf1","ホンダ","エリシオン","Refinad","Leather Deluxe Series","seatcover","5","H0061-01","matched","matched","verified_product_page","https://seatcover.jp/c/honda/elysion/refinad-dx00061",""
"4253346ccab8","ホンダ","エリシオン","Refinad","Custom Series","seatcover","4","H0061-04","matched","matched","verified_product_page","https://seatcover.jp/c/seatcovermaker/refinad/refinad-custom/refinad-cs00061",""
"1dd4c572a18b","ホンダ","エリシオン","Refinad","Leather Deluxe Series","seatcover","3","H0061-04","matched","matched","verified_product_page","https://seatcover.jp/c/honda/elysion/refinad-dx00061",""
"9fe71deee10d","ホンダ","インサイト","Dotty","EURO-GT","seatcover","4","","none","no_code","no_direct_candidate","https://seatcover.jp/c/honda/insight",""
"c93dae7d72fb","ホンダ","インサイト","Dotty","LUXUR-BS","seatcover","8","","none","no_code","no_direct_candidate","https://seatcover.jp/c/honda/insight",""
"cf1515d86a41","ホンダ","インサイト","Dotty","LUXUR-BS","seatcover","6","","none","no_code","no_direct_candidate","https://seatcover.jp/c/honda/insight",""
"a2e8dfcf4f3c","ホンダ","インサイト","Dotty","LUXUR-SPOLT","seatcover","5","","none","no_code","no_direct_candidate","https://seatcover.jp/c/honda/insight",""
"4473c3d5b9d8","ホンダ","N-BOXジョイ","Sandii","デニムロール","seatcover","4","H0056-14","none","car_mismatch","unverified","https://seatcover.jp/f/match_renewal",""
"46375f5c6395","ホンダ","N-BOXジョイ","Sandii","マカロン","seatcover","2","H0056-14","none","car_mismatch","unverified","https://seatcover.jp/f/match_renewal",""
"55f74a9a7a72","ホンダ","オデッセイ","Refinad","Harmonious Leather Series","seatcover","3","H0063-31","matched","matched","verified_product_page","https://seatcover.jp/c/honda/odyssey/refinad-hs00063",""
"d88d88cb2255","ホンダ","オデッセイ","Refinad","Avant-Garde Series","seatcover","5","H0063-31","matched","matched","verified_product_page","https://seatcover.jp/c/honda/odyssey/refinad-ag00063",""
"1b762146f3e8","ホンダ","オデッセイ","Refinad","Leather Series","seatcover","4","H0063-14","matched","matched","verified_product_page","https://seatcover.jp/c/honda/odyssey/refinad-00063",""
"97e8f37fe349","ホンダ","オデッセイ","Refinad","Custom Series","seatcover","5","H0063-24","matched","matched","verified_product_page","https://seatcover.jp/c/honda/odyssey/refinad-cs00063",""
"d00ef722c460","ホンダ","オデッセイ","Refinad","Leather Deluxe Series","seatcover","5","H0063-22","matched","matched","verified_product_page","https://seatcover.jp/c/honda/odyssey/refinad-dx00063",""
"f729503ed5d5","ホンダ","オデッセイ","Refinad","Leather Series","seatcover","4","H0063-24","matched","matched","verified_product_page","https://seatcover.jp/c/honda/odyssey/refinad-00063",""
"b3e7001fdea3","ホンダ","オデッセイ","Refinad","Leather Series","seatcover","4","H0063-19","matched","matched","verified_product_page","https://seatcover.jp/c/honda/odyssey/refinad-00063",""
"a84155c1a72b","ホンダ","オデッセイ","Refinad","Leather Series","seatcover","2","H0063-27","matched","matched","verified_product_page","https://seatcover.jp/c/honda/odyssey/refinad-00063",""
"32ec2de1b12f","ホンダ","オデッセイ","Refinad","Alcantara Series","seatcover","3","H0063-22","matched","matched","verified_product_page","https://seatcover.jp/c/seatcovermaker/refinad/refinad-alcantara/refinad-al00063",""
"f09a94621a32","ホンダ","シャトル","Refinad","Leather Series","seatcover","2","HD3-15","none","car_mismatch","unverified","https://seatcover.jp/f/match_renewal",""
"a0e00774a749","ジープ","Jeepラングラー","Refinad","Heritage Kachina","seatcover","7","J0601-01","none","car_mismatch","no_direct_candidate","https://seatcover.jp/c/jeep/jeepwrangler",""
"e05384d252de","レクサス","LEXUSCT","Dotty","DEP-H","seatcover","5","","none","no_code","no_direct_candidate","https://seatcover.jp/c/lexus/lexusct",""
"73f62f7e70e7","レクサス","レクサスGS","Refinad","Quilt Series","seatcover","3","TY2-21","matched","matched","verified_product_page","https://seatcover.jp/c/lexus/lexusgs/refinad-qs00433",""
"8a8be415bf92","レクサス","レクサスGS","Refinad","Custom Series","seatcover","2","TY2-21","matched","matched","verified_product_page","https://seatcover.jp/c/lexus/lexusgs/refinad-cs00433",""
"28c946abe60f","レクサス","レクサスGS","Refinad","Harmonious Leather Series","seatcover","3","TY2-21","matched","matched","verified_product_page","https://seatcover.jp/c/lexus/lexusgs/refinad-hs00433",""
"90aa2b52b947","レクサス","LEXUSIS","Refinad","Leather Series","seatcover","4","TY2-29","none","car_mismatch","verified_product_page","https://seatcover.jp/c/lexus/lexusis/refinad-00419",""
"b41291ae9c8d","レクサス","レクサスLS","Dotty","EURO-GT","seatcover","3","","none","no_code","no_direct_candidate","https://seatcover.jp/c/lexus/lexusls",""
"a649b99c7aa8","レクサス","レクサスRX","Refinad","Leather Series","seatcover","4","TY2-29","none","car_mismatch","unverified","https://seatcover.jp/f/match_renewal",""
"44b5a63bec58","マツダ","AZワゴン","Sandii","ビスキュイ","seatcover","4","S0122-06","matched","matched","unverified","https://seatcover.jp/c/mazda/azwagon",""
"85c0ded4d5a6","マツダ","プレマシー","Refinad","Harmonious Leather Series","seatcover","3","MA0155-01","matched","matched","verified_product_page","https://seatcover.jp/c/mazda/premacy/refinad-hs00155",""
"a4d84824fd7a","マツダ","プレマシー","Refinad","Harmonious Leather Series","seatcover","3","MA0155-01","matched","matched","verified_product_page","https://seatcover.jp/c/mazda/premacy/refinad-hs00155",""
"735b3bff7941","MINI","MINI クーパー R56","Refinad","Leather Deluxe Series","seatcover","2","BM0205-02","none","car_mismatch","verified_product_page","https://seatcover.jp/c/mini/mini3door/refinad-dx00205",""
"9b9bea254a8d","MINI","MINI","Refinad","Leather Deluxe Series","seatcover","2","BM0205-08","none","car_mismatch","verified_product_page","https://seatcover.jp/c/mini/mini3door/refinad-dx00205",""
"2affc805b7ee","MINI","MINI F56","Refinad","Quilt Series","seatcover","2","BM0205-16","none","car_mismatch","unverified","https://seatcover.jp/f/match_renewal",""
"f9bee71f5b45","MINI","MINI","Refinad","Leather Series","seatcover","2","BM0205-10","none","car_mismatch","unverified","https://seatcover.jp/f/match_renewal",""
"59571b579521","MINI","MINI","Refinad","Leather Deluxe Series","seatcover","2","BM0205-09","none","car_mismatch","verified_product_page","https://seatcover.jp/c/mini/mini3door/refinad-dx00205",""
"05922a028139","MINI","MINI CROSSOVER","Refinad","Leather Deluxe Series","seatcover","2","BM0205-02","none","car_mismatch","no_direct_candidate","https://seatcover.jp/c/mini/minicrossover",""
"897650c6eecc","MINI","MINI ビクトリア","Refinad","Leather Series","seatcover","2","BM0205-16","none","car_mismatch","unverified","https://seatcover.jp/f/match_renewal",""
"6b70364ad60e","MINI","MINI R56","Refinad","Quilt Series","seatcover","3","BM0205-10","none","car_mismatch","unverified","https://seatcover.jp/f/match_renewal",""
"61303e80a633","日産","デュアリス","Dotty","DIA-GT","seatcover","4","","none","no_code","no_direct_candidate","https://seatcover.jp/c/nissan/dualis",""
"c3ed14a455ae","日産","デュアリス","Dotty","DIA-LUX","seatcover","3","","none","no_code","no_direct_candidate","https://seatcover.jp/c/nissan/dualis",""
"f2157bb36be6","日産","デュアリス","Dotty","LUXUR-SPOLT","seatcover","5","","none","no_code","no_direct_candidate","https://seatcover.jp/c/nissan/dualis",""
"d51a3f5c2d41","日産","デュアリス","Dotty","LUXUR-SPOLT","seatcover","3","","none","no_code","no_direct_candidate","https://seatcover.jp/c/nissan/dualis",""
"253355270af9","日産","デュアリス","Dotty","LUXUR-SPOLT","seatcover","6","","none","no_code","no_direct_candidate","https://seatcover.jp/c/nissan/dualis",""
"f1e6a18bff51","日産","デュアリス","Dotty","LUXUR-SPOLT","seatcover","4","","none","no_code","no_direct_candidate","https://seatcover.jp/c/nissan/dualis",""
"96bc94847a44","日産","ムラーノ","Dotty","EURO-LUX","seatcover","6","","none","no_code","no_direct_candidate","https://seatcover.jp/c/nissan/murano",""
"6d597c9fbbd8","日産","ムラーノ","Dotty","LUXUR-SPOLT","seatcover","10","","none","no_code","no_direct_candidate","https://seatcover.jp/c/nissan/murano",""
"fc39fb0f15d0","日産","サファリ","Sandii","オールドカヌレ","seatcover","4","NS5-17","matched","matched","verified_product_page","https://seatcover.jp/c/seatcovermaker/sandii/sandii-oldcanele/sandii-oc00476",""
"d2bb955273cf","日産","サクラ","Sandii","マカロン","seatcover","4","N0606-01","matched","matched","verified_product_page","https://seatcover.jp/c/nissan/sakura/sandii-mc00606",""
"1265d1abd19e","日産","サクラ","Sandii","ビスキュイ","seatcover","5","N0606-01","matched","matched","verified_product_page","https://seatcover.jp/c/nissan/sakura/sandii-bc00606",""
"b1f8dbd81374","日産","サクラ","Sandii","マカロン","seatcover","4","N0606-01","matched","matched","verified_product_page","https://seatcover.jp/c/nissan/sakura/sandii-mc00606",""
"7cad73a0bb5b","日産","サクラ","Sandii","マカロン","seatcover","4","N0606-01","matched","matched","verified_product_page","https://seatcover.jp/c/nissan/sakura/sandii-mc00606",""
"3bcfd883dd23","日産","サクラ","Sandii","マカロン","seatcover","4","N0606-01","matched","matched","verified_product_page","https://seatcover.jp/c/nissan/sakura/sandii-mc00606",""
"81eb0d5ba137","日産","サクラ","Sandii","ビスキュイ","seatcover","3","N0606-01","matched","matched","verified_product_page","https://seatcover.jp/c/nissan/sakura/sandii-bc00606",""
"f14f8dd1a60d","日産","サクラ","Sandii","マカロン","seatcover","3","N0606-01","matched","matched","verified_product_page","https://seatcover.jp/c/nissan/sakura/sandii-mc00606",""
"90f8cf6e460a","日産","サクラ","Sandii","コロール","seatcover","5","N0606-01","matched","matched","verified_product_page","https://seatcover.jp/c/seatcovermaker/sandii/sandii-color/sandii-00606",""
"a3bcc8e5cb3a","日産","サクラ","Sandii","マカロン","seatcover","3","N0606-01","matched","matched","verified_product_page","https://seatcover.jp/c/nissan/sakura/sandii-mc00606",""
"5d0f1b1b5c27","日産","サクラ","Sandii","ビスキュイ","seatcover","5","N0606-01","matched","matched","verified_product_page","https://seatcover.jp/c/nissan/sakura/sandii-bc00606",""
"c3a6f592f4c4","日産","サクラ","Sandii","コロール","seatcover","3","N0606-01","matched","matched","verified_product_page","https://seatcover.jp/c/seatcovermaker/sandii/sandii-color/sandii-00606",""
"6cbe6052c76f","日産","サクラ","Sandii","マカロン","seatcover","3","N0606-01","matched","matched","verified_product_page","https://seatcover.jp/c/nissan/sakura/sandii-mc00606",""
"0adb70f00205","日産","サクラ","Refinad","Avant-Garde Series","seatcover","4","S0113-02","none","car_mismatch","unverified","https://seatcover.jp/f/match_renewal",""
"f5b98b12e90f","日産","サクラ","Refinad","Leather Deluxe Series","seatcover","4","N0606-01","matched","matched","verified_product_page","https://seatcover.jp/c/seatcovermaker/refinad/refinad-leatherdx/refinad-dx00606",""
"49f6757a0dc7","日産","サクラ","Refinad","Leather Series","seatcover","3","N0606-01","matched","matched","verified_product_page","https://seatcover.jp/c/nissan/sakura/refinad-00606",""
"5c01acdcb5e2","日産","サクラ","Refinad","Leather Series","seatcover","4","N0606-01","matched","matched","verified_product_page","https://seatcover.jp/c/nissan/sakura/refinad-00606",""
"06814ee9dd1c","日産","セレナ","Sandii","デニムサンド","seatcover","5","N0097-20","matched","matched","verified_product_page","https://seatcover.jp/c/nissan/serena/sandii-ds00097",""
"8216bc458f44","日産","セレナ","Sandii","ワッフル","seatcover","3","N0097-18","matched","matched","verified_product_page","https://seatcover.jp/c/nissan/serena/sandii-wf00097",""
"6db4ce4b7cf0","日産","セレナ","Refinad","Harmonious Leather Series","seatcover","4","N0097-20","matched","matched","verified_product_page","https://seatcover.jp/c/nissan/serena/refinad-hs00097",""
"c334906d6258","日産","セレナ","Refinad","Leather Deluxe Series","seatcover","4","N0097-20","matched","matched","verified_product_page","https://seatcover.jp/c/nissan/serena/refinad-dx00097",""
"0e3f3fe77656","日産","セレナ","Refinad","Leather Series","seatcover","5","N0097-20","matched","matched","verified_product_page","https://seatcover.jp/c/nissan/serena/refinad-00097",""
"6a67ed72b349","日産","セレナ","Refinad","Leather Deluxe Series","seatcover","5","N0097-14","matched","matched","verified_product_page","https://seatcover.jp/c/nissan/serena/refinad-dx00097",""
"4d24019d6e31","日産","セレナ","Refinad","Leather Deluxe Series","seatcover","5","N0097-14","matched","matched","verified_product_page","https://seatcover.jp/c/nissan/serena/refinad-dx00097",""
"878d4632957c","日産","セレナ","Refinad","Leather Series","seatcover","3","N0097-18","matched","matched","verified_product_page","https://seatcover.jp/c/nissan/serena/refinad-00097",""
"becb01474baf","日産","セレナ","Refinad","Leather Deluxe Series","seatcover","4","N0097-14","matched","matched","verified_product_page","https://seatcover.jp/c/nissan/serena/refinad-dx00097",""
"f8f46c93031f","日産","セレナ","Refinad","Custom Series","seatcover","3","N0097-18","matched","matched","verified_product_page","https://seatcover.jp/c/nissan/serena/refinad-cs00097",""
"a86b90f10a5d","日産","セレナ","Refinad","Harmonious Leather Series","seatcover","4","N0097-09","matched","matched","verified_product_page","https://seatcover.jp/c/nissan/serena/refinad-hs00097",""
"76a7d287aacd","日産","セレナ","Refinad","Custom Series","seatcover","3","N0097-15","matched","matched","verified_product_page","https://seatcover.jp/c/nissan/serena/refinad-cs00097",""
"3d9002577d4b","日産","セレナ","Refinad","Custom Series","seatcover","3","N0097-15","matched","matched","verified_product_page","https://seatcover.jp/c/nissan/serena/refinad-cs00097",""
"d1839bec6974","日産","セレナ","Refinad","Leather Series","seatcover","3","N0097-16","matched","matched","verified_product_page","https://seatcover.jp/c/nissan/serena/refinad-00097",""
"fff03052835c","日産","セレナ","Refinad","Leather Deluxe Series","seatcover","3","N0097-20","matched","matched","verified_product_page","https://seatcover.jp/c/nissan/serena/refinad-dx00097",""
"bcaaceda7ca7","日産","セレナ","Refinad","Custom Series","seatcover","3","N0097-18","matched","matched","verified_product_page","https://seatcover.jp/c/nissan/serena/refinad-cs00097",""
"f1a5530aed84","日産","セレナ","Refinad","Harmonious Leather Series","seatcover","3","N0097-09","matched","matched","verified_product_page","https://seatcover.jp/c/nissan/serena/refinad-hs00097",""
"6371bfe1ce57","日産","セレナ","Refinad","Leather Series","seatcover","5","N0097-16","matched","matched","verified_product_page","https://seatcover.jp/c/nissan/serena/refinad-00097",""
"7569b46de7d9","日産","セレナ","Refinad","Leather Deluxe Series","seatcover","5","N0097-14","matched","matched","verified_product_page","https://seatcover.jp/c/nissan/serena/refinad-dx00097",""
"f147496dfe5b","日産","セレナ","Refinad","Leather Series","seatcover","3","N0097-14","matched","matched","verified_product_page","https://seatcover.jp/c/nissan/serena/refinad-00097",""
"4c295acf88c2","日産","エクストレイル","Sandii","デニムサンド","seatcover","4","N0487-12","matched","matched","unverified","https://seatcover.jp/f/match_renewal",""
"f22c163b94da","日産","エクストレイル","Sandii","カヌレ","seatcover","4","NS5-07","matched","matched","unverified","https://seatcover.jp/f/match_renewal",""
"8b3bf5f70bfe","日産","エクストレイル","Sandii","ビスキュイ","seatcover","3","N0487-15","matched","matched","unverified","https://seatcover.jp/f/match_renewal",""
"be7c6ac11aba","日産","エクストレイル","Sandii","デニムサンド","seatcover","4","N0487-12","matched","matched","unverified","https://seatcover.jp/f/match_renewal",""
"b6b2e0a96f79","日産","エクストレイル","Refinad","Astraea Series","seatcover","5","N0487-13","matched","matched","verified_product_page","https://seatcover.jp/c/seatcovermaker/refinad/refinad-astraea/refinad-as00487",""
"eb5042210e92","日産","エクストレイル","Refinad","Custom Series","seatcover","4","N0487-14 シートカバータイプ TYPEC パンチング 無 ツートン","none","no_code_match","unverified","https://seatcover.jp/f/match_renewal",""
"52e7ce77f633","日産","エクストレイル","Refinad","Leather Deluxe Series","seatcover","2","N0487-13","matched","matched","unverified","https://seatcover.jp/f/match_renewal",""
"94039740ec69","日産","エクストレイル","Refinad","Custom Series","seatcover","2","N0487-14","matched","matched","unverified","https://seatcover.jp/f/match_renewal",""
"f0475ece8ed8","日産","エクストレイル","Refinad","Leather Series","seatcover","3","NS5-03","matched","matched","verified_product_page","https://seatcover.jp/c/seatcovermaker/refinad/refinad-leather/refinad-00487",""
"154db9819606","日産","エクストレイル","Refinad","Leather Series","seatcover","2","N0487-14","matched","matched","verified_product_page","https://seatcover.jp/c/seatcovermaker/refinad/refinad-leather/refinad-00487",""
"312c494e7c5d","日産","エクストレイル","Refinad","Leather Deluxe Series","seatcover","2","N0487-14","matched","matched","unverified","https://seatcover.jp/f/match_renewal",""
"2787698ac3e1","日産","エクストレイル","Refinad","Leather Deluxe Series","seatcover","3","N0487-14","matched","matched","unverified","https://seatcover.jp/f/match_renewal",""
"0a546a051b26","日産","エクストレイル","Refinad","Quilt Series","seatcover","2","NS5-03","matched","matched","verified_product_page","https://seatcover.jp/c/seatcovermaker/refinad/refinad-quilt/refinad-qs00487",""
"bac7ab941c6d","スバル","レヴォーグ","Refinad","Leather Series","seatcover","5","F0343-06","matched","matched","verified_product_page","https://seatcover.jp/c/seatcovermaker/refinad/refinad-leather/refinad-00343",""
"47f1958743fb","スバル","レヴォーグ","Refinad","Leather Deluxe Series","seatcover","4","F0343-06","matched","matched","verified_product_page","https://seatcover.jp/c/subaru/levorg/refinad-dx00343",""
"63e7039378c2","スバル","レヴォーグ","Refinad","Alcantara Series","seatcover","4","F0343-08","matched","matched","verified_product_page","https://seatcover.jp/c/subaru/levorg/refinad-al00343",""
"a17f5e6835e5","スバル","レヴォーグ","Refinad","Harmonious Leather Series","seatcover","2","F0343-06","matched","matched","verified_product_page","https://seatcover.jp/c/seatcovermaker/refinad/refinad-harmonious/refinad-hs00343",""
"6bb69013367d","スバル","レヴォーグ","Refinad","Leather Series","seatcover","2","F0343-08","matched","matched","verified_product_page","https://seatcover.jp/c/seatcovermaker/refinad/refinad-leather/refinad-00343",""
"f47c2871ee19","スバル","レヴォーグ","Refinad","Leather Series","seatcover","3","F0343-07","matched","matched","verified_product_page","https://seatcover.jp/c/seatcovermaker/refinad/refinad-leather/refinad-00343",""
"f31eb8502271","スバル","レヴォーグ","Refinad","Leather Deluxe Series","seatcover","3","F0343-06","matched","matched","verified_product_page","https://seatcover.jp/c/subaru/levorg/refinad-dx00343",""
"17aa9bdfffb3","スバル","レヴォーグ","Refinad","Custom Series","seatcover","2","F0343-06","matched","matched","verified_product_page","https://seatcover.jp/c/subaru/levorg/refinad-cs00343",""
"167922f4958e","スバル","レヴォーグ","Refinad","Leather Deluxe Series","seatcover","5","F0343-06","matched","matched","verified_product_page","https://seatcover.jp/c/subaru/levorg/refinad-dx00343",""
"5d69ca92d0f2","スバル","レヴォーグ","Refinad","Avant-Garde Series","seatcover","3","F0343-08","matched","matched","verified_product_page","https://seatcover.jp/c/subaru/levorg/refinad-ag00343",""
"307dd302ae2f","スバル","レヴォーグ","Refinad","Custom Series","seatcover","2","F0343-03","matched","matched","verified_product_page","https://seatcover.jp/c/subaru/levorg/refinad-cs00343",""
"53d735df4784","スバル","ステラ","Sandii","ドルチェ","seatcover","5","D0134-13","matched","matched","verified_product_page","https://seatcover.jp/c/subaru/stella/sandii-dc00173",""
"3017baa32816","スズキ","スペーシア","Sandii","エクレア","seatcover","4","S0361-08","none","car_mismatch","unverified","https://seatcover.jp/f/match_renewal",""
"e83f289afcc2","スズキ","スペーシア","Sandii","ドルチェ","seatcover","4","S0524-02","none","car_mismatch","unverified","https://seatcover.jp/f/match_renewal",""
"89f90117650b","スズキ","スペーシア","Sandii","ワッフル","seatcover","4","S0361-07","matched","matched","verified_product_page","https://seatcover.jp/c/suzuki/spacia/sandii-wf00361",""
"88c861dcddfa","スズキ","スペーシア","Sandii","マカロン","seatcover","5","S0361-04","matched","matched","verified_product_page","https://seatcover.jp/c/suzuki/spacia/sandii-mc00361",""
"9d5dc4cb55ff","スズキ","スペーシア","Sandii","ビスキュイ","seatcover","4","S0361-09","matched","matched","verified_product_page","https://seatcover.jp/c/suzuki/spacia/sandii-bc00361",""
"0a14dc424227","スズキ","スペーシア","Sandii","ビスキュイ","seatcover","4","S0361-09","matched","matched","verified_product_page","https://seatcover.jp/c/suzuki/spacia/sandii-bc00361",""
"580d0344706b","スズキ","スペーシア","Sandii","カヌレグラッセ","seatcover","4","S0361-04","matched","matched","verified_product_page","https://seatcover.jp/c/suzuki/spacia/sandii-cg00361",""
"8de4c15d721c","スズキ","スペーシア","Sandii","ドルチェ","seatcover","5","S0361-02","matched","matched","verified_product_page","https://seatcover.jp/c/suzuki/spacia/sandii-dc00361",""
"ea37b94a640c","スズキ","スペーシア","Sandii","ワッフル","seatcover","4","S0361-07","matched","matched","verified_product_page","https://seatcover.jp/c/suzuki/spacia/sandii-wf00361",""
"c7e375473338","スズキ","スペーシア","Sandii","オールドカヌレ","seatcover","5","S0361-07","matched","matched","verified_product_page","https://seatcover.jp/c/suzuki/spacia/sandii-oc00361",""
"e2d0548abb55","スズキ","スペーシア","Sandii","カヌレ","seatcover","4","S0361-09","matched","matched","verified_product_page","https://seatcover.jp/c/suzuki/spacia/sandii-cn00361",""
"cc712510ad34","スズキ","スペーシア","Sandii","エクレア","seatcover","5","S0361-08","none","car_mismatch","unverified","https://seatcover.jp/f/match_renewal",""
"c3655290c956","スズキ","スペーシア","Sandii","デニムサンド","seatcover","4","S0361-07","matched","matched","verified_product_page","https://seatcover.jp/c/suzuki/spacia/sandii-ds00361",""
"7f4746b7c717","スズキ","スペーシア","Sandii","ビスキュイ","seatcover","4","S0524-01","none","car_mismatch","unverified","https://seatcover.jp/f/match_renewal",""
"314b33428aa8","スズキ","スペーシア","Sandii","オールドカヌレ","seatcover","5","S0361-07","matched","matched","verified_product_page","https://seatcover.jp/c/suzuki/spacia/sandii-oc00361",""
"bceb5b0559ac","スズキ","スペーシア","Sandii","キャンバス","seatcover","5","S0361-09","matched","matched","verified_product_page","https://seatcover.jp/c/suzuki/spacia/sandii-cv00361",""
"0c98bef1157a","スズキ","スペーシア","Sandii","マカロン","seatcover","2","S0361-04","matched","matched","verified_product_page","https://seatcover.jp/c/suzuki/spacia/sandii-mc00361",""
"ca6571a29380","スズキ","スペーシア","Sandii","カヌレグラッセ","seatcover","4","S0361-04","matched","matched","verified_product_page","https://seatcover.jp/c/suzuki/spacia/sandii-cg00361",""
"63f347cea844","スズキ","スペーシア","Sandii","デニムサンド","seatcover","5","S0361-07","matched","matched","verified_product_page","https://seatcover.jp/c/suzuki/spacia/sandii-ds00361",""
"bc9340ca01ce","スズキ","スペーシア","Sandii","カチナ","seatcover","5","S0524-01","none","car_mismatch","unverified","https://seatcover.jp/f/match_renewal",""
"a39aa4f59a3e","スズキ","スペーシア","Sandii","マカロン","seatcover","2","S0361-04","matched","matched","verified_product_page","https://seatcover.jp/c/suzuki/spacia/sandii-mc00361",""
"1de98fdecfd2","スズキ","スペーシア","Sandii","マカロン","seatcover","4","S0361-05","none","car_mismatch","unverified","https://seatcover.jp/f/match_renewal",""
"dc9617618847","スズキ","スペーシア","Sandii","マカロン","seatcover","5","S0361-04","matched","matched","verified_product_page","https://seatcover.jp/c/suzuki/spacia/sandii-mc00361",""
"3bca7f0e8738","スズキ","スペーシア","Sandii","カヌレ","seatcover","4","S0524-01","none","car_mismatch","unverified","https://seatcover.jp/f/match_renewal",""
"6d1f82b20849","スズキ","スペーシア","Sandii","マカロン","seatcover","4","S0361-04","matched","matched","verified_product_page","https://seatcover.jp/c/suzuki/spacia/sandii-mc00361",""
"074422a691d6","スズキ","スペーシア","Sandii","カヌレ","seatcover","4","S0361-07","matched","matched","verified_product_page","https://seatcover.jp/c/suzuki/spacia/sandii-cn00361",""
"23f74a4d6bb8","スズキ","スペーシア","Sandii","マカロン","seatcover","4","S0361-04","matched","matched","verified_product_page","https://seatcover.jp/c/suzuki/spacia/sandii-mc00361",""
"b3a66f1201d6","スズキ","スペーシア","Sandii","カヌレグラッセ","seatcover","3","S0361-04","matched","matched","verified_product_page","https://seatcover.jp/c/suzuki/spacia/sandii-cg00361",""
"cabc2328c207","スズキ","スペーシア","Sandii","カヌレ","seatcover","3","S0361-07","matched","matched","verified_product_page","https://seatcover.jp/c/suzuki/spacia/sandii-cn00361",""
"5d2d03ca4387","スズキ","スペーシア","Sandii","ワッフル","seatcover","3","S0361-07","matched","matched","verified_product_page","https://seatcover.jp/c/suzuki/spacia/sandii-wf00361",""
"8d822d7b01ae","スズキ","スペーシア","Sandii","マカロン","seatcover","4","S0361-04","matched","matched","verified_product_page","https://seatcover.jp/c/suzuki/spacia/sandii-mc00361",""
"fc6fbff40d22","スズキ","スペーシア","Sandii","カヌレグラッセ","seatcover","3","S0361-04","matched","matched","verified_product_page","https://seatcover.jp/c/suzuki/spacia/sandii-cg00361",""
"f99fecc6784d","スズキ","スペーシア","Sandii","ビスキュイ","seatcover","3","S0524-02","none","car_mismatch","unverified","https://seatcover.jp/f/match_renewal",""
"f1b77f5e740f","スズキ","スペーシア","Sandii","マカロン","seatcover","2","S0361-07","matched","matched","verified_product_page","https://seatcover.jp/c/suzuki/spacia/sandii-mc00361",""
"688a8a84b9d2","スズキ","スペーシア","Sandii","カヌレグラッセ","seatcover","1","S0524-01","none","car_mismatch","unverified","https://seatcover.jp/f/match_renewal",""
"ac273e1df8f4","スズキ","スペーシア","Sandii","カヌレグラッセ","seatcover","4","S0524-01","none","car_mismatch","unverified","https://seatcover.jp/f/match_renewal",""
"1f84887d0062","スズキ","スペーシア","Sandii","ワッフル","seatcover","3","S0524-01","none","car_mismatch","unverified","https://seatcover.jp/f/match_renewal",""
"e777da7a38eb","スズキ","スペーシア","Sandii","ビスキュイ","seatcover","3","S0361-05","none","car_mismatch","unverified","https://seatcover.jp/f/match_renewal",""
"ef19d2d616da","スズキ","スペーシア","Sandii","マカロン","seatcover","2","S0361-07","matched","matched","verified_product_page","https://seatcover.jp/c/suzuki/spacia/sandii-mc00361",""
"92d944f2e111","スズキ","スペーシア","Sandii","マカロン","seatcover","3","S0361-04","matched","matched","verified_product_page","https://seatcover.jp/c/suzuki/spacia/sandii-mc00361",""
"0f52cd6f13f8","スズキ","スペーシア","Sandii","デニムサンド","seatcover","3","S0361-07","matched","matched","verified_product_page","https://seatcover.jp/c/suzuki/spacia/sandii-ds00361",""
"427776d5defb","スズキ","スペーシア","Sandii","マカロン","seatcover","3","S0361-03","matched","matched","verified_product_page","https://seatcover.jp/c/suzuki/spacia/sandii-mc00361",""
"b0bea4f315e4","スズキ","スペーシア","Sandii","オールドカヌレ","seatcover","4","S0361-05","none","car_mismatch","unverified","https://seatcover.jp/f/match_renewal",""
"94ea0233aa4e","スズキ","スペーシア","Sandii","ワッフル","seatcover","2","S0361-04","matched","matched","verified_product_page","https://seatcover.jp/c/suzuki/spacia/sandii-wf00361",""
"f637696c7c69","スズキ","スペーシア","Sandii","ワッフル","seatcover","2","S0361-05","none","car_mismatch","unverified","https://seatcover.jp/f/match_renewal",""
"c4e8b0a4ab37","スズキ","スペーシア","Sandii","カヌレ","seatcover","3","S0524-01","none","car_mismatch","unverified","https://seatcover.jp/f/match_renewal",""
"cc0d24322961","スズキ","スペーシア","Sandii","マカロン","seatcover","2","S0361-02","matched","matched","verified_product_page","https://seatcover.jp/c/suzuki/spacia/sandii-mc00361",""
"7af4fbf1455a","スズキ","スペーシア","Sandii","カヌレグラッセ","seatcover","2","S0524-01","none","car_mismatch","unverified","https://seatcover.jp/f/match_renewal",""
"2bff6193af4d","スズキ","スペーシア","Sandii","マカロン","seatcover","3","S0361-02","matched","matched","verified_product_page","https://seatcover.jp/c/suzuki/spacia/sandii-mc00361",""
"dc5c24c39456","スズキ","スペーシア","Sandii","ドルチェ","seatcover","3","S0115-02","none","car_mismatch","unverified","https://seatcover.jp/f/match_renewal",""
"439d90f0e19f","スズキ","スペーシア","Refinad","Custom Series","seatcover","5","S0361-08","none","car_mismatch","unverified","https://seatcover.jp/f/match_renewal",""
"b665a70cb77a","スズキ","スペーシア","Refinad","Old Leather Series","seatcover","5","S0361-02","matched","matched","verified_product_page","https://seatcover.jp/c/suzuki/spacia/refinad-ol00361",""
"069ac068d665","スズキ","スペーシア","Refinad","Quilt Series","seatcover","4","S0361-08","none","car_mismatch","unverified","https://seatcover.jp/f/match_renewal",""
"d20a653b9a2a","スズキ","スペーシア","Refinad","Avant-Garde Series","seatcover","4","S0361-10","none","car_mismatch","unverified","https://seatcover.jp/f/match_renewal",""
"e1e3a05459a6","スズキ","スペーシア","Refinad","Harmonious Leather Series","seatcover","3","S0361-05","none","car_mismatch","unverified","https://seatcover.jp/f/match_renewal",""
"78d54df2a5a5","スズキ","スペーシア","Refinad","Leather Series","seatcover","3","S0361-05","none","car_mismatch","unverified","https://seatcover.jp/f/match_renewal",""
"8fdb46d0e634","スズキ","スペーシア","Refinad","Leather Series","seatcover","5","S0361-05","none","car_mismatch","unverified","https://seatcover.jp/f/match_renewal",""
"60d2a536205e","スズキ","スペーシア","Refinad","Harmonious Leather Series","seatcover","7","S0361-02","matched","matched","verified_product_page","https://seatcover.jp/c/suzuki/spacia/refinad-hs00361",""
"68d21feda68e","スズキ","ワゴンR","Sandii","ワッフル","seatcover","5","S0122-12","matched","matched","verified_product_page","https://seatcover.jp/c/suzuki/wagonr/sandii-wf00122",""
"9102d95d3d97","スズキ","ワゴンR","Sandii","ドルチェ","seatcover","4","S0122-06","matched","matched","verified_product_page","https://seatcover.jp/c/suzuki/wagonr/sandii-dc00122",""
"c8e3bbd8b53a","スズキ","ワゴンR","Sandii","ワッフル","seatcover","5","S0122-12","matched","matched","verified_product_page","https://seatcover.jp/c/suzuki/wagonr/sandii-wf00122",""
"4643fe27f658","スズキ","ワゴンR","Sandii","キャンバス","seatcover","4","S0122-12","matched","matched","verified_product_page","https://seatcover.jp/c/suzuki/wagonr/sandii-cv00122",""
"234804fd4f73","スズキ","ワゴンR","Sandii","デニムサンド","seatcover","4","S0123-15","none","car_mismatch","unverified","https://seatcover.jp/f/match_renewal",""
"db14494a0265","スズキ","ワゴンR","Sandii","マカロン","seatcover","4","S0122-12","matched","matched","verified_product_page","https://seatcover.jp/c/suzuki/wagonr/sandii-mc00122",""
"eb70dd87dd6e","スズキ","ワゴンＲスマイル","Sandii","ビスキュイ","seatcover","5","S0561-01","matched","matched","verified_product_page","https://seatcover.jp/c/suzuki/wagonrsmile/sandii-bc00561",""
"441818288a84","スズキ","ワゴンR","Sandii","ビスキュイ","seatcover","4","S0561-02","none","car_mismatch","unverified","https://seatcover.jp/f/match_renewal",""
"93def4070b6e","スズキ","ワゴンR","Sandii","カヌレ","seatcover","5","S0123-15","none","car_mismatch","unverified","https://seatcover.jp/f/match_renewal",""
"7c21be5b3d31","スズキ","ワゴンR","Sandii","ワッフル","seatcover","4","S0122-12","matched","matched","verified_product_page","https://seatcover.jp/c/suzuki/wagonr/sandii-wf00122",""
"bd766bbbbdd0","スズキ","ワゴンR","Sandii","マカロン","seatcover","4","S0122-12","matched","matched","verified_product_page","https://seatcover.jp/c/suzuki/wagonr/sandii-mc00122",""
"e65f21beea25","スズキ","ワゴンR","Sandii","ビスキュイ","seatcover","3","S0122-12","matched","matched","verified_product_page","https://seatcover.jp/c/suzuki/wagonr/sandii-bc00122",""
"6ec797e31f49","スズキ","ワゴンR","Sandii","マカロン","seatcover","4","S0122-12","matched","matched","verified_product_page","https://seatcover.jp/c/suzuki/wagonr/sandii-mc00122",""
"0d6f08b795be","スズキ","ワゴンR","Sandii","カヌレ","seatcover","3","S0123-15","none","car_mismatch","unverified","https://seatcover.jp/f/match_renewal",""
"dd2597879900","スズキ","ワゴンR","Sandii","ワッフル","seatcover","2","S0122-12","matched","matched","verified_product_page","https://seatcover.jp/c/suzuki/wagonr/sandii-wf00122",""
"55fe1465aa11","スズキ","ワゴンR","Sandii","カヌレ","seatcover","3","S0561-02","none","car_mismatch","unverified","https://seatcover.jp/f/match_renewal",""
"414390f1ef3f","スズキ","ワゴンR","Sandii","カヌレ","seatcover","3","S0561-01","none","car_mismatch","unverified","https://seatcover.jp/f/match_renewal",""
"21657422a1ef","スズキ","ワゴンR","Sandii","マカロン","seatcover","2","S0122-12","matched","matched","verified_product_page","https://seatcover.jp/c/suzuki/wagonr/sandii-mc00122",""
"adc37450d7c2","スズキ","ワゴンR","Sandii","カヌレグラッセ","seatcover","3","S0122-12","matched","matched","verified_product_page","https://seatcover.jp/c/suzuki/wagonr/sandii-cg00122",""
"82b8e1b370e9","スズキ","ワゴンR","Sandii","カヌレ","seatcover","3","S0561-01","none","car_mismatch","unverified","https://seatcover.jp/f/match_renewal",""
"81281dda19a3","スズキ","ワゴンR","Sandii","ビスキュイ","seatcover","3","S0561-01","none","car_mismatch","unverified","https://seatcover.jp/f/match_renewal",""
"0e955ecfc236","スズキ","ワゴンR","Sandii","マカロン","seatcover","2","S0122-06","matched","matched","verified_product_page","https://seatcover.jp/c/suzuki/wagonr/sandii-mc00122",""
"4f7a16c8d28b","スズキ","ワゴンR","Sandii","ドルチェ","seatcover","2","S0122-12","matched","matched","verified_product_page","https://seatcover.jp/c/suzuki/wagonr/sandii-dc00122",""
"ddfb64f13728","スズキ","ワゴンR","Sandii","ワッフル","seatcover","2","S0122-12","matched","matched","verified_product_page","https://seatcover.jp/c/suzuki/wagonr/sandii-wf00122",""
"1da4068c9111","スズキ","ワゴンR","Sandii","マカロン","seatcover","2","S0120-06","none","car_mismatch","unverified","https://seatcover.jp/f/match_renewal",""
"d7588fd696fb","スズキ","ワゴンR","Refinad","Harmonious Leather Series","seatcover","4","S0561-01","none","car_mismatch","unverified","https://seatcover.jp/f/match_renewal",""
"790aede8c001","スズキ","ワゴンR","Refinad","Harmonious Leather Series","seatcover","4","S0561-01","none","car_mismatch","unverified","https://seatcover.jp/f/match_renewal",""
"fffe6013ae8f","スズキ","ワゴンR","Refinad","Leather Series","seatcover","4","S0122-14","matched","matched","verified_product_page","https://seatcover.jp/c/suzuki/wagonr/refinad-00122",""
"a203cfb7bdae","スズキ","ワゴンR","Refinad","Leather Series","seatcover","4","S0123-15","none","car_mismatch","unverified","https://seatcover.jp/f/match_renewal",""
"5c012ad5ac63","スズキ","ワゴンR","Refinad","Quilt Series","seatcover","4","S0122-14","matched","matched","verified_product_page","https://seatcover.jp/c/suzuki/wagonr/refinad-qs00122",""
"e04f35206441","スズキ","ワゴンR","Refinad","Harmonious Leather Series","seatcover","3","S0123-15","none","car_mismatch","unverified","https://seatcover.jp/f/match_renewal",""
"92c02ade50ea","スズキ","ワゴンR","Refinad","Harmonious Leather Series","seatcover","2","S0123-15","none","car_mismatch","unverified","https://seatcover.jp/f/match_renewal",""
"92547da49452","スズキ","ワゴンR","Refinad","Alcantara Series","seatcover","3","S0122-14","matched","matched","verified_product_page","https://seatcover.jp/c/suzuki/wagonr/refinad-al00122",""
"9a31ccebc4a6","スズキ","ワゴンR","Refinad","Leather Series","seatcover","3","S0123-15","none","car_mismatch","unverified","https://seatcover.jp/f/match_renewal",""
"748b5d4ed358","スズキ","ワゴンR","Refinad","Leather Series","seatcover","3","S0122-14","matched","matched","verified_product_page","https://seatcover.jp/c/suzuki/wagonr/refinad-00122",""
"e45d37efc0bc","スズキ","ワゴンR","Refinad","Custom Series","seatcover","3","S0123-15","none","car_mismatch","unverified","https://seatcover.jp/f/match_renewal",""
"36e22435febb","トヨタ","セリカ","Refinad","Leather Deluxe Series","seatcover","3","TY3-04","matched","matched","verified_product_page","https://seatcover.jp/c/seatcovermaker/refinad/refinad-leatherdx/refinad-dx00398",""
"986ed9a01d03","トヨタ","セリカ","Refinad","Leather Series","seatcover","3","TY3-06","matched","matched","verified_product_page","https://seatcover.jp/c/toyota/celica/refinad-00398",""
"2ccd1642c42c","トヨタ","セリカ","Refinad","Quilt Series","seatcover","2","TY3-06","matched","matched","verified_product_page","https://seatcover.jp/c/toyota/celica/refinad-qs00398",""
"6138cfd9c731","トヨタ","セリカ","Refinad","Leather Deluxe Series","seatcover","4","TY3-04","matched","matched","verified_product_page","https://seatcover.jp/c/seatcovermaker/refinad/refinad-leatherdx/refinad-dx00398",""
"623bd3683cf2","トヨタ","セリカ","Refinad","Leather Series","seatcover","3","TY3-06","matched","matched","verified_product_page","https://seatcover.jp/c/toyota/celica/refinad-00398",""
"73d799f74d9a","トヨタ","セリカ","Refinad","Leather Deluxe Series","seatcover","2","TY3-04","matched","matched","verified_product_page","https://seatcover.jp/c/seatcovermaker/refinad/refinad-leatherdx/refinad-dx00398",""
"a8fe709cf9c2","トヨタ","セリカ","Refinad","Leather Series","seatcover","2","TY3-05","matched","matched","verified_product_page","https://seatcover.jp/c/toyota/celica/refinad-00398",""
"c7eeb6ef467b","トヨタ","エスティマ","Refinad","Harmonious Leather Series","seatcover","5","T0014-17","none","car_mismatch","unverified","https://seatcover.jp/f/match_renewal",""
"4fea0eebad38","トヨタ","エスティマ","Refinad","Leather Deluxe Series","seatcover","5","T0014-24","matched","matched","verified_product_page","https://seatcover.jp/c/toyota/estima/refinad-dx00014",""
"63b578d3f452","トヨタ","エスティマ","Refinad","Avant-Garde Series","seatcover","3","T0014-24","matched","matched","verified_product_page","https://seatcover.jp/c/toyota/estima/refinad-ag00014",""
"3ac9728f32fe","トヨタ","エスティマ","Refinad","Custom Series","seatcover","5","T0014-25","matched","matched","verified_product_page","https://seatcover.jp/c/seatcovermaker/refinad/refinad-custom/refinad-cs00014",""
"7e8fa8840f6e","トヨタ","エスティマ","Refinad","Leather Series","seatcover","5","T0014-04","matched","matched","verified_product_page","https://seatcover.jp/c/toyota/estima/refinad-00014",""
"116d5079998b","トヨタ","エスティマ","Refinad","Leather Deluxe Series","seatcover","2","T0014-01","matched","matched","verified_product_page","https://seatcover.jp/c/toyota/estima/refinad-dx00014",""
"55e39057567c","トヨタ","エスティマ","Refinad","Leather Deluxe Series","seatcover","3","T0014-04","matched","matched","verified_product_page","https://seatcover.jp/c/toyota/estima/refinad-dx00014",""
"0f5b1d0bc186","トヨタ","ハイエース1列","Dotty","COX-SPORTS","seatcover","2","","none","no_code","no_direct_candidate","https://seatcover.jp/c/toyota/hiace1",""
"87cf15a4b222","トヨタ","ハイエース","Refinad","Heritage Interior Panel","panel","46","T0026-03","none","not_applicable","no_direct_candidate","https://seatcover.jp/f/carlist_renewal.html",""
"e2afd74d0658","トヨタ","ハイエース","Sandii","カヌレ Interior Panel","panel","55","T0026-09","none","not_applicable","no_direct_candidate","https://seatcover.jp/f/carlist_renewal.html",""
"ec1638d5eeec","トヨタ","ハイエース","Refinad","Leather Interior Panel","panel","66","T0026-09","none","not_applicable","no_direct_candidate","https://seatcover.jp/f/carlist_renewal.html",""
"78f07745efff","トヨタ","ハイエース","Sandii","カチナ","seatcover","4","T0026-09","none","car_mismatch","verified_product_page","https://seatcover.jp/c/toyota/hiace2/sandii-kp00026",""
"80e6de712297","トヨタ","ハイエース","Sandii","オールドカヌレ","seatcover","2","T0026-06","none","car_mismatch","verified_product_page","https://seatcover.jp/c/toyota/hiace2/sandii-oc00026",""
"1538d3f906a8","トヨタ","ハイエース","Sandii","カヌレ","seatcover","5","T0026-09","none","car_mismatch","verified_product_page","https://seatcover.jp/c/toyota/hiace2/sandii-cn00026",""
"8409ab900aba","トヨタ","ハイエース","Sandii","エクレア","seatcover","4","T0026-09","none","car_mismatch","verified_product_page","https://seatcover.jp/c/toyota/hiace2/sandii-ec00026",""
"35016f544a7b","トヨタ","ハイエース","Sandii","デニムロール","seatcover","4","T0026-09","none","car_mismatch","verified_product_page","https://seatcover.jp/c/toyota/hiace2/sandii-dr00026",""
"02077ed17421","トヨタ","ハイエース","Sandii","カヌレグラッセ","seatcover","4","T0026-09","none","car_mismatch","verified_product_page","https://seatcover.jp/c/toyota/hiace2/sandii-cg00026",""
"5cfe33018d0d","トヨタ","ハイエース","Sandii","カヌレグラッセ","seatcover","1","T0026-06","none","car_mismatch","verified_product_page","https://seatcover.jp/c/toyota/hiace2/sandii-cg00026",""
"484162af6570","トヨタ","ハイエース","Sandii","エクレア","seatcover","4","T0026-09","none","car_mismatch","verified_product_page","https://seatcover.jp/c/toyota/hiace2/sandii-ec00026",""
"9cc2be842095","トヨタ","ハイエース","Sandii","デニムロール","seatcover","4","T0026-09","none","car_mismatch","verified_product_page","https://seatcover.jp/c/toyota/hiace2/sandii-dr00026",""
"b4951a6812a4","トヨタ","ハイエース","Sandii","カチナ","seatcover","4","T0026-09","none","car_mismatch","verified_product_page","https://seatcover.jp/c/toyota/hiace2/sandii-kp00026",""
"ced67f8d4ad0","トヨタ","ハイエース","Sandii","オールドカヌレ","seatcover","4","T0026-06","none","car_mismatch","verified_product_page","https://seatcover.jp/c/toyota/hiace2/sandii-oc00026",""
"31feee7597e0","トヨタ","ハイエース","Sandii","エクレア","seatcover","2","T0026-09","none","car_mismatch","verified_product_page","https://seatcover.jp/c/toyota/hiace2/sandii-ec00026",""
"037d746a093d","トヨタ","ハイエース","Sandii","デニムロール","seatcover","4","T0026-09","none","car_mismatch","verified_product_page","https://seatcover.jp/c/toyota/hiace2/sandii-dr00026",""
"bcb681bccc08","トヨタ","ハイエース","Sandii","カチナ","seatcover","5","T0026-09","none","car_mismatch","verified_product_page","https://seatcover.jp/c/toyota/hiace2/sandii-kp00026",""
"3dafe0966098","トヨタ","ハイエース","Sandii","カヌレ","seatcover","5","T0026-09","none","car_mismatch","verified_product_page","https://seatcover.jp/c/toyota/hiace2/sandii-cn00026",""
"e37caf1c6d06","トヨタ","ハイエース","Sandii","デニムサンド","seatcover","3","T0026-09","none","car_mismatch","verified_product_page","https://seatcover.jp/c/toyota/hiace2/sandii-ds00026",""
"41b8a3efee35","トヨタ","ハイエース","Sandii","カチナ","seatcover","4","T0026-09","none","car_mismatch","verified_product_page","https://seatcover.jp/c/toyota/hiace2/sandii-kp00026",""
"bac3e7b32649","トヨタ","ハイエース","Sandii","エクレア","seatcover","3","T0026-09","none","car_mismatch","verified_product_page","https://seatcover.jp/c/toyota/hiace2/sandii-ec00026",""
"85e219f97096","トヨタ","ハイエース","Sandii","デニムサンド","seatcover","5","T0026-09","none","car_mismatch","verified_product_page","https://seatcover.jp/c/toyota/hiace2/sandii-ds00026",""
"80b6601be9c5","トヨタ","ハイエース","Sandii","カヌレグラッセ","seatcover","5","T0026-08","none","car_mismatch","verified_product_page","https://seatcover.jp/c/toyota/hiace2/sandii-cg00026",""
"326a0fab7377","トヨタ","ハイエース","Sandii","オールドカヌレ","seatcover","3","T0026-06","none","car_mismatch","verified_product_page","https://seatcover.jp/c/toyota/hiace2/sandii-oc00026",""
"7d120ab306b8","トヨタ","ハイエース","Sandii","カチナ","seatcover","4","T0026-09","none","car_mismatch","verified_product_page","https://seatcover.jp/c/toyota/hiace2/sandii-kp00026",""
"4386b5992ffb","トヨタ","ハイエース","Sandii","カチナ","seatcover","4","T0090-01","none","car_mismatch","unverified","https://seatcover.jp/f/match_renewal",""
"5b1a15ee558d","トヨタ","ハイエース","Sandii","デニムサンド","seatcover","4","T0026-06","none","car_mismatch","verified_product_page","https://seatcover.jp/c/toyota/hiace2/sandii-ds00026",""
"512dd2519333","トヨタ","ハイエース","Sandii","オールドカヌレ","seatcover","4","T0026-06","none","car_mismatch","verified_product_page","https://seatcover.jp/c/toyota/hiace2/sandii-oc00026",""
"d4df598e0095","トヨタ","ハイエース","Sandii","シリーズ名の記載なし","seatcover","4","T0026-09","none","car_mismatch","no_direct_candidate","https://seatcover.jp/f/carlist_renewal.html",""
"92bfb0f0a247","トヨタ","ハイエース","Sandii","カヌレグラッセ","seatcover","4","T0026-09","none","car_mismatch","verified_product_page","https://seatcover.jp/c/toyota/hiace2/sandii-cg00026",""
"2b7e266651d1","トヨタ","ハイエース","Sandii","カヌレ","seatcover","3","T0026-09","none","car_mismatch","verified_product_page","https://seatcover.jp/c/toyota/hiace2/sandii-cn00026",""
"a5ee3a8a8153","トヨタ","ハイエース","Sandii","カヌレグラッセ","seatcover","4","T0026-09","none","car_mismatch","verified_product_page","https://seatcover.jp/c/toyota/hiace2/sandii-cg00026",""
"58d51e944418","トヨタ","ハイエース","Sandii","カヌレ","seatcover","3","T0026-09","none","car_mismatch","verified_product_page","https://seatcover.jp/c/toyota/hiace2/sandii-cn00026",""
"5f5783501101","トヨタ","ハイエース","Sandii","シリーズ名の記載なし","seatcover","4","T0026-09","none","car_mismatch","no_direct_candidate","https://seatcover.jp/f/carlist_renewal.html",""
"59cc2e234a2d","トヨタ","ハイエース","Sandii","カチナ","seatcover","5","T0026-09","none","car_mismatch","verified_product_page","https://seatcover.jp/c/toyota/hiace2/sandii-kp00026",""
"a5eff4840d81","トヨタ","ハイエース","Sandii","シリーズ名の記載なし","seatcover","4","T0026-09","none","car_mismatch","no_direct_candidate","https://seatcover.jp/f/carlist_renewal.html",""
"ec142a4bb0a3","トヨタ","ハイエース","Sandii","カヌレグラッセ","seatcover","3","T0026-06","none","car_mismatch","verified_product_page","https://seatcover.jp/c/toyota/hiace2/sandii-cg00026",""
"4087845eb6cc","トヨタ","ハイエース","Sandii","カヌレ","seatcover","3","T0026-09","none","car_mismatch","verified_product_page","https://seatcover.jp/c/toyota/hiace2/sandii-cn00026",""
"93798dd5476b","トヨタ","ハイエース","Sandii","デニムロール","seatcover","3","T0026-08","none","car_mismatch","verified_product_page","https://seatcover.jp/c/toyota/hiace2/sandii-dr00026",""
"4375b01c8992","トヨタ","ハイエース","Sandii","カチナ","seatcover","4","T0026-09","none","car_mismatch","verified_product_page","https://seatcover.jp/c/toyota/hiace2/sandii-kp00026",""
"7c564ee701e7","トヨタ","ハイエース","Sandii","デニムサンド","seatcover","5","T0026-09","none","car_mismatch","verified_product_page","https://seatcover.jp/c/toyota/hiace2/sandii-ds00026",""
"a9b769a633cd","トヨタ","ハイエース","Sandii","ドルチェ","seatcover","3","T0026-09","none","car_mismatch","verified_product_page","https://seatcover.jp/c/toyota/hiace2/sandii-dc00026",""
"e1e72b73f07a","トヨタ","ハイエース","Sandii","カチナ","seatcover","3","T0026-09","none","car_mismatch","verified_product_page","https://seatcover.jp/c/toyota/hiace2/sandii-kp00026",""
"e44bf553b532","トヨタ","ハイエース","Sandii","カチナ","seatcover","3","T0026-06","none","car_mismatch","verified_product_page","https://seatcover.jp/c/toyota/hiace2/sandii-kp00026",""
"67cd07cd0f91","トヨタ","ハイエース","Sandii","デニムサンド","seatcover","3","T0026-09","none","car_mismatch","verified_product_page","https://seatcover.jp/c/toyota/hiace2/sandii-ds00026",""
"15e7c5270a8a","トヨタ","ハイエース","Sandii","オールドカヌレ","seatcover","3","T0026-03","none","car_mismatch","verified_product_page","https://seatcover.jp/c/toyota/hiace2/sandii-oc00026",""
"9a6694a35319","トヨタ","ハイエース","Sandii","デニムサンド","seatcover","5","T0026-09","none","car_mismatch","verified_product_page","https://seatcover.jp/c/toyota/hiace2/sandii-ds00026",""
"1bdc08089790","トヨタ","ハイエース","Sandii","カチナ","seatcover","4","T0026-09","none","car_mismatch","verified_product_page","https://seatcover.jp/c/toyota/hiace2/sandii-kp00026",""
"49c6a9457dda","トヨタ","ハイエース","Sandii","カチナ","seatcover","2","T0026-09","none","car_mismatch","verified_product_page","https://seatcover.jp/c/toyota/hiace2/sandii-kp00026",""
"dfaf432a5e59","トヨタ","ハイエース","Sandii","カヌレ","seatcover","5","T0026-09","none","car_mismatch","verified_product_page","https://seatcover.jp/c/toyota/hiace2/sandii-cn00026",""
"5dd15b05dedb","トヨタ","ハイエース","Sandii","コロール","seatcover","3","T0026-09","none","car_mismatch","no_direct_candidate","https://seatcover.jp/c/seatcovermaker/sandii/sandii-color",""
"e10a791b44c8","トヨタ","ハイエース","Sandii","エクレア","seatcover","3","T0026-09","none","car_mismatch","verified_product_page","https://seatcover.jp/c/toyota/hiace2/sandii-ec00026",""
"834a32cfca06","トヨタ","ハイエース","Sandii","デニムサンド","seatcover","2","T0026-09","none","car_mismatch","verified_product_page","https://seatcover.jp/c/toyota/hiace2/sandii-ds00026",""
"be6e31ac9625","トヨタ","ハイエース","Sandii","カヌレグラッセ","seatcover","5","T0026-09","none","car_mismatch","verified_product_page","https://seatcover.jp/c/toyota/hiace2/sandii-cg00026",""
"e98301c386d2","トヨタ","ハイエース","Sandii","オールドカヌレ","seatcover","3","T0026-06","none","car_mismatch","verified_product_page","https://seatcover.jp/c/toyota/hiace2/sandii-oc00026",""
"8c39641f266c","トヨタ","ハイエース","Sandii","オールドカヌレ","seatcover","3","T0026-03","none","car_mismatch","verified_product_page","https://seatcover.jp/c/toyota/hiace2/sandii-oc00026",""
"e4c95c316dd4","トヨタ","ハイエース","Sandii","デニムサンド","seatcover","3","T0026-09","none","car_mismatch","verified_product_page","https://seatcover.jp/c/toyota/hiace2/sandii-ds00026",""
"a79a555fad60","トヨタ","ハイエース","Sandii","オールドカヌレ","seatcover","3","T0026-08","none","car_mismatch","verified_product_page","https://seatcover.jp/c/toyota/hiace2/sandii-oc00026",""
"fb4c47358270","トヨタ","ハイエース","Sandii","カヌレ","seatcover","1","T0026-09","none","car_mismatch","verified_product_page","https://seatcover.jp/c/toyota/hiace2/sandii-cn00026",""
"df1cd30c7606","トヨタ","ハイエース","Sandii","デニムサンド","seatcover","2","T0026-09","none","car_mismatch","verified_product_page","https://seatcover.jp/c/toyota/hiace2/sandii-ds00026",""
"1ca554262824","トヨタ","ハイエース","Sandii","オールドカヌレ","seatcover","3","T0026-09","none","car_mismatch","verified_product_page","https://seatcover.jp/c/toyota/hiace2/sandii-oc00026",""
"0ebf576dda46","トヨタ","ハイエース","Sandii","デニムロール","seatcover","3","T0026-09","none","car_mismatch","verified_product_page","https://seatcover.jp/c/toyota/hiace2/sandii-dr00026",""
"cd61097dd555","トヨタ","ハイエース","Sandii","オールドカヌレ","seatcover","4","T0026-03","none","car_mismatch","verified_product_page","https://seatcover.jp/c/toyota/hiace2/sandii-oc00026",""
"615c0adf1e79","トヨタ","ハイエース","Sandii","カヌレ","seatcover","3","T0026-08","none","car_mismatch","verified_product_page","https://seatcover.jp/c/toyota/hiace2/sandii-cn00026",""
"3f60d64b02c1","トヨタ","ハイエース","Sandii","カヌレ","seatcover","3","T0026-09","none","car_mismatch","verified_product_page","https://seatcover.jp/c/toyota/hiace2/sandii-cn00026",""
"a74dcfa39f77","トヨタ","ハイエース","Sandii","デニムサンド","seatcover","3","T0026-03","none","car_mismatch","verified_product_page","https://seatcover.jp/c/toyota/hiace2/sandii-ds00026",""
"fe2a4d28a30b","トヨタ","ハイエース","Sandii","オールドカヌレ","seatcover","3","T0026-06","none","car_mismatch","verified_product_page","https://seatcover.jp/c/toyota/hiace2/sandii-oc00026",""
"c05fdf0abce9","トヨタ","ハイエース","Sandii","デニムサンド","seatcover","3","T0026-09","none","car_mismatch","verified_product_page","https://seatcover.jp/c/toyota/hiace2/sandii-ds00026",""
"cc131122725c","トヨタ","ハイエース","Sandii","シリーズ名の記載なし","seatcover","3","T0026-08","none","car_mismatch","no_direct_candidate","https://seatcover.jp/f/carlist_renewal.html",""
"e1d9a18ab43e","トヨタ","ハイエース","Sandii","カヌレ","seatcover","2","T0026-09","none","car_mismatch","verified_product_page","https://seatcover.jp/c/toyota/hiace2/sandii-cn00026",""
"1486c4e40714","トヨタ","ハイエース","Sandii","カヌレグラッセ","seatcover","4","T0026-09","none","car_mismatch","verified_product_page","https://seatcover.jp/c/toyota/hiace2/sandii-cg00026",""
"4318651a7484","トヨタ","ハイエース","Sandii","カヌレグラッセ","seatcover","4","T0026-57","none","car_mismatch","unverified","https://seatcover.jp/f/match_renewal",""
"cb9be9da0660","トヨタ","ハイエース","Sandii","カヌレ","seatcover","2","T0013-76","none","car_mismatch","unverified","https://seatcover.jp/f/match_renewal",""
"a763eb5e10ad","トヨタ","ハイエース","Sandii","カヌレ","seatcover","3","T0026-57","none","car_mismatch","unverified","https://seatcover.jp/f/match_renewal",""
"f04c5fb450f0","トヨタ","ハイエース","Sandii","デニムロール","seatcover","2","T0026-04","none","car_mismatch","verified_product_page","https://seatcover.jp/c/toyota/hiace2/sandii-dr00026",""
"e6dca329687e","トヨタ","ハイエース","Sandii","カヌレ","seatcover","3","T0026-55","none","car_mismatch","unverified","https://seatcover.jp/f/match_renewal",""
"5fee714d9e79","トヨタ","ハイエース","Sandii","カヌレ","seatcover","3","T0026-06","none","car_mismatch","verified_product_page","https://seatcover.jp/c/toyota/hiace2/sandii-cn00026",""
"3657df853362","トヨタ","ハイエース","Sandii","カヌレ","seatcover","4","T0026-09","none","car_mismatch","verified_product_page","https://seatcover.jp/c/toyota/hiace2/sandii-cn00026",""
"833935cb0550","トヨタ","ハイエース","Sandii","カヌレグラッセ","seatcover","3","T0026-08","none","car_mismatch","verified_product_page","https://seatcover.jp/c/toyota/hiace2/sandii-cg00026",""
"12ea611a67a0","トヨタ","ハイエース","Sandii","コロール","seatcover","2","T0026-09","none","car_mismatch","no_direct_candidate","https://seatcover.jp/c/seatcovermaker/sandii/sandii-color",""
"0d97036654f0","トヨタ","ハイエース","Sandii","カヌレ","seatcover","4","T0026-06","none","car_mismatch","verified_product_page","https://seatcover.jp/c/toyota/hiace2/sandii-cn00026",""
"514fa9a48f57","トヨタ","ハイエース","Sandii","シリーズ名の記載なし","seatcover","5","T0026-02","none","car_mismatch","no_direct_candidate","https://seatcover.jp/f/carlist_renewal.html",""
"3fb6e121aea0","トヨタ","ハイエース","Sandii","マカロン","seatcover","2","T0026-09","none","car_mismatch","verified_product_page","https://seatcover.jp/c/toyota/hiace2/sandii-mc00026",""
"6bc20377fede","トヨタ","ハイエース","Refinad","Astraea Series","seatcover","4","T0026-09","none","car_mismatch","verified_product_page","https://seatcover.jp/c/toyota/hiace2/refinad-as00026",""
"906715e1dbdd","トヨタ","ハイエース","Refinad","Heritage Series","seatcover","5","T0026-03","none","car_mismatch","verified_product_page","https://seatcover.jp/c/toyota/hiace2/refinad-ht00026",""
"006fb28c1b4c","トヨタ","ハイエース","Refinad","Leather Series","seatcover","4","T0026-09","none","car_mismatch","verified_product_page","https://seatcover.jp/c/toyota/hiace2/refinad-00026",""
"cf59187f3ca4","トヨタ","ハイエース","Refinad","Heritage Series","seatcover","3","T0026-09","none","car_mismatch","verified_product_page","https://seatcover.jp/c/toyota/hiace2/refinad-ht00026",""
"392428bfd901","トヨタ","ハイエース","Refinad","Leather Series","seatcover","5","T0026-09","none","car_mismatch","verified_product_page","https://seatcover.jp/c/toyota/hiace2/refinad-00026",""
"638185cb3ea0","トヨタ","ハイエース","Refinad","Corduroy Series","seatcover","2","T0026-03","none","car_mismatch","verified_product_page","https://seatcover.jp/c/toyota/hiace2/refinad-cd00026",""
"ad122ef057ed","トヨタ","ハイエース","Refinad","Leather Deluxe Series","seatcover","4","T0026-09","none","car_mismatch","verified_product_page","https://seatcover.jp/c/toyota/hiace2/refinad-dx00026",""
"4d28ba5c5eb0","トヨタ","ハイエース","Refinad","Leather Series","seatcover","3","T0026-06","none","car_mismatch","verified_product_page","https://seatcover.jp/c/toyota/hiace2/refinad-00026",""
"c6c9638fa8bb","トヨタ","ハイエース","Refinad","Quilt Series","seatcover","5","T0026-03","none","car_mismatch","verified_product_page","https://seatcover.jp/c/toyota/hiace2/refinad-qs00026",""
"6bec4f39378b","トヨタ","ハイエース","Refinad","Custom Series","seatcover","5","T0026-06","none","car_mismatch","verified_product_page","https://seatcover.jp/c/toyota/hiace2/refinad-cs00026",""
"663aee76bf96","トヨタ","ハイエース","Refinad","Leather Deluxe Series","seatcover","5","T0026-59","none","car_mismatch","unverified","https://seatcover.jp/f/match_renewal",""
"3b17ba6541f7","トヨタ","ハイエース","Refinad","Harmonious Leather Series","seatcover","3","T0026-05","none","car_mismatch","verified_product_page","https://seatcover.jp/c/toyota/hiace2/refinad-hs00026",""
"d7881816044b","トヨタ","ハイエース","Refinad","Leather Series","seatcover","3","T0026-09","none","car_mismatch","verified_product_page","https://seatcover.jp/c/toyota/hiace2/refinad-00026",""
"787a0d2f52e5","トヨタ","ハイエース","Refinad","Leather Series","seatcover","4","T0026-09","none","car_mismatch","verified_product_page","https://seatcover.jp/c/toyota/hiace2/refinad-00026",""
"2816a1742fac","トヨタ","ハイエース","Refinad","Leather Series","seatcover","5","T0026-09","none","car_mismatch","verified_product_page","https://seatcover.jp/c/toyota/hiace2/refinad-00026",""
"fb6788d7df59","トヨタ","ハイエース","Refinad","Custom Series","seatcover","4","T0026-09","none","car_mismatch","verified_product_page","https://seatcover.jp/c/toyota/hiace2/refinad-cs00026",""
"8e5300b1b7c6","トヨタ","ハイエース","Refinad","Leather Series","seatcover","3","T0026-09","none","car_mismatch","verified_product_page","https://seatcover.jp/c/toyota/hiace2/refinad-00026",""
"12e42c227e69","トヨタ","ハイエース","Refinad","Custom Series","seatcover","3","T0026-09","none","car_mismatch","verified_product_page","https://seatcover.jp/c/toyota/hiace2/refinad-cs00026",""
"6a4d45800fa1","トヨタ","ハイエース","Refinad","Leather Series","seatcover","3","T0026-09","none","car_mismatch","verified_product_page","https://seatcover.jp/c/toyota/hiace2/refinad-00026",""
"3a372f7ca5e3","トヨタ","ハイエース","Refinad","Harmonious Leather Series","seatcover","4","T0026-05","none","car_mismatch","verified_product_page","https://seatcover.jp/c/toyota/hiace2/refinad-hs00026",""
"0e803cde0c4a","トヨタ","ハイエース","Refinad","Custom Series","seatcover","4","T0026-09","none","car_mismatch","verified_product_page","https://seatcover.jp/c/toyota/hiace2/refinad-cs00026",""
"3ba3b38694e1","トヨタ","ハイエース","Refinad","シリーズ名の記載なし","seatcover","3","T0026-57","none","car_mismatch","no_direct_candidate","https://seatcover.jp/f/carlist_renewal.html",""
"685eac5c3571","トヨタ","ハイエース","Refinad","Harmonious Leather Series","seatcover","3","T0026-06","none","car_mismatch","verified_product_page","https://seatcover.jp/c/toyota/hiace2/refinad-hs00026",""
"43b347ea6072","トヨタ","ハイエース","Refinad","Avant-Garde Series","seatcover","2","T0026-09","none","car_mismatch","verified_product_page","https://seatcover.jp/c/toyota/hiace2/refinad-ag00026",""
"87eb1b4f14d0","トヨタ","ハイエース","Refinad","Alcantara Series","seatcover","2","T0026-03","none","car_mismatch","verified_product_page","https://seatcover.jp/c/toyota/hiace2/refinad-al00026",""
"7945ae959bda","トヨタ","ハイエース","Refinad","Custom Series","seatcover","2","T0026-06","none","car_mismatch","verified_product_page","https://seatcover.jp/c/toyota/hiace2/refinad-cs00026",""
"321fd312234c","トヨタ","ハイエース","Refinad","Leather Series","seatcover","3","T0026-09","none","car_mismatch","verified_product_page","https://seatcover.jp/c/toyota/hiace2/refinad-00026",""
"291064bcb2c3","トヨタ","ハイエース","Refinad","Leather Series","seatcover","2","T0026-09","none","car_mismatch","verified_product_page","https://seatcover.jp/c/toyota/hiace2/refinad-00026",""
"c917ea85747b","トヨタ","ハイエース","Refinad","Avant-Garde Series","seatcover","3","T0026-09","none","car_mismatch","verified_product_page","https://seatcover.jp/c/toyota/hiace2/refinad-ag00026",""
"1c511a17c339","トヨタ","ハイエース","Refinad","Leather Series","seatcover","2","T0026-09","none","car_mismatch","verified_product_page","https://seatcover.jp/c/toyota/hiace2/refinad-00026",""
"f6d61e7c2ea7","トヨタ","ハイエース","Refinad","Leather Deluxe Series","seatcover","2","T0026-09","none","car_mismatch","verified_product_page","https://seatcover.jp/c/toyota/hiace2/refinad-dx00026",""
"d75b66182854","トヨタ","ハイエース","Refinad","Avant-Garde Series","seatcover","2","T0026-09","none","car_mismatch","verified_product_page","https://seatcover.jp/c/toyota/hiace2/refinad-ag00026",""
"9612bcd6001c","トヨタ","ハイエース","Refinad","Leather Deluxe Series","seatcover","5","T0026-57","none","car_mismatch","unverified","https://seatcover.jp/f/match_renewal",""
"8eb1eaa4477e","トヨタ","ハイエース","Refinad","Leather Series","seatcover","4","T0026-09","none","car_mismatch","verified_product_page","https://seatcover.jp/c/toyota/hiace2/refinad-00026",""
"cc93a428e1b3","トヨタ","ハイエース","Refinad","Custom Series","seatcover","2","T0026-06","none","car_mismatch","verified_product_page","https://seatcover.jp/c/toyota/hiace2/refinad-cs00026",""
"5fadbdc31f8e","トヨタ","ハイエース","Refinad","Leather Series","seatcover","2","T0026-06","none","car_mismatch","verified_product_page","https://seatcover.jp/c/toyota/hiace2/refinad-00026",""
"26e772711e76","トヨタ","ハイエース","Refinad","Custom Series","seatcover","2","T0026-06","none","car_mismatch","verified_product_page","https://seatcover.jp/c/toyota/hiace2/refinad-cs00026",""
"2704ad82a1e4","トヨタ","ハイエース","Refinad","Quilt Series","seatcover","2","T0026-09","none","car_mismatch","verified_product_page","https://seatcover.jp/c/toyota/hiace2/refinad-qs00026",""
"146141abbc5f","トヨタ","ハイエース","Refinad","Harmonious Leather Series","seatcover","4","T0026-09","none","car_mismatch","verified_product_page","https://seatcover.jp/c/toyota/hiace2/refinad-hs00026",""
"9e7d1c00c525","トヨタ","ハイエース","Refinad","Leather Deluxe Series","seatcover","2","T0026-03","none","car_mismatch","verified_product_page","https://seatcover.jp/c/toyota/hiace2/refinad-dx00026",""
"76a62be1b3f8","トヨタ","ハイエース","Refinad","Custom Series","seatcover","3","T0026-06","none","car_mismatch","verified_product_page","https://seatcover.jp/c/toyota/hiace2/refinad-cs00026",""
"6761a1e32e35","トヨタ","ハイエース","Refinad","Custom Series","seatcover","2","T0026-09","none","car_mismatch","verified_product_page","https://seatcover.jp/c/toyota/hiace2/refinad-cs00026",""
"6d615da3d574","トヨタ","ハイエース","Refinad","Leather Deluxe Series","seatcover","2","T0026-03","none","car_mismatch","verified_product_page","https://seatcover.jp/c/toyota/hiace2/refinad-dx00026",""
"f6c4a200b466","トヨタ","ハイエース","Refinad","Harmonious Leather Series","seatcover","3","T0026-05","none","car_mismatch","verified_product_page","https://seatcover.jp/c/toyota/hiace2/refinad-hs00026",""
"7214097462b7","トヨタ","ハイエース","Refinad","Alcantara Series","seatcover","3","T0026-09","none","car_mismatch","verified_product_page","https://seatcover.jp/c/toyota/hiace2/refinad-al00026",""
"8498ce81c015","トヨタ","ハイエース","Refinad","Leather Series","seatcover","4","T0026-09","none","car_mismatch","verified_product_page","https://seatcover.jp/c/toyota/hiace2/refinad-00026",""
"d9cb7d3ae097","トヨタ","ハイエース","Refinad","Custom Series","seatcover","3","T0026-09","none","car_mismatch","verified_product_page","https://seatcover.jp/c/toyota/hiace2/refinad-cs00026",""
"04261b2d28b8","トヨタ","ハイエース","Refinad","Harmonious Leather Series","seatcover","3","T0026-05","none","car_mismatch","verified_product_page","https://seatcover.jp/c/toyota/hiace2/refinad-hs00026",""
"377d8d54bd67","トヨタ","ハイエース","Refinad","Alcantara Series","seatcover","2","T0026-09","none","car_mismatch","verified_product_page","https://seatcover.jp/c/toyota/hiace2/refinad-al00026",""
"16034c5e7d6f","トヨタ","ハイエース","Refinad","Leather Series","seatcover","2","T0026-09","none","car_mismatch","verified_product_page","https://seatcover.jp/c/toyota/hiace2/refinad-00026",""
"b56e863df461","トヨタ","プレミオ","Refinad","Leather Series","seatcover","4","T0038-03","none","car_mismatch","unverified","https://seatcover.jp/f/match_renewal",""
"82930730d4aa","トヨタ","プロボックス","Sandii","デニムサンド","seatcover","5","T0090-03","matched","matched","verified_product_page","https://seatcover.jp/c/toyota/probox/sandii-ds00538",""
"faa78518c125","トヨタ","プロボックス","Sandii","デニムサンド","seatcover","4","T0090-03","matched","matched","verified_product_page","https://seatcover.jp/c/toyota/probox/sandii-ds00538",""
"fa1331478ab4","トヨタ","プロボックス","Sandii","オールドカヌレ","seatcover","4","T0090-01","matched","matched","unverified","https://seatcover.jp/c/toyota/probox",""
"8b12cdcba174","トヨタ","プロボックス","Sandii","エクレア","seatcover","4","T0090-04","matched","matched","verified_product_page","https://seatcover.jp/c/toyota/probox/sandii-ec00538",""
"1cc2d4e2e89f","トヨタ","プロボックス","Sandii","オールドカヌレ","seatcover","5","T0090-01","matched","matched","unverified","https://seatcover.jp/c/toyota/probox",""
"9b536fa9fe16","トヨタ","プロボックス","Sandii","オールドカヌレ","seatcover","3","T0090-01","matched","matched","unverified","https://seatcover.jp/c/toyota/probox",""
"3b7bf8392f65","トヨタ","プロボックス","Sandii","デニムロール","seatcover","5","T0090-04","matched","matched","verified_product_page","https://seatcover.jp/c/seatcovermaker/sandii/denimroll/sandii-dr00538",""
"f042fd59e0ac","トヨタ","プロボックス","Sandii","オールドカヌレ","seatcover","5","T0090-01","matched","matched","unverified","https://seatcover.jp/c/toyota/probox",""
"0d5fd8052467","トヨタ","プロボックス","Sandii","オールドカヌレ","seatcover","2","T0090-01","matched","matched","unverified","https://seatcover.jp/c/toyota/probox",""
"34c9269340fb","トヨタ","プロボックス","Sandii","デニムサンド","seatcover","5","T0090-03","matched","matched","verified_product_page","https://seatcover.jp/c/toyota/probox/sandii-ds00538",""
"c1b18dec9652","トヨタ","プロボックス","Sandii","オールドカヌレ","seatcover","4","T0090-01","matched","matched","unverified","https://seatcover.jp/c/toyota/probox",""
"baef00671895","トヨタ","プロボックス","Sandii","オールドカヌレ","seatcover","3","T0090-01","matched","matched","unverified","https://seatcover.jp/c/toyota/probox",""
"013d819096b6","トヨタ","プロボックス","Sandii","カヌレ","seatcover","3","T0090-03","matched","matched","verified_product_page","https://seatcover.jp/c/toyota/probox/sandii-cn00538",""
"99bbfd77e2d3","トヨタ","プロボックス","Sandii","オールドカヌレ","seatcover","2","T0090-01","matched","matched","unverified","https://seatcover.jp/c/toyota/probox",""
"101160245f9a","トヨタ","プロボックス","Sandii","オールドカヌレ","seatcover","3","T0090-01","matched","matched","unverified","https://seatcover.jp/c/toyota/probox",""
"a081fae648b0","トヨタ","プロボックス","Sandii","オールドカヌレ","seatcover","4","T0090-03","matched","matched","unverified","https://seatcover.jp/c/toyota/probox",""
"19f65e6cda10","トヨタ","プロボックス","Refinad","Leather Series","seatcover","4","T0090-02","matched","matched","verified_product_page","https://seatcover.jp/c/toyota/probox/refinad-00538",""
"6c538e8d0b1d","トヨタ","プロボックス","Refinad","Harmonious Leather Series","seatcover","2","T0090-02","matched","matched","verified_product_page","https://seatcover.jp/c/toyota/probox/refinad-hs00538",""
"659889669040","トヨタ","プロボックス","Refinad","Custom Series","seatcover","2","T0090-02","matched","matched","verified_product_page","https://seatcover.jp/c/toyota/probox/refinad-cs00538",""
"48ee3b174334","トヨタ","ラクティス","Refinad","Leather Series","seatcover","4","T0042-06","matched","matched","verified_product_page","https://seatcover.jp/c/seatcovermaker/refinad/refinad-leather/refinad-00042",""
"938eea05b4f7","トヨタ","ラクティス","Refinad","Leather Series","seatcover","2","T0042-04","matched","matched","verified_product_page","https://seatcover.jp/c/seatcovermaker/refinad/refinad-leather/refinad-00042",""
"eeaa22854538","トヨタ","ラクティス","Refinad","Leather Series","seatcover","2","T0042-04","matched","matched","verified_product_page","https://seatcover.jp/c/seatcovermaker/refinad/refinad-leather/refinad-00042",""
"614cfbc9d5bd","トヨタ","ルミオン","Refinad","Leather Series","seatcover","2","T0394-01","none","car_mismatch","unverified","https://seatcover.jp/f/match_renewal",""
"df562ec0fc16","トヨタ","シエンタ","Sandii","マカロン","seatcover","5","T0022-10","matched","matched","unverified","https://seatcover.jp/f/match_renewal",""
"237bbdd79ace","トヨタ","シエンタ","Sandii","マカロン","seatcover","4","T0022-10","matched","matched","unverified","https://seatcover.jp/f/match_renewal",""
"fce7a22567fa","トヨタ","シエンタ","Sandii","エクレア","seatcover","4","T0022-07","matched","matched","unverified","https://seatcover.jp/f/match_renewal",""
"f91f5c28f47d","トヨタ","シエンタ","Sandii","マカロン","seatcover","5","T0022-10","matched","matched","unverified","https://seatcover.jp/f/match_renewal",""
"02f36db81971","トヨタ","シエンタ","Sandii","ドルチェ","seatcover","5","T0022-10","matched","matched","verified_product_page","https://seatcover.jp/c/toyota/sienta/sandii-dc00022",""
"a4ae602b4a6d","トヨタ","シエンタ","Sandii","シリーズ名の記載なし","seatcover","4","T0022-10","matched","matched","no_direct_candidate","https://seatcover.jp/c/toyota/sienta",""
"4ae21127835f","トヨタ","シエンタ","Sandii","ワッフル","seatcover","3","T0022-05","matched","matched","unverified","https://seatcover.jp/f/match_renewal",""
"5995f3b1d55b","トヨタ","シエンタ","Sandii","コロール","seatcover","3","T0022-03","matched","matched","no_direct_candidate","https://seatcover.jp/c/toyota/sienta",""
"48dca4093958","トヨタ","シエンタ","Sandii","コロール","seatcover","3","T0022-03","matched","matched","no_direct_candidate","https://seatcover.jp/c/toyota/sienta",""
"1f9f467ff0ba","トヨタ","シエンタ","Sandii","カヌレ","seatcover","3","T0022-07","matched","matched","unverified","https://seatcover.jp/f/match_renewal",""
"f9691fa42430","トヨタ","シエンタ","Sandii","コロール","seatcover","3","T0022-05","matched","matched","no_direct_candidate","https://seatcover.jp/c/toyota/sienta",""
"2c7b0c348242","トヨタ","シエンタ","Sandii","マカロン","seatcover","3","T0022-03","matched","matched","unverified","https://seatcover.jp/f/match_renewal",""
"72b521de27a8","トヨタ","シエンタ","Refinad","シリーズ名の記載なし","seatcover","3","T0022-03","matched","matched","no_direct_candidate","https://seatcover.jp/c/toyota/sienta",""
"051b610551c5","トヨタ","シエンタ","Refinad","Custom Series","seatcover","2","T0022-03","matched","matched","unverified","https://seatcover.jp/f/match_renewal",""
"6f0171f00b29","トヨタ","シエンタ","Refinad","Harmonious Leather Series","seatcover","3","T0022-03","matched","matched","unverified","https://seatcover.jp/f/match_renewal",""
"44c819855cff","トヨタ","シエンタ","Refinad","Leather Series","seatcover","5","T0022-02","matched","matched","unverified","https://seatcover.jp/f/match_renewal",""
"7cc92fa678f7","トヨタ","シエンタ","Refinad","Custom Series","seatcover","3","T0022-03","matched","matched","unverified","https://seatcover.jp/f/match_renewal",""
"119bb4a9f3dc","トヨタ","シエンタ","Refinad","Leather Series","seatcover","3","T0022-02","matched","matched","unverified","https://seatcover.jp/f/match_renewal",""
"130476c4b44b","トヨタ","シエンタ","Refinad","Alcantara Series","seatcover","2","T0022-02","matched","matched","unverified","https://seatcover.jp/f/match_renewal",""
"b29915a8c888","トヨタ","シエンタ","Refinad","Exclusive Design Series","seatcover","4","T0022-03","matched","matched","no_direct_candidate","https://seatcover.jp/c/toyota/sienta",""
"72388e7e97b7","トヨタ","ソアラ","Dotty","EURO-LUX","seatcover","6","","none","no_code","no_direct_candidate","https://seatcover.jp/c/toyota/soarer",""
"6d27b1fa0ce8","トヨタ","ソアラ","Dotty","DIA-LUX","seatcover","5","","none","no_code","no_direct_candidate","https://seatcover.jp/c/toyota/soarer",""
"9368482dac31","トヨタ","ソアラ","Dotty","LUXUR-SPOLT","seatcover","3","","none","no_code","no_direct_candidate","https://seatcover.jp/c/toyota/soarer",""
"1ca2bcd8e773","BMW","BMW2シリーズ2列","Sandii","ビスキュイ","seatcover","2","BM0190-04","none","car_mismatch","no_direct_candidate","https://seatcover.jp/c/bmw/bmw2series",""
"17ba82441e6e","BMW","BMW2シリーズ","Dotty","シリーズ名の記載なし","seatcover","12","","none","no_code","no_direct_candidate","https://seatcover.jp/c/bmw/bmw2series",""
"b1dfac275ca3","BMW","BMW3シリーズ","Refinad","Leather Deluxe Series","seatcover","5","BM0189-15","matched","matched","verified_product_page","https://seatcover.jp/c/seatcovermaker/refinad/refinad-leatherdx/refinad-dx00189",""
"c159af4f2ead","BMW","BMW3シリーズ","Refinad","Custom Series","seatcover","4","BM0189-14","matched","matched","verified_product_page","https://seatcover.jp/c/seatcovermaker/refinad/refinad-custom/refinad-cs00189",""
"bd98102ec71a","BMW","BMW3シリーズ","Refinad","Leather Series","seatcover","5","BM0189-14","matched","matched","verified_product_page","https://seatcover.jp/c/bmw/bmw3series/refinad-00189",""
"33454a7c8200","BMW","BMW3シリーズ","Refinad","Leather Series","seatcover","3","BM0189-15","matched","matched","verified_product_page","https://seatcover.jp/c/bmw/bmw3series/refinad-00189",""
"803c29e5bc4d","BMW","BMW3シリーズ","Refinad","Harmonious Leather Series","seatcover","2","BM0189-14","matched","matched","verified_product_page","https://seatcover.jp/c/bmw/bmw3series/refinad-hs00189",""
"2b45a610bbee","BMW","BMW3シリーズ","Refinad","Quilt Series","seatcover","2","BM0189-15","matched","matched","verified_product_page","https://seatcover.jp/c/bmw/bmw3series/refinad-qs00189",""
"61981f04abac","BMW","BMW3シリーズ","Refinad","Leather Deluxe Series","seatcover","2","BM0189-15","matched","matched","verified_product_page","https://seatcover.jp/c/seatcovermaker/refinad/refinad-leatherdx/refinad-dx00189",""
"9a9189579bbc","BMW","BMW3シリーズ","Refinad","Leather Deluxe Series","seatcover","4","BM0189-14","matched","matched","verified_product_page","https://seatcover.jp/c/seatcovermaker/refinad/refinad-leatherdx/refinad-dx00189",""
"9e400011f814","BMW","BMW3シリーズ","Refinad","Alcantara Series","seatcover","2","BM0189-15","matched","matched","verified_product_page","https://seatcover.jp/c/bmw/bmw3series/refinad-al00189",""
"587250311b5e","BMW","BMW3シリーズ","Refinad","Leather Deluxe Series","seatcover","3","BM0189-15","matched","matched","verified_product_page","https://seatcover.jp/c/seatcovermaker/refinad/refinad-leatherdx/refinad-dx00189",""
"9673c9aa9503","BMW","BMW3シリーズ","Refinad","Custom Series","seatcover","2","BM0189-01","matched","matched","verified_product_page","https://seatcover.jp/c/seatcovermaker/refinad/refinad-custom/refinad-cs00189",""
"14519f415700","BMW","BMW3シリーズ","Refinad","Custom Series","seatcover","2","BM0189-01","matched","matched","verified_product_page","https://seatcover.jp/c/seatcovermaker/refinad/refinad-custom/refinad-cs00189",""
"0f83836285af","BMW","BMW3シリーズ","Refinad","Leather Deluxe Series","seatcover","3","BM0189-16","matched","matched","verified_product_page","https://seatcover.jp/c/seatcovermaker/refinad/refinad-leatherdx/refinad-dx00189",""
"92a4809d8e23","BMW","BMW3シリーズ","Refinad","Leather Series","seatcover","4","BM0189-15","matched","matched","verified_product_page","https://seatcover.jp/c/bmw/bmw3series/refinad-00189",""
"095c3169b5d2","BMW","BMW3シリーズ","Refinad","Leather Deluxe Series","seatcover","3","BM0189-14","matched","matched","verified_product_page","https://seatcover.jp/c/seatcovermaker/refinad/refinad-leatherdx/refinad-dx00189",""
"f7dc2e673fdf","BMW","BMW3シリーズ","Refinad","Leather Deluxe Series","seatcover","6","BM0189-14","matched","matched","verified_product_page","https://seatcover.jp/c/seatcovermaker/refinad/refinad-leatherdx/refinad-dx00189",""
"9ef63564dd60","ダイハツ","アトレー","Sandii","オールドカヌレ","seatcover","3","D0580-01","matched","matched","verified_product_page","https://seatcover.jp/c/daihatsu/atrai/sandii-oc00580",""
"4e05e56a4906","ダイハツ","アトレー","Sandii","カチナ","seatcover","4","D0580-01","matched","matched","verified_product_page","https://seatcover.jp/c/daihatsu/atrai/sandii-kp00580",""
"145403881bd2","ダイハツ","アトレー","Sandii","デニムサンド","seatcover","3","D0580-01","matched","matched","verified_product_page","https://seatcover.jp/c/daihatsu/atrai/sandii-ds00580",""
"ff34635b5fb2","ダイハツ","アトレー","Sandii","デニムサンド","seatcover","5","D0580-01","matched","matched","verified_product_page","https://seatcover.jp/c/daihatsu/atrai/sandii-ds00580",""
"3996e304712e","ダイハツ","アトレー","Sandii","コロール","seatcover","2","D0580-01","matched","matched","verified_product_page","https://seatcover.jp/c/daihatsu/atrai/sandii-00580",""
"c22afc2b14c0","ダイハツ","アトレー","Sandii","オールドカヌレ","seatcover","4","D0580-01","matched","matched","verified_product_page","https://seatcover.jp/c/daihatsu/atrai/sandii-oc00580",""
"36b3a1b1ea85","ダイハツ","アトレー","Sandii","オールドカヌレ","seatcover","5","D0580-01","matched","matched","verified_product_page","https://seatcover.jp/c/daihatsu/atrai/sandii-oc00580",""
"ee0878df36e9","ダイハツ","アトレー","Sandii","オールドカヌレ","seatcover","1","D0580-01","matched","matched","verified_product_page","https://seatcover.jp/c/daihatsu/atrai/sandii-oc00580",""
"2efd1e221cbc","ダイハツ","アトレー","Sandii","デニムサンド","seatcover","4","D0580-01","matched","matched","verified_product_page","https://seatcover.jp/c/daihatsu/atrai/sandii-ds00580",""
"3e0869a30662","ダイハツ","アトレー","Sandii","エクレア","seatcover","3","D0580-01","matched","matched","verified_product_page","https://seatcover.jp/c/daihatsu/atrai/sandii-ec00580",""
"929898525413","ダイハツ","アトレー","Sandii","マカロン","seatcover","3","D0580-01","matched","matched","verified_product_page","https://seatcover.jp/c/daihatsu/atrai/sandii-mc00580",""
"b976f596bcf0","ダイハツ","アトレー","Refinad","Quilt Series","seatcover","4","D0580-01","matched","matched","verified_product_page","https://seatcover.jp/c/seatcovermaker/refinad/refinad-quilt/refinad-qs00580",""
"4547005842b9","ダイハツ","アトレー","Refinad","Quilt Series","seatcover","3","D0580-02","matched","matched","verified_product_page","https://seatcover.jp/c/seatcovermaker/refinad/refinad-quilt/refinad-qs00580",""
"af4f76a880ab","ダイハツ","アトレー","Refinad","Leather Deluxe Series","seatcover","4","D0580-01","matched","matched","verified_product_page","https://seatcover.jp/c/daihatsu/atrai/refinad-dx00580",""
"2e750d774cc8","ダイハツ","アトレー","Refinad","Custom Series","seatcover","4","D0580-01","matched","matched","verified_product_page","https://seatcover.jp/c/seatcovermaker/refinad/refinad-custom/refinad-cs00580",""
"3c7401816102","ダイハツ","アトレー","Refinad","Leather Series","seatcover","4","D0580-01","matched","matched","verified_product_page","https://seatcover.jp/c/daihatsu/atrai/refinad-00580",""
"03f0198ac846","ダイハツ","コペン","Refinad","Astraea Series","seatcover","2","D0621-01","matched","matched","verified_product_page","https://seatcover.jp/c/seatcovermaker/refinad/refinad-astraea/refinad-as00621",""
"125540c8bc81","ダイハツ","コペン","Refinad","Astraea Series","seatcover","2","D0621-01","matched","matched","verified_product_page","https://seatcover.jp/c/seatcovermaker/refinad/refinad-astraea/refinad-as00621",""
"5e263c75f92b","ダイハツ","ネイキッド","Sandii","オールドカヌレ","seatcover","4","DH1-13","matched","matched","verified_product_page","https://seatcover.jp/c/seatcovermaker/sandii/sandii-oldcanele/sandii-oc00463",""
"caffa76fdf50","ダイハツ","ロッキー","Sandii","カヌレ","seatcover","4","D0522-01","matched","matched","verified_product_page","https://seatcover.jp/c/seatcovermaker/sandii/sandii-canele/sandii-cn00522",""
"31972fe967b9","ダイハツ","ロッキー","Refinad","Harmonious Leather Series","seatcover","4","D0522-01","matched","matched","verified_product_page","https://seatcover.jp/c/seatcovermaker/refinad/refinad-harmonious/refinad-hs00522",""
"ce0258bc6de3","ダイハツ","ロッキー","Refinad","Harmonious Leather Series","seatcover","2","D0522-01","matched","matched","verified_product_page","https://seatcover.jp/c/seatcovermaker/refinad/refinad-harmonious/refinad-hs00522",""
"67a2ef6a2c29","ダイハツ","ロッキー","Refinad","Leather Deluxe Series","seatcover","3","D0522-01","matched","matched","verified_product_page","https://seatcover.jp/c/daihatsu/rocky/refinad-dx00522",""
"32e1dee86405","ダイハツ","ロッキー","Refinad","Harmonious Leather Series","seatcover","2","D0488-02","none","car_mismatch","unverified","https://seatcover.jp/f/match_renewal",""
"341bb2a8d465","ダイハツ","ロッキー","Refinad","Leather Deluxe Series","seatcover","2","D0522-01","matched","matched","verified_product_page","https://seatcover.jp/c/daihatsu/rocky/refinad-dx00522",""
"10c91cada845","ダイハツ","ロッキー","Refinad","Leather Deluxe Series","seatcover","5","D0522-01","matched","matched","verified_product_page","https://seatcover.jp/c/daihatsu/rocky/refinad-dx00522",""
"2d482b2a8750","ダイハツ","ロッキー","Refinad","Leather Series","seatcover","2","D0522-01","matched","matched","verified_product_page","https://seatcover.jp/c/daihatsu/rocky/refinad-00522",""
"86bfa020ebc0","ダイハツ","タント","Sandii","マカロン","seatcover","4","D0126-08","matched","matched","verified_product_page","https://seatcover.jp/c/daihatsu/tanto/sandii-mc00126",""
"7b55a3cbefc2","ダイハツ","タント","Sandii","マカロン","seatcover","5","D0126-08","matched","matched","verified_product_page","https://seatcover.jp/c/daihatsu/tanto/sandii-mc00126",""
"4dc27eaba72e","ダイハツ","タント","Sandii","カヌレグラッセ","seatcover","4","D0126-08","matched","matched","verified_product_page","https://seatcover.jp/c/daihatsu/tanto/sandii-cg00126",""
"447106a5a448","ダイハツ","タント","Sandii","ワッフル","seatcover","4","D0126-08","matched","matched","verified_product_page","https://seatcover.jp/c/daihatsu/tanto/sandii-wf00126",""
"b98a607a9d12","ダイハツ","タント","Sandii","マカロン","seatcover","5","D0126-08","matched","matched","verified_product_page","https://seatcover.jp/c/daihatsu/tanto/sandii-mc00126",""
"463f3954fb4a","ダイハツ","タント","Sandii","カヌレ","seatcover","5","D0126-08","matched","matched","verified_product_page","https://seatcover.jp/c/daihatsu/tanto/sandii-cn00126",""
"fc1231da2955","ダイハツ","タント","Sandii","カヌレ","seatcover","4","D0126-16","matched","matched","verified_product_page","https://seatcover.jp/c/daihatsu/tanto/sandii-cn00126",""
"1507e1945973","ダイハツ","タント","Sandii","デニムサンド","seatcover","5","D0126-08","matched","matched","verified_product_page","https://seatcover.jp/c/daihatsu/tanto/sandii-ds00126",""
"de93d074c464","ダイハツ","タント","Sandii","マカロン","seatcover","4","D0126-08","matched","matched","verified_product_page","https://seatcover.jp/c/daihatsu/tanto/sandii-mc00126",""
"c3a5e8eaf4ad","ダイハツ","タント","Sandii","ビスキュイ","seatcover","4","D0126-08","matched","matched","verified_product_page","https://seatcover.jp/c/daihatsu/tanto/sandii-bc00126",""
"7a8969b0d06a","ダイハツ","タント","Sandii","コロール","seatcover","5","D0126-08","matched","matched","verified_product_page","https://seatcover.jp/c/daihatsu/tanto/sandii-00126",""
"ddb39d4f25be","ダイハツ","タント","Sandii","マカロン","seatcover","3","D0126-15","matched","matched","verified_product_page","https://seatcover.jp/c/daihatsu/tanto/sandii-mc00126",""
"c30ba4409914","ダイハツ","タント","Sandii","ワッフル","seatcover","3","D0126-08","matched","matched","verified_product_page","https://seatcover.jp/c/daihatsu/tanto/sandii-wf00126",""
"f5b70fcfa94d","ダイハツ","タント","Sandii","コロール","seatcover","2","D0126-08","matched","matched","verified_product_page","https://seatcover.jp/c/daihatsu/tanto/sandii-00126",""
"b298b2159fc2","ダイハツ","タント","Sandii","コロール","seatcover","2","D0126-08","matched","matched","verified_product_page","https://seatcover.jp/c/daihatsu/tanto/sandii-00126",""
"4f810fabd4e9","ダイハツ","タント","Sandii","カヌレグラッセ","seatcover","4","D0126-08","matched","matched","verified_product_page","https://seatcover.jp/c/daihatsu/tanto/sandii-cg00126",""
"65091a22ec54","ダイハツ","タント","Sandii","ワッフル","seatcover","2","D0126-08","matched","matched","verified_product_page","https://seatcover.jp/c/daihatsu/tanto/sandii-wf00126",""
"71e1c5412ea1","ダイハツ","タント","Sandii","カヌレ","seatcover","3","D0531-05","none","car_mismatch","unverified","https://seatcover.jp/f/match_renewal",""
"414888854a21","ダイハツ","タント","Sandii","コロール","seatcover","2","D0126-09","matched","matched","verified_product_page","https://seatcover.jp/c/daihatsu/tanto/sandii-00126",""
"726ee8aff6ce","ダイハツ","タント","Refinad","Quilt Series","seatcover","4","D0126-15","matched","matched","verified_product_page","https://seatcover.jp/c/daihatsu/tanto/refinad-qs00126",""
"0590cab19c65","ダイハツ","タント","Refinad","Harmonious Leather Series","seatcover","5","D0126-08","matched","matched","verified_product_page","https://seatcover.jp/c/daihatsu/tanto/refinad-hs00126",""
"204c94f4a7cd","ダイハツ","タント","Refinad","Leather Deluxe Series","seatcover","3","D0126-11","matched","matched","verified_product_page","https://seatcover.jp/c/daihatsu/tanto/refinad-dx00126",""
"5373f1958ddc","ダイハツ","タント","Refinad","Leather Series","seatcover","2","D0126-08","matched","matched","verified_product_page","https://seatcover.jp/c/daihatsu/tanto/refinad-00126",""
"9bb28293896e","ダイハツ","タント","Refinad","Leather Deluxe Series","seatcover","2","D0126-08","matched","matched","verified_product_page","https://seatcover.jp/c/daihatsu/tanto/refinad-dx00126",""
"41313c98eab4","ダイハツ","タント","Refinad","Leather Series","seatcover","3","D0126-08","matched","matched","verified_product_page","https://seatcover.jp/c/daihatsu/tanto/refinad-00126",""
"243db98573c4","ダイハツ","タント","Refinad","Leather Series","seatcover","4","D0126-11","matched","matched","verified_product_page","https://seatcover.jp/c/daihatsu/tanto/refinad-00126",""
"0c690c02c1a1","フィアット","アバルト595","Refinad","Leather Series","seatcover","4","FA0387-01","none","car_mismatch","unverified","https://seatcover.jp/c/seatcovermaker/refinad/refinad-leather",""
"8f8ab1f90420","マツダ","ボンゴバン","Refinad","Leather Series","seatcover","4","T0609-02","matched","matched","verified_product_page","https://seatcover.jp/c/mazda/bongovan/refinad-00651",""
"8fe8a408b07d","マツダ","ミレーニア","Refinad","Custom Series","seatcover","5","T0609-02","none","car_mismatch","unverified","https://seatcover.jp/f/match_renewal",""
"a644bb46e16a","マツダ","スクラム","Sandii","カヌレ","seatcover","2","S0111-06","matched","matched","verified_product_page","https://seatcover.jp/c/seatcovermaker/sandii/sandii-canele/sandii-cn00148",""
"9a85cfe76726","MINI","MINI3door","Dotty","DIA-LUX","seatcover","6","","none","no_code","no_direct_candidate","https://seatcover.jp/c/mini/mini3door",""
"c0b579fbc93b","MINI","MINI5door","Dotty","EURO-LUX Classic","seatcover","6","","none","no_code","no_direct_candidate","https://seatcover.jp/c/mini/mini5door",""
"b0a4e22b0202","日産","キャラバン","Sandii","エクレア","seatcover","4","N0093-07","matched","matched","verified_product_page","https://seatcover.jp/c/nissan/caravan/sandii-ec00093",""
"7f83173a48fe","日産","キャラバン","Sandii","エクレア","seatcover","4","N0093-07","matched","matched","verified_product_page","https://seatcover.jp/c/nissan/caravan/sandii-ec00093",""
"95f9e3265119","日産","キャラバン","Sandii","カチナ","seatcover","4","N0093-07","matched","matched","unverified","https://seatcover.jp/f/match_renewal",""
"c20a98bf13f3","日産","キャラバン","Sandii","オールドカヌレ","seatcover","4","N0093-07","matched","matched","verified_product_page","https://seatcover.jp/c/nissan/caravan/sandii-oc00093",""
"a2a2a42579f9","日産","キャラバン","Sandii","カヌレ","seatcover","2","N0093-07","matched","matched","unverified","https://seatcover.jp/f/match_renewal",""
"7ccb764d54e7","日産","キャラバン","Sandii","オールドカヌレ","seatcover","3","N0093-07","matched","matched","verified_product_page","https://seatcover.jp/c/nissan/caravan/sandii-oc00093",""
"8880843fba52","日産","キャラバン","Refinad","Leather Series","seatcover","2","N0093-07","matched","matched","verified_product_page","https://seatcover.jp/c/nissan/caravan/refinad-00093",""
"6b62ad93436a","日産","キャラバン","Refinad","Leather Series","seatcover","4","N0093-10","matched","matched","verified_product_page","https://seatcover.jp/c/nissan/caravan/refinad-00093",""
"2425ac7590c7","日産","キャラバン","Refinad","Leather Series","seatcover","3","N0093-10","matched","matched","verified_product_page","https://seatcover.jp/c/nissan/caravan/refinad-00093",""
"b082c88bfbdf","日産","キャラバン","Refinad","Leather Series","seatcover","2","N0093-06","matched","matched","verified_product_page","https://seatcover.jp/c/nissan/caravan/refinad-00093",""
"7edcd67126f2","日産","キャラバン","Refinad","Custom Series","seatcover","4","N0093-06","matched","matched","unverified","https://seatcover.jp/f/match_renewal",""
"780b184c1958","日産","キャラバン","Refinad","Harmonious Leather Series","seatcover","4","N0093-07","matched","matched","unverified","https://seatcover.jp/f/match_renewal",""
"c2a278d021a7","日産","キャラバン","Refinad","Leather Series","seatcover","4","N0093-06","matched","matched","verified_product_page","https://seatcover.jp/c/nissan/caravan/refinad-00093",""
"6d28249a3abe","日産","キャラバン","Refinad","Leather Series","seatcover","2","N0093-07","matched","matched","verified_product_page","https://seatcover.jp/c/nissan/caravan/refinad-00093",""
"673c6c2ad209","日産","キャラバン","Refinad","Quilt Series","seatcover","3","N0093-10","matched","matched","verified_product_page","https://seatcover.jp/c/nissan/caravan/refinad-qs00093",""
"56cf7e90b9dc","日産","キャラバン","Refinad","Leather Series","seatcover","2","N0093-07","matched","matched","verified_product_page","https://seatcover.jp/c/nissan/caravan/refinad-00093",""
"761ed11c0caf","日産","キャラバン","Refinad","Leather Deluxe Series","seatcover","2","N0093-10","matched","matched","unverified","https://seatcover.jp/f/match_renewal",""
"41daa1f2a351","日産","エルグランド","Sandii","エクレア","seatcover","5","N0090-11","matched","matched","verified_product_page","https://seatcover.jp/c/seatcovermaker/sandii/sandii-eclair/sandii-ec00090",""
"28d524fcac20","日産","エルグランド","Refinad","Leather Deluxe Series","seatcover","3","N0090-11","matched","matched","verified_product_page","https://seatcover.jp/c/nissan/elgrand/refinad-dx00090",""
"819b850e0035","日産","エルグランド","Refinad","Leather Series","seatcover","5","N0090-12","matched","matched","verified_product_page","https://seatcover.jp/c/seatcovermaker/refinad/refinad-leather/refinad-00090",""
"a67bcd833dcb","日産","エルグランド","Refinad","Leather Deluxe Series","seatcover","5","N0090-11","matched","matched","verified_product_page","https://seatcover.jp/c/nissan/elgrand/refinad-dx00090",""
"4305b06d6626","日産","エルグランド","Refinad","Custom Series","seatcover","4","N0090-12","matched","matched","verified_product_page","https://seatcover.jp/c/nissan/elgrand/refinad-cs00090",""
"30512957728f","日産","エルグランド","Refinad","Leather Deluxe Series","seatcover","3","N0090-11","matched","matched","verified_product_page","https://seatcover.jp/c/nissan/elgrand/refinad-dx00090",""
"f6031dc664d9","日産","エルグランド","Refinad","Leather Deluxe Series","seatcover","4","N0090-11","matched","matched","verified_product_page","https://seatcover.jp/c/nissan/elgrand/refinad-dx00090",""
"3bb6a87da078","日産","ラフェスタ","Refinad","Leather Series","seatcover","5","MA0155-02","matched","matched","verified_product_page","https://seatcover.jp/c/seatcovermaker/refinad/refinad-leather/refinad-00105",""
"1de14525ee77","日産","プレサージュ","Refinad","Leather Series","seatcover","5","N0101-03","matched","matched","verified_product_page","https://seatcover.jp/c/nissan/presage/refinad-00101",""
"2bb0af4139e3","日産","スカイライン","Refinad","Leather Deluxe Series","seatcover","2","N0606-01","none","car_mismatch","unverified","https://seatcover.jp/f/match_renewal",""
"ade061e0f1bc","プジョー","リフター","Sandii","マカロン","seatcover","2","C0545-01","matched","matched","verified_product_page","https://seatcover.jp/c/peugeot/rifter/sandii-mc00562",""
"1443221f586e","プジョー","リフター","Refinad","Harmonious Leather Series","seatcover","4","C0545-01","matched","matched","verified_product_page","https://seatcover.jp/c/peugeot/rifter/refinad-hs00562",""
"5ebb13eca592","プジョー","リフター","Refinad","Harmonious Leather Series","seatcover","4","C0545-01","matched","matched","verified_product_page","https://seatcover.jp/c/peugeot/rifter/refinad-hs00562",""
"c92a6345acac","プジョー","リフター","Refinad","Corduroy Series","seatcover","4","C0545-01","matched","matched","verified_product_page","https://seatcover.jp/c/seatcovermaker/refinad/refinad-corduroy/refinad-cd00562",""
"ec62e0ddf621","プジョー","リフター","Refinad","Harmonious Leather Series","seatcover","4","C0545-01","matched","matched","verified_product_page","https://seatcover.jp/c/peugeot/rifter/refinad-hs00562",""
"6d83c59bd25e","プジョー","リフター","Refinad","Leather Series","seatcover","3","C0545-01","matched","matched","verified_product_page","https://seatcover.jp/c/peugeot/rifter/refinad-00562",""
"adfbc25bc24f","プジョー","リフター","Refinad","Leather Series","seatcover","5","C0545-01","matched","matched","verified_product_page","https://seatcover.jp/c/peugeot/rifter/refinad-00562",""
"0f8fed44efb3","プジョー","リフター","Refinad","Leather Series","seatcover","3","C0545-01","matched","matched","verified_product_page","https://seatcover.jp/c/peugeot/rifter/refinad-00562",""
"910c8625cac9","プジョー","リフター","Refinad","Leather Series","seatcover","3","C0545-01","matched","matched","verified_product_page","https://seatcover.jp/c/peugeot/rifter/refinad-00562",""
"4c9789d3a84b","プジョー","リフター","Refinad","Leather Series","seatcover","3","C0545-01","matched","matched","verified_product_page","https://seatcover.jp/c/peugeot/rifter/refinad-00562",""
"3dcf58777dc7","プジョー","リフター","Refinad","Leather Deluxe Series","seatcover","3","C0545-01","matched","matched","verified_product_page","https://seatcover.jp/c/seatcovermaker/refinad/refinad-leatherdx/refinad-dx00562",""
"9198612b6fc6","ルノー","ルノー カングー","Sandii","CANELE GLACE カヌレグラッセ シリーズ","seatcover","4","R0416-01","none","car_mismatch","unverified","https://seatcover.jp/c/renault/kangoo",""
"aa97204440aa","ルノー","ルノー カングー","Sandii","WAFFLE ワッフル シリーズ","seatcover","3","R0416-04","none","no_code_match","unverified","https://seatcover.jp/c/renault/kangoo",""
"5d86df394661","ルノー","ルノー カングー","Sandii","color コロール シリーズ","seatcover","3","R0416-02","none","car_mismatch","unverified","https://seatcover.jp/c/renault/kangoo",""
"b1b22aecd6da","ルノー","ルノー カングー","Sandii","DOLCE ドルチェ シリーズ","seatcover","4","R0416-06","none","car_mismatch","unverified","https://seatcover.jp/c/renault/kangoo",""
"a01f861991e7","ルノー","ルノー カングー","Sandii","CANELE カヌレ シリーズ","seatcover","4","R0416-06","none","car_mismatch","unverified","https://seatcover.jp/c/renault/kangoo",""
"86e6d9ac6667","ルノー","ルノー カングー","Sandii","color コロール シリーズ","seatcover","3","R0416-06","none","car_mismatch","unverified","https://seatcover.jp/c/renault/kangoo",""
"f1c0d47dc7b0","ルノー","ルノー カングー","Sandii","Denim Sand デニムサンド シリーズ","seatcover","3","R0416-06","none","car_mismatch","unverified","https://seatcover.jp/c/renault/kangoo",""
"1766c1b311e9","ルノー","ルノー カングー","Sandii","Denim Sand デニムサンド シリーズ","seatcover","2","R0416-06","none","car_mismatch","unverified","https://seatcover.jp/c/renault/kangoo",""
"0f1e5dc23098","ルノー","ルノー カングー","Sandii","ビスキュイ","seatcover","4","R0416-04","none","no_code_match","unverified","https://seatcover.jp/f/match_renewal",""
"b07bcaa4dc9a","ルノー","ルノー カングー","Sandii","デニムサンド","seatcover","3","R0416-06","none","car_mismatch","verified_product_page","https://seatcover.jp/c/renault/kangoo/sandii-ds00416",""
"eb9dfc882c9c","ルノー","ルノー カングー","Sandii","マカロン","seatcover","3","R0416-06","none","car_mismatch","verified_product_page","https://seatcover.jp/c/renault/kangoo/sandii-mc00416",""
"99828ff2f6f2","ルノー","ルノー カングー","Sandii","デニムサンド","seatcover","4","R0416-06","none","car_mismatch","verified_product_page","https://seatcover.jp/c/renault/kangoo/sandii-ds00416",""
"674e29c06b42","ルノー","ルノー カングー","Sandii","カチナ","seatcover","3","R0416-01","none","car_mismatch","verified_product_page","https://seatcover.jp/c/renault/kangoo/sandii-kp00416",""
"0f774017b0a2","ルノー","ルノー カングー","Sandii","マカロン","seatcover","3","R0416-03","none","car_mismatch","verified_product_page","https://seatcover.jp/c/renault/kangoo/sandii-mc00416",""
"24eb4b9aaa35","ルノー","ルノー カングー","Sandii","デニムロール","seatcover","5","R0416-02","none","car_mismatch","verified_product_page","https://seatcover.jp/c/renault/kangoo/sandii-dr00416",""
"16f3fccb83a5","ルノー","ルノー カングー","Sandii","macaron マカロンシリーズ","seatcover","4","R0416-01","none","car_mismatch","unverified","https://seatcover.jp/c/renault/kangoo",""
"359a9d61f198","ルノー","ルノー カングー","Sandii","デニムサンド","seatcover","4","R0416-06","none","car_mismatch","verified_product_page","https://seatcover.jp/c/renault/kangoo/sandii-ds00416",""
"08a8694e639c","ルノー","ルノー カングー","Sandii","カヌレ","seatcover","4","R0416-06","none","car_mismatch","verified_product_page","https://seatcover.jp/c/renault/kangoo/sandii-cn00416",""
"d2d09541646c","ルノー","ルノー カングー","Sandii","カヌレグラッセ","seatcover","4","R0416-06","none","car_mismatch","verified_product_page","https://seatcover.jp/c/renault/kangoo/sandii-cg00416",""
"f3d53697cc41","ルノー","ルノー カングー","Sandii","デニムサンド","seatcover","5","R0416-03","none","car_mismatch","verified_product_page","https://seatcover.jp/c/renault/kangoo/sandii-ds00416",""
"9db3d5d1b591","ルノー","ルノー カングー","Sandii","デニムサンド","seatcover","4","R0416-07","none","car_mismatch","verified_product_page","https://seatcover.jp/c/renault/kangoo/sandii-ds00416",""
"c1df25f7cbc8","ルノー","ルノー カングー","Sandii","macaron マカロンシリーズ","seatcover","5","R0416-06","none","car_mismatch","unverified","https://seatcover.jp/c/renault/kangoo",""
"77beb203a8ba","ルノー","ルノー カングー","Sandii","カヌレ","seatcover","4","R0416-08","none","car_mismatch","verified_product_page","https://seatcover.jp/c/renault/kangoo/sandii-cn00416",""
"89bdb6bce127","ルノー","ルノー カングー","Sandii","macaron マカロンシリーズ","seatcover","4","R0416-08","none","car_mismatch","unverified","https://seatcover.jp/c/renault/kangoo",""
"c841ba27605e","ルノー","ルノー カングー","Sandii","ドルチェ","seatcover","5","R0416-06","none","car_mismatch","verified_product_page","https://seatcover.jp/c/renault/kangoo/sandii-dc00416",""
"62b8d1f61325","ルノー","ルノー カングー","Sandii","macaron マカロンシリーズ","seatcover","4","R0416-02","none","car_mismatch","unverified","https://seatcover.jp/c/renault/kangoo",""
"2a1d5540b844","ルノー","ルノー カングー","Sandii","macaron マカロンシリーズ","seatcover","5","R0416-07","none","car_mismatch","unverified","https://seatcover.jp/c/renault/kangoo",""
"bdd6b161a8b1","ルノー","ルノー カングー","Sandii","オールドカヌレ","seatcover","4","R0416-02","none","car_mismatch","verified_product_page","https://seatcover.jp/c/renault/kangoo/sandii-oc00416",""
"0e2a2c39726e","ルノー","ルノー カングー","Refinad","Leather Series","seatcover","2","R0416-03","none","car_mismatch","verified_product_page","https://seatcover.jp/c/renault/kangoo/refinad-00416",""
"3588554dd9b3","ルノー","ルノー カングー","Refinad","Custom Series","seatcover","3","R0416-04","none","no_code_match","unverified","https://seatcover.jp/f/match_renewal",""
"dc1a52ba6346","ルノー","ルノー カングー","Refinad","Leather Deluxe Series","seatcover","2","R00416-03","none","no_code_match","unverified","https://seatcover.jp/f/match_renewal",""
"334b8eac1604","ルノー","ルノー カングー","Refinad","Harmonious Leather Series","seatcover","5","R00416-06","none","no_code_match","unverified","https://seatcover.jp/f/match_renewal",""
"4a89d28354fb","ルノー","ルノー カングー","Refinad","Custom Series","seatcover","2","R0416-06","none","car_mismatch","verified_product_page","https://seatcover.jp/c/renault/kangoo/refinad-cs00416",""
"a8c88a0d0f38","ルノー","ルノー カングー","Refinad","Harmonious Leather Series","seatcover","2","R0416-07","none","car_mismatch","verified_product_page","https://seatcover.jp/c/renault/kangoo/refinad-hs00416",""
"51aff97a64dd","ルノー","ルノー カングー","Refinad","Leather Series","seatcover","4","R0416-06","none","car_mismatch","verified_product_page","https://seatcover.jp/c/renault/kangoo/refinad-00416",""
"3cf6c5401f97","ルノー","ルノー カングー","Refinad","Harmonious Leather Series","seatcover","3","R0416-02","none","car_mismatch","verified_product_page","https://seatcover.jp/c/renault/kangoo/refinad-hs00416",""
"527a90426f06","ルノー","ルノー カングー","Refinad","Harmonious Leather Series","seatcover","3","R0416-06","none","car_mismatch","verified_product_page","https://seatcover.jp/c/renault/kangoo/refinad-hs00416",""
"ec966aa68166","ルノー","ルノー カングー","Refinad","Custom Series","seatcover","4","R0416-01","none","car_mismatch","verified_product_page","https://seatcover.jp/c/renault/kangoo/refinad-cs00416",""
"b56d7537fdd1","ルノー","ルノー カングー","Refinad","Leather Deluxe Series","seatcover","4","R0416-03","none","car_mismatch","verified_product_page","https://seatcover.jp/c/renault/kangoo/refinad-dx00416",""
"09cd84f308d8","ルノー","ルノー カングー","Refinad","Leather Series","seatcover","4","R0416-06","none","car_mismatch","verified_product_page","https://seatcover.jp/c/renault/kangoo/refinad-00416",""
"d2438d13e6d5","ルノー","ルノー カングー","Refinad","Leather Deluxe Series","seatcover","3","R0416-06","none","car_mismatch","verified_product_page","https://seatcover.jp/c/renault/kangoo/refinad-dx00416",""
"a00b060920c7","ルノー","ルノー カングー","Refinad","Custom Series","seatcover","3","R0416-06","none","car_mismatch","verified_product_page","https://seatcover.jp/c/renault/kangoo/refinad-cs00416",""
"acfa201c25dd","ルノー","ルノー カングー","Refinad","Custom Series","seatcover","3","R0416-06","none","car_mismatch","verified_product_page","https://seatcover.jp/c/renault/kangoo/refinad-cs00416",""
"e6a2d9f3ed44","ルノー","ルノー カングー","Refinad","Leather Series","seatcover","5","R0416-06","none","car_mismatch","verified_product_page","https://seatcover.jp/c/renault/kangoo/refinad-00416",""
"689d28f4c71e","ルノー","ルノー カングー","Refinad","Harmonious Leather Series","seatcover","4","R0416-06","none","car_mismatch","verified_product_page","https://seatcover.jp/c/renault/kangoo/refinad-hs00416",""
"ba4c4368a83e","ルノー","ルノー カングー","Refinad","Custom Series","seatcover","4","R0416-06","none","car_mismatch","verified_product_page","https://seatcover.jp/c/renault/kangoo/refinad-cs00416",""
"50dd3f6c495f","ルノー","ルノー カングー","Refinad","Leather Series","seatcover","5","R0416-06","none","car_mismatch","verified_product_page","https://seatcover.jp/c/renault/kangoo/refinad-00416",""
"a2dd8fc2112c","ルノー","ルノー カングー","Refinad","Leather Series","seatcover","4","R0416-06","none","car_mismatch","verified_product_page","https://seatcover.jp/c/renault/kangoo/refinad-00416",""
"55dbb435e69f","ルノー","ルノー カングー","Refinad","Harmonious Leather Series","seatcover","5","R0416-06","none","car_mismatch","verified_product_page","https://seatcover.jp/c/renault/kangoo/refinad-hs00416",""
"45d342090702","ルノー","ルノー カングー","Refinad","Harmonious Leather Series","seatcover","5","R0416-02","none","car_mismatch","verified_product_page","https://seatcover.jp/c/renault/kangoo/refinad-hs00416",""
"555691eb5a2a","ルノー","ルノー カングー","Refinad","Harmonious Leather Series","seatcover","4","R0416-06","none","car_mismatch","verified_product_page","https://seatcover.jp/c/renault/kangoo/refinad-hs00416",""
"a0659baa2507","ルノー","ルノー カングー","Refinad","Custom Series","seatcover","4","R0416-08","none","car_mismatch","verified_product_page","https://seatcover.jp/c/renault/kangoo/refinad-cs00416",""
"e2e18ae8eef5","ルノー","ルノー カングー","Refinad","Harmonious Leather Series","seatcover","4","R0416-06","none","car_mismatch","verified_product_page","https://seatcover.jp/c/renault/kangoo/refinad-hs00416",""
"64d0dc77194a","ルノー","ルノー カングー","Refinad","Leather Deluxe Series","seatcover","4","R0416-07","none","car_mismatch","verified_product_page","https://seatcover.jp/c/renault/kangoo/refinad-dx00416",""
"104f6cab88c2","ルノー","ルノー トゥインゴ","Refinad","Custom Series","seatcover","4","R0577-01","none","car_mismatch","verified_product_page","https://seatcover.jp/c/renault/twingo/refinad-cs00577",""
"5d62730fd06b","ルノー","ルノー トゥインゴ","Refinad","Leather Deluxe Series","seatcover","4","R0577-01","none","car_mismatch","verified_product_page","https://seatcover.jp/c/renault/twingo/refinad-dx00577",""
"e5cade6c30ab","ルノー","ルノー トゥインゴ","Refinad","Custom Series","seatcover","4","R0577-01","none","car_mismatch","verified_product_page","https://seatcover.jp/c/renault/twingo/refinad-cs00577",""
"363fc31caebd","スバル","レヴォーグレイバック","Refinad","Leather Deluxe Series","seatcover","4","F0625-02","none","car_mismatch","unverified","https://seatcover.jp/c/subaru/layback",""
"b0bfffaf3c42","スバル","レガシィアウトバック","Refinad","Custom Series","seatcover","3","F0182-02","matched","matched","verified_product_page","https://seatcover.jp/c/seatcovermaker/refinad/refinad-custom/refinad-cs00182",""
"ad79f143bea4","スバル","レガシィアウトバック","Refinad","Custom Series","seatcover","3","F0170-05","none","car_mismatch","unverified","https://seatcover.jp/f/match_renewal",""
"635f024df355","スズキ","ハスラー","Refinad","Corduroy Denim","seatcover","8","S0360-04","matched","matched","verified_product_page","https://seatcover.jp/c/seatcovermaker/refinad/refinad-corduroy/refinad-cd00360",""
"5b4fb38c60b3","スズキ","ハスラー","Refinad","Corduroy Denim","seatcover","1","S0360-04","matched","matched","verified_product_page","https://seatcover.jp/c/seatcovermaker/refinad/refinad-corduroy/refinad-cd00360",""
"58ec36aac54f","スズキ","ハスラー","Sandii","マカロン","seatcover","4","S0360-02","matched","matched","verified_product_page","https://seatcover.jp/c/suzuki/hustler/sandii-mc00360",""
"dc81990a49f3","スズキ","ハスラー","Sandii","デニムサンド","seatcover","5","S0360-04","matched","matched","verified_product_page","https://seatcover.jp/c/suzuki/hustler/sandii-ds00360",""
"4f5958ad1061","スズキ","ハスラー","Sandii","カヌレ","seatcover","5","S0360-06","matched","matched","verified_product_page","https://seatcover.jp/c/suzuki/hustler/sandii-cn00360",""
"e82f99591ecc","スズキ","ハスラー","Sandii","マカロン","seatcover","4","S0360-02","matched","matched","verified_product_page","https://seatcover.jp/c/suzuki/hustler/sandii-mc00360",""
"0de4100efebb","スズキ","ハスラー","Sandii","カヌレグラッセ","seatcover","4","S0360-06","matched","matched","verified_product_page","https://seatcover.jp/c/suzuki/hustler/sandii-cg00360",""
"60878ab18528","スズキ","ハスラー","Sandii","オールドカヌレ","seatcover","5","S0360-04","matched","matched","verified_product_page","https://seatcover.jp/c/suzuki/hustler/sandii-oc00360",""
"1a6145ca3901","スズキ","ハスラー","Sandii","カチナ","seatcover","5","S0360-06","matched","matched","verified_product_page","https://seatcover.jp/c/suzuki/hustler/sandii-kp00360",""
"aea881ac0d5c","スズキ","ハスラー","Sandii","マカロン","seatcover","4","S0360-02","matched","matched","verified_product_page","https://seatcover.jp/c/suzuki/hustler/sandii-mc00360",""
"344a1bd9dd25","スズキ","ハスラー","Sandii","カヌレグラッセ","seatcover","3","S0360-04","matched","matched","verified_product_page","https://seatcover.jp/c/suzuki/hustler/sandii-cg00360",""
"c09fdc922018","スズキ","ハスラー","Sandii","オールドカヌレ","seatcover","5","S0360-04","matched","matched","verified_product_page","https://seatcover.jp/c/suzuki/hustler/sandii-oc00360",""
"ee3cf0d6edb2","スズキ","ハスラー","Sandii","デニムロール","seatcover","5","S0360-04","matched","matched","verified_product_page","https://seatcover.jp/c/suzuki/hustler/sandii-dr00360",""
"a4acb243d310","スズキ","ハスラー","Sandii","デニムサンド","seatcover","4","S0360-04","matched","matched","verified_product_page","https://seatcover.jp/c/suzuki/hustler/sandii-ds00360",""
"fd2b99006f84","スズキ","ハスラー","Sandii","マカロン","seatcover","5","S0360-02","matched","matched","verified_product_page","https://seatcover.jp/c/suzuki/hustler/sandii-mc00360",""
"671435686a55","スズキ","ハスラー","Sandii","カヌレグラッセ","seatcover","4","S0360-06","matched","matched","verified_product_page","https://seatcover.jp/c/suzuki/hustler/sandii-cg00360",""
"b413b6515e5a","スズキ","ハスラー","Sandii","カヌレグラッセ","seatcover","5","S0360-06","matched","matched","verified_product_page","https://seatcover.jp/c/suzuki/hustler/sandii-cg00360",""
"402a3da7f473","スズキ","ハスラー","Sandii","カヌレグラッセ","seatcover","4","S0360-06","matched","matched","verified_product_page","https://seatcover.jp/c/suzuki/hustler/sandii-cg00360",""
"c7557c018016","スズキ","ハスラー","Sandii","エクレア","seatcover","4","S0360-04","matched","matched","verified_product_page","https://seatcover.jp/c/suzuki/hustler/sandii-ec00360",""
"240499409c7b","スズキ","ハスラー","Sandii","オールドカヌレ","seatcover","5","S0360-06","matched","matched","verified_product_page","https://seatcover.jp/c/suzuki/hustler/sandii-oc00360",""
"8b4aa7f2f860","スズキ","ハスラー","Sandii","オールドカヌレ","seatcover","3","S0360-04","matched","matched","verified_product_page","https://seatcover.jp/c/suzuki/hustler/sandii-oc00360",""
"e079c68380a6","スズキ","ハスラー","Sandii","マカロン","seatcover","4","S0360-02","matched","matched","verified_product_page","https://seatcover.jp/c/suzuki/hustler/sandii-mc00360",""
"9f18b9707c77","スズキ","ハスラー","Sandii","カヌレグラッセ","seatcover","4","S0360-06","matched","matched","verified_product_page","https://seatcover.jp/c/suzuki/hustler/sandii-cg00360",""
"61636ee403c6","スズキ","ハスラー","Sandii","エクレア","seatcover","4","S0360-04","matched","matched","verified_product_page","https://seatcover.jp/c/suzuki/hustler/sandii-ec00360",""
"1f3cd12da9bb","スズキ","ハスラー","Sandii","カヌレ","seatcover","4","S0360-06","matched","matched","verified_product_page","https://seatcover.jp/c/suzuki/hustler/sandii-cn00360",""
"66e09598b8c7","スズキ","ハスラー","Sandii","カヌレグラッセ","seatcover","4","S0360-06","matched","matched","verified_product_page","https://seatcover.jp/c/suzuki/hustler/sandii-cg00360",""
"2288ebe31ee9","スズキ","ハスラー","Sandii","ビスキュイ","seatcover","4","S0360-04","matched","matched","verified_product_page","https://seatcover.jp/c/suzuki/hustler/sandii-bc00360",""
"4b209a93601c","スズキ","ハスラー","Sandii","カヌレグラッセ","seatcover","5","S0360-06","matched","matched","verified_product_page","https://seatcover.jp/c/suzuki/hustler/sandii-cg00360",""
"a6a6328e86f2","スズキ","ハスラー","Sandii","カヌレグラッセ","seatcover","3","S0360-06","matched","matched","verified_product_page","https://seatcover.jp/c/suzuki/hustler/sandii-cg00360",""
"53dbb2a6e9e6","スズキ","ハスラー","Sandii","カヌレグラッセ","seatcover","4","S0360-06","matched","matched","verified_product_page","https://seatcover.jp/c/suzuki/hustler/sandii-cg00360",""
"7cc3fba50de7","スズキ","ハスラー","Sandii","オールドカヌレ","seatcover","4","S0360-04","matched","matched","verified_product_page","https://seatcover.jp/c/suzuki/hustler/sandii-oc00360",""
"f7e52916196e","スズキ","ハスラー","Sandii","カヌレ","seatcover","4","S0360-06","matched","matched","verified_product_page","https://seatcover.jp/c/suzuki/hustler/sandii-cn00360",""
"fba67c325976","スズキ","ハスラー","Sandii","マカロン","seatcover","5","S0360-02","matched","matched","verified_product_page","https://seatcover.jp/c/suzuki/hustler/sandii-mc00360",""
"57d9567255d5","スズキ","ハスラー","Sandii","カヌレグラッセ","seatcover","3","S0360-06","matched","matched","verified_product_page","https://seatcover.jp/c/suzuki/hustler/sandii-cg00360",""
"6e6dec1e9a61","スズキ","ハスラー","Sandii","カヌレグラッセ","seatcover","4","S0360-06","matched","matched","verified_product_page","https://seatcover.jp/c/suzuki/hustler/sandii-cg00360",""
"df784aeae951","スズキ","ハスラー","Sandii","マカロン","seatcover","4","S0360-02","matched","matched","verified_product_page","https://seatcover.jp/c/suzuki/hustler/sandii-mc00360",""
"8c06ff4030fd","スズキ","ハスラー","Sandii","デニムサンド","seatcover","3","S0360-04","matched","matched","verified_product_page","https://seatcover.jp/c/suzuki/hustler/sandii-ds00360",""
"74579a00194c","スズキ","ハスラー","Sandii","エクレア","seatcover","4","S0360-04","matched","matched","verified_product_page","https://seatcover.jp/c/suzuki/hustler/sandii-ec00360",""
"cd16558b8ef6","スズキ","ハスラー","Sandii","マカロン","seatcover","4","S0360-02","matched","matched","verified_product_page","https://seatcover.jp/c/suzuki/hustler/sandii-mc00360",""
"0ca822bc9c80","スズキ","ハスラー","Sandii","デニムサンド","seatcover","4","S0360-04","matched","matched","verified_product_page","https://seatcover.jp/c/suzuki/hustler/sandii-ds00360",""
"7a1a9719a1aa","スズキ","ハスラー","Sandii","カヌレグラッセ","seatcover","4","S0360-06","matched","matched","verified_product_page","https://seatcover.jp/c/suzuki/hustler/sandii-cg00360",""
"f6abf3272ab2","スズキ","ハスラー","Sandii","オールドカヌレ","seatcover","3","S0360-04","matched","matched","verified_product_page","https://seatcover.jp/c/suzuki/hustler/sandii-oc00360",""
"4942308810c6","スズキ","ハスラー","Sandii","カヌレグラッセ","seatcover","3","S0360-06","matched","matched","verified_product_page","https://seatcover.jp/c/suzuki/hustler/sandii-cg00360",""
"58c340a67a3b","スズキ","ハスラー","Sandii","マカロン","seatcover","3","S0360-02","matched","matched","verified_product_page","https://seatcover.jp/c/suzuki/hustler/sandii-mc00360",""
"a00250edcd56","スズキ","ハスラー","Sandii","デニムサンド","seatcover","3","S0360-04","matched","matched","verified_product_page","https://seatcover.jp/c/suzuki/hustler/sandii-ds00360",""
"f6fceca6aa08","スズキ","ハスラー","Sandii","カヌレグラッセ","seatcover","3","S0360-06","matched","matched","verified_product_page","https://seatcover.jp/c/suzuki/hustler/sandii-cg00360",""
"dc4a666d3d3d","スズキ","ハスラー","Sandii","デニムサンド","seatcover","4","S0360-04","matched","matched","verified_product_page","https://seatcover.jp/c/suzuki/hustler/sandii-ds00360",""
"63f21c70d1b1","スズキ","ハスラー","Sandii","エクレア","seatcover","3","S0360-02","matched","matched","verified_product_page","https://seatcover.jp/c/suzuki/hustler/sandii-ec00360",""
"69af7575eea3","スズキ","ハスラー","Sandii","カヌレグラッセ","seatcover","4","S0360-06","matched","matched","verified_product_page","https://seatcover.jp/c/suzuki/hustler/sandii-cg00360",""
"e6181f0cb429","スズキ","ハスラー","Sandii","カヌレグラッセ","seatcover","3","S0360-04","matched","matched","verified_product_page","https://seatcover.jp/c/suzuki/hustler/sandii-cg00360",""
"a36946c02084","スズキ","ハスラー","Sandii","デニムサンド","seatcover","4","S0360-04","matched","matched","verified_product_page","https://seatcover.jp/c/suzuki/hustler/sandii-ds00360",""
"033c9bd012d0","スズキ","ハスラー","Sandii","マカロン","seatcover","3","S0360-04","matched","matched","verified_product_page","https://seatcover.jp/c/suzuki/hustler/sandii-mc00360",""
"adab393c2bc5","スズキ","ハスラー","Sandii","カヌレ","seatcover","5","S0360-06","matched","matched","verified_product_page","https://seatcover.jp/c/suzuki/hustler/sandii-cn00360",""
"30a911d34a08","スズキ","ハスラー","Sandii","カヌレグラッセ","seatcover","3","S0360-06","matched","matched","verified_product_page","https://seatcover.jp/c/suzuki/hustler/sandii-cg00360",""
"6c85f8110186","スズキ","ハスラー","Sandii","カヌレ","seatcover","3","S0360-05","matched","matched","verified_product_page","https://seatcover.jp/c/suzuki/hustler/sandii-cn00360",""
"0c91f0f51078","スズキ","ハスラー","Sandii","カチナ","seatcover","3","S0360-06","matched","matched","verified_product_page","https://seatcover.jp/c/suzuki/hustler/sandii-kp00360",""
"74c8f710de01","スズキ","ハスラー","Sandii","デニムロール","seatcover","4","S0360-04","matched","matched","verified_product_page","https://seatcover.jp/c/suzuki/hustler/sandii-dr00360",""
"a7300881a66a","スズキ","ハスラー","Sandii","エクレア","seatcover","3","S0360-04","matched","matched","verified_product_page","https://seatcover.jp/c/suzuki/hustler/sandii-ec00360",""
"395c637f2013","スズキ","ハスラー","Sandii","コロール","seatcover","3","S0360-04","matched","matched","no_direct_candidate","https://seatcover.jp/c/suzuki/hustler",""
"674b2d7ce80a","スズキ","ハスラー","Sandii","カヌレ","seatcover","3","S0360-04","matched","matched","verified_product_page","https://seatcover.jp/c/suzuki/hustler/sandii-cn00360",""
"d8c4cabb61a4","スズキ","ハスラー","Sandii","カヌレ","seatcover","3","S0360-05","matched","matched","verified_product_page","https://seatcover.jp/c/suzuki/hustler/sandii-cn00360",""
"a409faecf3a7","スズキ","ハスラー","Sandii","カヌレ","seatcover","3","S0360-06","matched","matched","verified_product_page","https://seatcover.jp/c/suzuki/hustler/sandii-cn00360",""
"bb53362fd884","スズキ","ハスラー","Sandii","マカロン","seatcover","4","S0360-04","matched","matched","verified_product_page","https://seatcover.jp/c/suzuki/hustler/sandii-mc00360",""
"3c509c79557e","スズキ","ハスラー","Sandii","カヌレグラッセ","seatcover","3","S0360-06","matched","matched","verified_product_page","https://seatcover.jp/c/suzuki/hustler/sandii-cg00360",""
"332c21302c4e","スズキ","ハスラー","Sandii","ワッフル","seatcover","4","S0360-06","matched","matched","verified_product_page","https://seatcover.jp/c/suzuki/hustler/sandii-wf00360",""
"1f65137710f3","スズキ","ハスラー","Sandii","カヌレ","seatcover","2","S0360-02","matched","matched","verified_product_page","https://seatcover.jp/c/suzuki/hustler/sandii-cn00360",""
"ff1290f39bc5","スズキ","ハスラー","Sandii","マカロン","seatcover","3","S0360-02","matched","matched","verified_product_page","https://seatcover.jp/c/suzuki/hustler/sandii-mc00360",""
"0156aed2171a","スズキ","ハスラー","Sandii","カヌレ","seatcover","3","S0360-05","matched","matched","verified_product_page","https://seatcover.jp/c/suzuki/hustler/sandii-cn00360",""
"d0945fa45813","スズキ","ハスラー","Sandii","カヌレ","seatcover","3","S0360-04","matched","matched","verified_product_page","https://seatcover.jp/c/suzuki/hustler/sandii-cn00360",""
"d4de383f376a","スズキ","ハスラー","Sandii","オールドカヌレ","seatcover","4","S0360-04","matched","matched","verified_product_page","https://seatcover.jp/c/suzuki/hustler/sandii-oc00360",""
"66c6e1a1c6e7","スズキ","ハスラー","Sandii","オールドカヌレ","seatcover","4","S0360-05","matched","matched","verified_product_page","https://seatcover.jp/c/suzuki/hustler/sandii-oc00360",""
"7742e528779a","スズキ","ハスラー","Sandii","マカロン","seatcover","2","S0360-04","matched","matched","verified_product_page","https://seatcover.jp/c/suzuki/hustler/sandii-mc00360",""
"477e1184378d","スズキ","ハスラー","Sandii","コロール","seatcover","3","S0360-04","matched","matched","no_direct_candidate","https://seatcover.jp/c/suzuki/hustler",""
"2509b7ea2e46","スズキ","ハスラー","Sandii","コロール","seatcover","3","S0360-04","matched","matched","no_direct_candidate","https://seatcover.jp/c/suzuki/hustler",""
"734aad246f53","スズキ","ハスラー","Sandii","ワッフル","seatcover","2","S0360-02","matched","matched","verified_product_page","https://seatcover.jp/c/suzuki/hustler/sandii-wf00360",""
"fcaf5784134a","スズキ","ハスラー","Sandii","カヌレグラッセ","seatcover","2","S0360-06","matched","matched","verified_product_page","https://seatcover.jp/c/suzuki/hustler/sandii-cg00360",""
"30b706c7e162","スズキ","ハスラー","Sandii","マカロン","seatcover","2","S0360-02","matched","matched","verified_product_page","https://seatcover.jp/c/suzuki/hustler/sandii-mc00360",""
"6d5498104222","スズキ","ハスラー","Sandii","カヌレ","seatcover","4","S0360-04","matched","matched","verified_product_page","https://seatcover.jp/c/suzuki/hustler/sandii-cn00360",""
"4b49003e4cb6","スズキ","ハスラー","Sandii","カヌレ","seatcover","4","S0360-06","matched","matched","verified_product_page","https://seatcover.jp/c/suzuki/hustler/sandii-cn00360",""
"04f6bd14626a","スズキ","ハスラー","Sandii","カヌレ","seatcover","2","S0360-06","matched","matched","verified_product_page","https://seatcover.jp/c/suzuki/hustler/sandii-cn00360",""
"5ca073ff9f9e","スズキ","ハスラー","Sandii","マカロン","seatcover","2","S0360-02","matched","matched","verified_product_page","https://seatcover.jp/c/suzuki/hustler/sandii-mc00360",""
"59b172e08b3e","スズキ","ハスラー","Refinad","Custom Series","seatcover","4","S0360-06","matched","matched","verified_product_page","https://seatcover.jp/c/suzuki/hustler/refinad-cs00360",""
"cab6d706afb8","スズキ","ハスラー","Refinad","Custom Series","seatcover","4","S0360-04","matched","matched","verified_product_page","https://seatcover.jp/c/suzuki/hustler/refinad-cs00360",""
"8a219830bde6","スズキ","ハスラー","Refinad","Corduroy Series","seatcover","4","S0360-04","matched","matched","verified_product_page","https://seatcover.jp/c/suzuki/hustler/refinad-cd00360",""
"dbec05255c88","スズキ","ハスラー","Refinad","Leather Series","seatcover","4","S0360-02","matched","matched","verified_product_page","https://seatcover.jp/c/suzuki/hustler/refinad-00360",""
"f57cff28d270","スズキ","ハスラー","Refinad","シリーズ名の記載なし","seatcover","5","S0360-04","matched","matched","no_direct_candidate","https://seatcover.jp/c/suzuki/hustler",""
"f81f92752d03","スズキ","ハスラー","Refinad","Leather Series","seatcover","4","S0360-02","matched","matched","verified_product_page","https://seatcover.jp/c/suzuki/hustler/refinad-00360",""
"50ddf1dd9cd1","スズキ","ハスラー","Refinad","Leather Deluxe Series","seatcover","4","S0360-04","matched","matched","verified_product_page","https://seatcover.jp/c/suzuki/hustler/refinad-dx00360",""
"34c8da1919ee","スズキ","ハスラー","Refinad","Quilt Series","seatcover","4","S0360-04","matched","matched","verified_product_page","https://seatcover.jp/c/suzuki/hustler/refinad-qs00360",""
"ca698ecac0e5","スズキ","ハスラー","Refinad","Custom Series","seatcover","3","S0360-04","matched","matched","verified_product_page","https://seatcover.jp/c/suzuki/hustler/refinad-cs00360",""
"1d02eb517773","スズキ","ハスラー","Refinad","Harmonious Leather Series","seatcover","4","S0360-05","matched","matched","verified_product_page","https://seatcover.jp/c/suzuki/hustler/refinad-hs00360",""
"d7ecd1a11e9c","スズキ","ハスラー","Refinad","Leather Series","seatcover","4","S0360-02","matched","matched","verified_product_page","https://seatcover.jp/c/suzuki/hustler/refinad-00360",""
"8ff13ca756f6","スズキ","ハスラー","Refinad","Harmonious Leather Series","seatcover","3","S0360-04","matched","matched","verified_product_page","https://seatcover.jp/c/suzuki/hustler/refinad-hs00360",""
"cd4fe880095d","スズキ","ハスラー","Sandii","カヌレ","seatcover","4","S0360-06","matched","matched","verified_product_page","https://seatcover.jp/c/suzuki/hustler/sandii-cn00360",""
"67a6eb846b5b","スズキ","ハスラー","Refinad","Leather Series","seatcover","2","S0360-04","matched","matched","verified_product_page","https://seatcover.jp/c/suzuki/hustler/refinad-00360",""
"9cbdd6d1c15d","スズキ","ハスラー","Refinad","Leather Deluxe Series","seatcover","4","S0360-05","matched","matched","verified_product_page","https://seatcover.jp/c/suzuki/hustler/refinad-dx00360",""
"a38018cb1a70","スズキ","ハスラー","Refinad","Leather Series","seatcover","3","S0360-04","matched","matched","verified_product_page","https://seatcover.jp/c/suzuki/hustler/refinad-00360",""
"5c5c4d437bd7","スズキ","ハスラー","Refinad","Quilt Series","seatcover","2","S0360-04","matched","matched","verified_product_page","https://seatcover.jp/c/suzuki/hustler/refinad-qs00360",""
"9a525602b75e","スズキ","ハスラー","Refinad","Harmonious Leather Series","seatcover","3","S0360-04","matched","matched","verified_product_page","https://seatcover.jp/c/suzuki/hustler/refinad-hs00360",""
"5c4943f0d8a7","スズキ","ハスラー","Refinad","Custom Series","seatcover","3","S0360-02","matched","matched","verified_product_page","https://seatcover.jp/c/suzuki/hustler/refinad-cs00360",""
"15a55368f6e6","スズキ","ハスラー","Refinad","Leather Series","seatcover","3","S0360-02","matched","matched","verified_product_page","https://seatcover.jp/c/suzuki/hustler/refinad-00360",""
"24d550a242d7","スズキ","ハスラー","Refinad","Custom Series","seatcover","4","S0360-02","matched","matched","verified_product_page","https://seatcover.jp/c/suzuki/hustler/refinad-cs00360",""
"ab6e43a55f8b","スズキ","ラパンLC","Sandii","ワッフル","seatcover","4","S0120-04","none","car_mismatch","unverified","https://seatcover.jp/f/match_renewal",""
"958bef4c0c30","スズキ","ラパンLC","Sandii","カヌレグラッセ","seatcover","4","S0120-06","matched","matched","verified_product_page","https://seatcover.jp/c/seatcovermaker/sandii/sandii-canelegrace/sandii-cg00656",""
"51abb3e2eaf8","スズキ","MRワゴン","Sandii","ドルチェ","seatcover","3","S0112-07","matched","matched","verified_product_page","https://seatcover.jp/c/suzuki/mrwagon/sandii-dc00112",""
"aa972abc8f59","スズキ","MRワゴン","Refinad","シリーズ名の記載なし","seatcover","3","S0112-02","matched","matched","unverified","https://seatcover.jp/c/suzuki/mrwagon",""
"1bddb87ee33f","トヨタ","アルファード","Sandii","マカロン","seatcover","1","T0004-20","matched","matched","verified_product_page","https://seatcover.jp/c/toyota/alphard/sandii-mc00004",""
"b9ebb8a14cac","トヨタ","アルファード","Refinad","Leather Deluxe Series","seatcover","5","T0004-15","matched","matched","verified_product_page","https://seatcover.jp/c/toyota/alphard/refinad-dx00004",""
"5459e77b3856","トヨタ","アルファード","Refinad","Leather Series","seatcover","2","T0004-21","matched","matched","verified_product_page","https://seatcover.jp/c/toyota/alphard/refinad-00004",""
"83836608f320","トヨタ","アルファード","Refinad","Leather Series","seatcover","4","T0004-14","matched","matched","verified_product_page","https://seatcover.jp/c/toyota/alphard/refinad-00004",""
"ee49e18f1566","トヨタ","アルファード","Refinad","Leather Series","seatcover","5","T0004-20","matched","matched","verified_product_page","https://seatcover.jp/c/toyota/alphard/refinad-00004",""
"b6dfa6adec42","トヨタ","アルファード","Refinad","Leather Deluxe Series","seatcover","3","T0004-15","matched","matched","verified_product_page","https://seatcover.jp/c/toyota/alphard/refinad-dx00004",""
"febb6be0ede6","トヨタ","アルファード","Refinad","Leather Deluxe Series","seatcover","4","T0005-08","none","car_mismatch","unverified","https://seatcover.jp/f/match_renewal",""
"fe07815650ec","トヨタ","アルファード","Refinad","Leather Deluxe Series","seatcover","4","T0004-15","matched","matched","verified_product_page","https://seatcover.jp/c/toyota/alphard/refinad-dx00004",""
"819e30756c15","トヨタ","アルファード","Refinad","Leather Series","seatcover","3","T0004-12","matched","matched","verified_product_page","https://seatcover.jp/c/toyota/alphard/refinad-00004",""
"1882e425dcdd","トヨタ","アルファード","Refinad","Leather Series","seatcover","3","T0005-06","none","car_mismatch","unverified","https://seatcover.jp/f/match_renewal",""
"c554a266a161","トヨタ","アルファード","Refinad","Leather Series","seatcover","2","T0004-12","matched","matched","verified_product_page","https://seatcover.jp/c/toyota/alphard/refinad-00004",""
"5359643e4c0b","トヨタ","アルファード","Refinad","Harmonious Leather Series","seatcover","3","T0004-14","matched","matched","verified_product_page","https://seatcover.jp/c/toyota/alphard/refinad-hs00004",""
"314f44c03557","トヨタ","アルファード","Refinad","Leather Deluxe Series","seatcover","5","T0005-08","none","car_mismatch","unverified","https://seatcover.jp/f/match_renewal",""
"ea554fccb35a","トヨタ","アルファード","Refinad","Custom Series","seatcover","3","T0004-20","matched","matched","verified_product_page","https://seatcover.jp/c/toyota/alphard/refinad-cs00004",""
"fc6ee384848c","トヨタ","アルファード","Refinad","Leather Series","seatcover","3","T0004-13","matched","matched","verified_product_page","https://seatcover.jp/c/toyota/alphard/refinad-00004",""
"5084bad34865","トヨタ","アルファード","Refinad","Leather Series","seatcover","3","T0004-14","matched","matched","verified_product_page","https://seatcover.jp/c/toyota/alphard/refinad-00004",""
"8ec5219ec6a0","トヨタ","アルファード","Refinad","Leather Series","seatcover","5","T0004-14","matched","matched","verified_product_page","https://seatcover.jp/c/toyota/alphard/refinad-00004",""
"5f834e17c712","トヨタ","アルファード","Refinad","Avant-Garde Series","seatcover","2","T0005-05","none","car_mismatch","unverified","https://seatcover.jp/f/match_renewal",""
"54976b557248","トヨタ","アルファード","Refinad","Leather Deluxe Series","seatcover","3","T0004-14","matched","matched","verified_product_page","https://seatcover.jp/c/toyota/alphard/refinad-dx00004",""
"4965bdf9ce1e","トヨタ","アルファード","Refinad","Alcantara Series","seatcover","3","T0004-12","matched","matched","verified_product_page","https://seatcover.jp/c/toyota/alphard/refinad-al00004",""
"2d928ed9bbfe","トヨタ","アルファード","Refinad","Leather Deluxe Series","seatcover","5","T0005-07","none","car_mismatch","unverified","https://seatcover.jp/f/match_renewal",""
"bb4cd8bf317c","トヨタ","アルファード","Refinad","Custom Series","seatcover","5","T0004-12","matched","matched","verified_product_page","https://seatcover.jp/c/toyota/alphard/refinad-cs00004",""
"3dd4a796a7ea","トヨタ","アルファード","Refinad","Leather Deluxe Series","seatcover","2","T0004-12","matched","matched","verified_product_page","https://seatcover.jp/c/toyota/alphard/refinad-dx00004",""
"691f67a2d358","トヨタ","アルファード","Refinad","Leather Series","seatcover","3","T0005-08","none","car_mismatch","unverified","https://seatcover.jp/f/match_renewal",""
"cd2385fa3f3b","トヨタ","アルファード","Refinad","Custom Series","seatcover","3","T0004-13","matched","matched","verified_product_page","https://seatcover.jp/c/toyota/alphard/refinad-cs00004",""
"e4c3734ffc5c","トヨタ","アルファード","Refinad","Custom Series","seatcover","3","T0004-14","matched","matched","verified_product_page","https://seatcover.jp/c/toyota/alphard/refinad-cs00004",""
"a478c8ca2b48","トヨタ","アルファード","Refinad","Leather Series","seatcover","3","T0005-08","none","car_mismatch","unverified","https://seatcover.jp/f/match_renewal",""
"d4dae39af677","トヨタ","アルファード","Refinad","Leather Deluxe Series","seatcover","5","T0005-08","none","car_mismatch","unverified","https://seatcover.jp/f/match_renewal",""
"83f65eaaaa81","トヨタ","アルファード","Refinad","Leather Deluxe Series","seatcover","5","T0004-14","matched","matched","verified_product_page","https://seatcover.jp/c/toyota/alphard/refinad-dx00004",""
"ef42635d3b05","トヨタ","アルファード","Refinad","Custom Series","seatcover","2","T0005-05","none","car_mismatch","unverified","https://seatcover.jp/f/match_renewal",""
"4ba0e4f8cb5a","トヨタ","アルファード","Refinad","Leather Series","seatcover","3","T0004-14","matched","matched","verified_product_page","https://seatcover.jp/c/toyota/alphard/refinad-00004",""
"e28e658f6d02","トヨタ","アルファード","Refinad","Harmonious Leather Series","seatcover","3","T0004-08","matched","matched","verified_product_page","https://seatcover.jp/c/toyota/alphard/refinad-hs00004",""
"6e282d7206eb","トヨタ","アルファード","Refinad","Harmonious Leather Series","seatcover","3","T0004-08","matched","matched","verified_product_page","https://seatcover.jp/c/toyota/alphard/refinad-hs00004",""
"2a0097e80fb1","トヨタ","アルファード","Refinad","Harmonious Leather Series","seatcover","3","T0005-10","none","car_mismatch","unverified","https://seatcover.jp/f/match_renewal",""
"2d6a05cf6de9","トヨタ","アルファード","Refinad","Custom Series","seatcover","2","T0004-14","matched","matched","verified_product_page","https://seatcover.jp/c/toyota/alphard/refinad-cs00004",""
"4f5898b35d36","トヨタ","アルファード","Refinad","Custom Series","seatcover","4","T0004-12","matched","matched","verified_product_page","https://seatcover.jp/c/toyota/alphard/refinad-cs00004",""
"fc6b4cdfe057","トヨタ","アルファード","Refinad","Quilt Series","seatcover","5","T0004-16","matched","matched","verified_product_page","https://seatcover.jp/c/toyota/alphard/refinad-qs00004",""
"86a0c3bd2f20","トヨタ","アルファード","Refinad","Custom Series","seatcover","3","T0004-14","matched","matched","verified_product_page","https://seatcover.jp/c/toyota/alphard/refinad-cs00004",""
"49e3f1395f58","トヨタ","アルファード","Refinad","Leather Series","seatcover","5","T0004-14","matched","matched","verified_product_page","https://seatcover.jp/c/toyota/alphard/refinad-00004",""
"95cb2e0effda","トヨタ","アルテッツァジータ","Refinad","Custom Series","seatcover","3","TY2-11","none","car_mismatch","no_direct_candidate","https://seatcover.jp/c/seatcovermaker/refinad/refinad-custom",""
"46d1822d4df5","トヨタ","アベンシスワゴン","Dotty","LUXUR-SPOLT","seatcover","3","","none","no_code","no_direct_candidate","https://seatcover.jp/c/toyota/avensiswagon",""
"be60bd4f8f31","トヨタ","カムロード","Sandii","ドルチェ","seatcover","2","T0559-01","matched","matched","verified_product_page","https://seatcover.jp/c/toyota/camroad/sandii-dc00559",""
"e77082fbafad","トヨタ","カムロード","Sandii","カヌレ","seatcover","3","T0559-01","matched","matched","verified_product_page","https://seatcover.jp/c/seatcovermaker/sandii/sandii-canele/sandii-cn00559",""
"e2b388d13689","トヨタ","カムロード","Sandii","カチナ","seatcover","3","T0559-01","matched","matched","verified_product_page","https://seatcover.jp/c/seatcovermaker/sandii/sandii-kachina/sandii-kp00559",""
"d3772e7a191f","トヨタ","カムロード","Sandii","マカロン","seatcover","3","T0559-02","matched","matched","verified_product_page","https://seatcover.jp/c/seatcovermaker/sandii/sandii-macaron/sandii-mc00559",""
"a5ec5a6dcc4a","トヨタ","カムロード","Sandii","シリーズ名の記載なし","seatcover","4","T0559-01","matched","matched","no_direct_candidate","https://seatcover.jp/c/toyota/camroad",""
"30f0acfed5b2","トヨタ","カムロード","Sandii","デニムサンド","seatcover","3","T0559-01","matched","matched","verified_product_page","https://seatcover.jp/c/toyota/camroad/sandii-ds00559",""
"56969befa876","トヨタ","カムロード","Sandii","カヌレ","seatcover","3","T0559-01","matched","matched","verified_product_page","https://seatcover.jp/c/seatcovermaker/sandii/sandii-canele/sandii-cn00559",""
"7a399b1dd7f6","トヨタ","カムロード","Sandii","ワッフル","seatcover","2","T0559-01","matched","matched","verified_product_page","https://seatcover.jp/c/toyota/camroad/sandii-wf00559",""
"64adee86cb04","トヨタ","カムロード","Refinad","Custom Series","seatcover","2","T0559-02","matched","matched","verified_product_page","https://seatcover.jp/c/toyota/camroad/refinad-cs00559",""
"f98c49486246","トヨタ","カムロード","Refinad","Custom Series","seatcover","5","T0559-02","matched","matched","verified_product_page","https://seatcover.jp/c/toyota/camroad/refinad-cs00559",""
"ac377bd03641","トヨタ","カムロード","Refinad","Leather Deluxe Series","seatcover","2","T0559-02","matched","matched","verified_product_page","https://seatcover.jp/c/toyota/camroad/refinad-dx00559",""
"15b58089cb2e","トヨタ","カムロード","Refinad","Leather Deluxe Series","seatcover","3","T0559-01","matched","matched","verified_product_page","https://seatcover.jp/c/toyota/camroad/refinad-dx00559",""
"e23aeca6aa4f","トヨタ","カムロード","Refinad","Harmonious Leather Series","seatcover","2","T0559-02","matched","matched","verified_product_page","https://seatcover.jp/c/toyota/camroad/refinad-hs00559",""
"e8ba39cd6016","トヨタ","エスクァイア","Dotty","DEP-H","seatcover","6","","none","no_code","no_direct_candidate","https://seatcover.jp/c/toyota/esquire",""
"e96cbf8bdac1","トヨタ","ハリアー","Refinad","Leather Deluxe Series","seatcover","4","T0358-10","matched","matched","verified_product_page","https://seatcover.jp/c/seatcovermaker/refinad/refinad-leatherdx/refinad-dx00030",""
"134527ddc01c","トヨタ","ハリアー","Refinad","Leather Series","seatcover","5","T0358-12","none","car_mismatch","unverified","https://seatcover.jp/f/match_renewal",""
"e5303d31508a","トヨタ","ハリアー","Refinad","シリーズ名の記載なし","seatcover","4","T0358-10","matched","matched","no_direct_candidate","https://seatcover.jp/c/toyota/harrier",""
"a4ae7da8f2a1","トヨタ","ハリアー","Refinad","Harmonious Leather Series","seatcover","3","T0358-10","matched","matched","verified_product_page","https://seatcover.jp/c/seatcovermaker/refinad/refinad-harmonious/refinad-hs00030",""
"f82aa6886f1f","トヨタ","ハリアー","Refinad","Leather Deluxe Series","seatcover","3","T0358-10","matched","matched","verified_product_page","https://seatcover.jp/c/seatcovermaker/refinad/refinad-leatherdx/refinad-dx00030",""
"89c49ce20328","トヨタ","ハリアー","Refinad","Leather Series","seatcover","3","T0358-10","matched","matched","verified_product_page","https://seatcover.jp/c/toyota/harrier/refinad-00030",""
"56dca7d09639","トヨタ","ハリアー","Refinad","Leather Series","seatcover","3","T0358-07","matched","matched","verified_product_page","https://seatcover.jp/c/toyota/harrier/refinad-00030",""
"62d4b503b4e7","トヨタ","ハリアー","Refinad","Custom Series","seatcover","4","T0358-10","matched","matched","verified_product_page","https://seatcover.jp/c/seatcovermaker/refinad/refinad-custom/refinad-cs00030",""
"58f8dc059dd4","トヨタ","ハリアー","Refinad","Harmonious Leather Series","seatcover","3","T0358-10","matched","matched","verified_product_page","https://seatcover.jp/c/seatcovermaker/refinad/refinad-harmonious/refinad-hs00030",""
"e3296654227b","トヨタ","ハリアー","Refinad","Custom Series","seatcover","2","T0358-09","matched","matched","verified_product_page","https://seatcover.jp/c/seatcovermaker/refinad/refinad-custom/refinad-cs00030",""
"c709810b92f7","トヨタ","ハリアー","Refinad","Custom Series","seatcover","3","T0358-10","matched","matched","verified_product_page","https://seatcover.jp/c/seatcovermaker/refinad/refinad-custom/refinad-cs00030",""
"bc0e8deeb0fb","トヨタ","ハリアー","Refinad","Custom Series","seatcover","2","T0358-10","matched","matched","verified_product_page","https://seatcover.jp/c/seatcovermaker/refinad/refinad-custom/refinad-cs00030",""
"d5b8620b273f","トヨタ","ハリアー","Refinad","Harmonious Leather Series","seatcover","3","T0358-10","matched","matched","verified_product_page","https://seatcover.jp/c/seatcovermaker/refinad/refinad-harmonious/refinad-hs00030",""
"4f349131eb7d","トヨタ","プログレス","Refinad","Heritage Series","seatcover","4","T0559-02","none","car_mismatch","unverified","https://seatcover.jp/f/match_renewal",""
"b04d043739a1","トヨタ","サクシード","Sandii","カチナ","seatcover","4","T0090-02","matched","matched","verified_product_page","https://seatcover.jp/c/toyota/succeed/sandii-kp00432",""
"fd2b0f922405","トヨタ","サクシード","Sandii","オールドカヌレ","seatcover","2","T0090-02","matched","matched","verified_product_page","https://seatcover.jp/c/toyota/succeed/sandii-oc00432",""
"17685192ad8e","トヨタ","サクシード","Sandii","マカロン","seatcover","3","TY5-44","matched","matched","verified_product_page","https://seatcover.jp/c/toyota/succeed/sandii-mc00432",""
"08999e00c192","トヨタ","サクシード","Sandii","カヌレ","seatcover","2","T0090-02","matched","matched","verified_product_page","https://seatcover.jp/c/toyota/succeed/sandii-cn00432",""
"6ff1499643b0","トヨタ","タウンエース","Sandii","シリーズ名の記載なし","seatcover","4","T0609-02","none","car_mismatch","no_direct_candidate","https://seatcover.jp/f/carlist_renewal.html",""
"cf92b2365dad","トヨタ","タウンエース","Sandii","カチナ","seatcover","4","T0609-02","none","car_mismatch","verified_product_page","https://seatcover.jp/c/toyota/townacevan/sandii-kp00609",""
"5325bc2d4143","フォルクスワーゲン","UP!","Sandii","マカロン","seatcover","5","VW0612-01","matched","matched","verified_product_page","https://seatcover.jp/c/seatcovermaker/sandii/sandii-macaron/sandii-mc00612",""
"a17a6cf23aa1","ボルボ","ボルボV40","Sandii","カヌレ","seatcover","3","EC1-30","matched","matched","verified_product_page","https://seatcover.jp/c/volvo/volvov40/sandii-cn00486",""
"ef5ed804c749","ボルボ","ボルボV40","Refinad","Leather Deluxe Series","seatcover","3","EC1-30","matched","matched","verified_product_page","https://seatcover.jp/c/volvo/volvov40/refinad-dx00486",""
"6ebfc94fb561","ボルボ","ボルボV40","Refinad","Leather Deluxe Series","seatcover","13","EC1-30","matched","matched","verified_product_page","https://seatcover.jp/c/volvo/volvov40/refinad-dx00486",""
"0feefc14118c","ボルボ","ボルボV40","Refinad","Leather Series","seatcover","2","EC1-30","matched","matched","verified_product_page","https://seatcover.jp/c/volvo/volvov40/refinad-00486",""
"c94561b097db","ボルボ","ボルボV40","Refinad","Leather Series","seatcover","4","EC1-29","matched","matched","verified_product_page","https://seatcover.jp/c/volvo/volvov40/refinad-00486",""
"af4c2531da6d","ダイハツ","ミライース","Sandii","デニムサンド","seatcover","4","D0132-06","matched","matched","verified_product_page","https://seatcover.jp/c/daihatsu/miraes/sandii-ds00132",""
"4582f4f6e79b","ダイハツ","ミライース","Sandii","マカロン","seatcover","3","D0474-02","none","car_mismatch","unverified","https://seatcover.jp/f/match_renewal",""
"f1c81a7f1605","ダイハツ","ミライース","Refinad","Leather Series","seatcover","4","D0132-07","matched","matched","verified_product_page","https://seatcover.jp/c/seatcovermaker/refinad/refinad-leather/refinad-00132",""
"14ea5f80b5db","ダイハツ","ソニカ","Dotty","DIA-GT","seatcover","5","","none","no_code","no_direct_candidate","https://seatcover.jp/c/daihatsu/sonica",""
"0208fffe8bbf","ホンダ","クロスロード","Sandii","カヌレ","seatcover","2","H0063-31","none","car_mismatch","unverified","https://seatcover.jp/f/match_renewal",""
"ed2708122885","ホンダ","クロスロード","Refinad","Leather Series","seatcover","5","H0065-02","matched","matched","verified_product_page","https://seatcover.jp/c/honda/crossroad/refinad-00065",""
"3ad2ae960031","ホンダ","クロスロード","Refinad","Leather Deluxe Series","seatcover","4","H0065-02","matched","matched","verified_product_page","https://seatcover.jp/c/seatcovermaker/refinad/refinad-leatherdx/refinad-dx00065",""
"8cb2354f7e2c","ホンダ","CR-V","Refinad","Leather Deluxe Series","seatcover","4","H0067-03","matched","matched","verified_product_page","https://seatcover.jp/c/honda/crv/refinad-dx00067",""
"29d9787c6200","ホンダ","フィットハイブリッド","Refinad","Leather Series","seatcover","3","H0075-03","matched","matched","verified_product_page","https://seatcover.jp/c/honda/fithybrid/refinad-00076",""
"4f75bab3c77f","ホンダ","フィットハイブリッド","Refinad","Leather Series","seatcover","3","H0075-03","matched","matched","verified_product_page","https://seatcover.jp/c/honda/fithybrid/refinad-00076",""
"0fb6c00dbd89","ホンダ","フィットハイブリッド","Refinad","Harmonious Leather Series","seatcover","3","H0075-11","matched","matched","verified_product_page","https://seatcover.jp/c/seatcovermaker/refinad/refinad-harmonious/refinad-hs00076",""
"ac3a3406d8f5","ホンダ","N-BOXスラッシュ","Sandii","オールドカヌレ","seatcover","5","H0376-01","matched","matched","verified_product_page","https://seatcover.jp/c/honda/nboxslash/sandii-oc00376",""
"bbd3369b4f97","ホンダ","N-BOXスラッシュ","Sandii","カヌレグラッセ","seatcover","4","H0376-01","matched","matched","verified_product_page","https://seatcover.jp/c/honda/nboxslash/sandii-cg00376",""
"2b8b3a964bb5","ホンダ","N-BOXスラッシュ","Refinad","Corduroy Series","seatcover","4","H0376-01","matched","matched","verified_product_page","https://seatcover.jp/c/honda/nboxslash/refinad-cd00376",""
"da098169c5c6","ホンダ","N-BOXスラッシュ","Refinad","Leather Series","seatcover","5","H0376-01","matched","matched","verified_product_page","https://seatcover.jp/c/honda/nboxslash/refinad-00376",""
"18a922015ff2","ホンダ","N-BOXスラッシュ","Refinad","Leather Deluxe Series","seatcover","2","H0376-01","matched","matched","verified_product_page","https://seatcover.jp/c/honda/nboxslash/refinad-dx00376",""
"247ed73ca441","ホンダ","ステップワゴン","Sandii","マカロン","seatcover","5","H0069-10","matched","matched","verified_product_page","https://seatcover.jp/c/honda/stepwagon/sandii-mc00069",""
"2fcb2b2c4da4","ホンダ","ステップワゴン","Sandii","カヌレグラッセ","seatcover","5","H0069-10","matched","matched","verified_product_page","https://seatcover.jp/c/honda/stepwagon/sandii-cg00069",""
"5b07b957b97b","ホンダ","ステップワゴン","Sandii","デニムサンド","seatcover","5","H0069-10","matched","matched","verified_product_page","https://seatcover.jp/c/seatcovermaker/sandii/denimsand/sandii-ds00069",""
"01ebfb436eb8","ホンダ","ステップワゴン","Sandii","デニムロール","seatcover","5","H0069-10","matched","matched","verified_product_page","https://seatcover.jp/c/seatcovermaker/sandii/denimroll/sandii-dr00069",""
"10e99dd6f5e3","ホンダ","ステップワゴン","Sandii","カヌレ","seatcover","4","H0069-10","matched","matched","verified_product_page","https://seatcover.jp/c/seatcovermaker/sandii/sandii-canele/sandii-cn00069",""
"8199839fbfcc","ホンダ","ステップワゴン","Sandii","ビスキュイ","seatcover","5","H0069-10","matched","matched","verified_product_page","https://seatcover.jp/c/seatcovermaker/sandii/biscuit/sandii-bc00069",""
"9f34b1c0955c","ホンダ","ステップワゴン","Sandii","カチナ","seatcover","3","H0069-10","matched","matched","verified_product_page","https://seatcover.jp/c/seatcovermaker/sandii/sandii-kachina/sandii-kp00069",""
"79c813039504","ホンダ","ステップワゴン","Refinad","Custom Series","seatcover","4","H0069-13","matched","matched","verified_product_page","https://seatcover.jp/c/honda/stepwagon/refinad-cs00069",""
"da90162744f0","ホンダ","ステップワゴン","Refinad","Harmonious Leather Series","seatcover","5","H0069-13","matched","matched","verified_product_page","https://seatcover.jp/c/honda/stepwagon/refinad-hs00069",""
"30e24d5793f0","ホンダ","ステップワゴン","Refinad","Avant-Garde Series","seatcover","3","H0069-09","matched","matched","verified_product_page","https://seatcover.jp/c/honda/stepwagon/refinad-ag00069",""
"5d27952917a6","ホンダ","ステップワゴン","Refinad","Leather Series","seatcover","3","H0069-10","matched","matched","verified_product_page","https://seatcover.jp/c/honda/stepwagon/refinad-00069",""
"7b607cc5c671","ホンダ","ステップワゴン","Refinad","Leather Deluxe Series","seatcover","2","H0069-10","matched","matched","verified_product_page","https://seatcover.jp/c/seatcovermaker/refinad/refinad-leatherdx/refinad-dx00069",""
"7baf89e985fc","ホンダ","ステップワゴン","Refinad","Avant-Garde Series","seatcover","3","H0069-13","matched","matched","verified_product_page","https://seatcover.jp/c/honda/stepwagon/refinad-ag00069",""
"17df63e225c5","ホンダ","ステップワゴン","Refinad","Leather Series","seatcover","3","H0069-11","matched","matched","verified_product_page","https://seatcover.jp/c/honda/stepwagon/refinad-00069",""
"2529a604d9c4","ホンダ","ステップワゴン","Refinad","Leather Series","seatcover","3","H0069-11","matched","matched","verified_product_page","https://seatcover.jp/c/honda/stepwagon/refinad-00069",""
"aaaf24b7a820","ホンダ","ステップワゴン","Refinad","Harmonious Leather Series","seatcover","3","H0069-10","matched","matched","verified_product_page","https://seatcover.jp/c/honda/stepwagon/refinad-hs00069",""
"0866496f8f5a","ホンダ","ステップワゴン","Refinad","Leather Series","seatcover","3","H0069-10","matched","matched","verified_product_page","https://seatcover.jp/c/honda/stepwagon/refinad-00069",""
"b99ed831aedd","ホンダ","ステップワゴン","Refinad","Custom Series","seatcover","4","H0069-10","matched","matched","verified_product_page","https://seatcover.jp/c/honda/stepwagon/refinad-cs00069",""
"c4cae865597c","ホンダ","ステップワゴン","Refinad","Custom Series","seatcover","3","H0069-09","matched","matched","verified_product_page","https://seatcover.jp/c/honda/stepwagon/refinad-cs00069",""
"8fc20fd7698b","日産","デイズルークス","Sandii","ワッフル","seatcover","2","MI0372-01","matched","matched","verified_product_page","https://seatcover.jp/c/nissan/dayzroox/sandii-wf00397",""
"48ecfcc0a695","日産","デイズルークス","Sandii","デニムサンド","seatcover","3","MI0372-01","matched","matched","verified_product_page","https://seatcover.jp/c/nissan/dayzroox/sandii-ds00397",""
"8aadc786e162","日産","デイズルークス","Sandii","デニムサンド","seatcover","5","MI0372-01","matched","matched","verified_product_page","https://seatcover.jp/c/nissan/dayzroox/sandii-ds00397",""
"6f758320c1c3","日産","デイズルークス","Sandii","デニムサンド","seatcover","2","MI0372-01","matched","matched","verified_product_page","https://seatcover.jp/c/nissan/dayzroox/sandii-ds00397",""
"9cc30b1c9ea4","日産","デイズルークス","Sandii","コロール","seatcover","2","MI0372-01","matched","matched","no_direct_candidate","https://seatcover.jp/c/nissan/dayzroox",""
"001a5a7862ff","日産","デイズルークス","Refinad","Harmonious Leather Series","seatcover","3","MI0372-01","matched","matched","no_direct_candidate","https://seatcover.jp/c/nissan/dayzroox",""
"014fe59099ef","日産","NV200バネットバン","Refinad","Quilt Series","seatcover","4","N0567-03","matched","matched","verified_product_page","https://seatcover.jp/c/nissan/nv200van/refinad-qs00567",""
"a7fdd67ea927","日産","NV200バネットバン","Refinad","Avant-Garde Series","seatcover","3","N0567-03","matched","matched","verified_product_page","https://seatcover.jp/c/nissan/nv200van/refinad-ag00567",""
"4226dfa58483","スバル","フォレスター","Sandii","カヌレ","seatcover","3","F0178-01","matched","matched","verified_product_page","https://seatcover.jp/c/subaru/forester/sandii-cn00178",""
"a42d44bc2fb5","スバル","フォレスター","Refinad","Leather Deluxe Series","seatcover","3","F0178-01","matched","matched","verified_product_page","https://seatcover.jp/c/subaru/forester/refinad-dx00178",""
"0342b9c54374","スバル","フォレスター","Refinad","Custom Series","seatcover","3","F0178-04","matched","matched","verified_product_page","https://seatcover.jp/c/subaru/forester/refinad-cs00178",""
"effe1fd2f699","スバル","フォレスター","Refinad","Leather Series","seatcover","5","F0178-04","matched","matched","verified_product_page","https://seatcover.jp/c/subaru/forester/refinad-00178",""
"8bad7844cbd6","スバル","フォレスター","Refinad","Leather Series","seatcover","4","F0178-04","matched","matched","verified_product_page","https://seatcover.jp/c/subaru/forester/refinad-00178",""
"88e22f6e0378","スバル","フォレスター","Refinad","Harmonious Leather Series","seatcover","4","F0178-01","matched","matched","verified_product_page","https://seatcover.jp/c/subaru/forester/refinad-hs00178",""
"3762cc5aae27","スバル","フォレスター","Refinad","Leather Series","seatcover","3","F0178-04","matched","matched","verified_product_page","https://seatcover.jp/c/subaru/forester/refinad-00178",""
"5d4d793be182","スバル","フォレスター","Refinad","Leather Series","seatcover","3","F0178-02","matched","matched","verified_product_page","https://seatcover.jp/c/subaru/forester/refinad-00178",""
"3c76c188162e","スバル","フォレスター","Refinad","Leather Series","seatcover","4","F0178-04","matched","matched","verified_product_page","https://seatcover.jp/c/subaru/forester/refinad-00178",""
"859cacbe3102","スバル","フォレスター","Refinad","Leather Deluxe Series","seatcover","2","F0178-02","matched","matched","verified_product_page","https://seatcover.jp/c/subaru/forester/refinad-dx00178",""
"42ebd06f9107","スバル","フォレスター","Refinad","Leather Series","seatcover","2","F0178-04","matched","matched","verified_product_page","https://seatcover.jp/c/subaru/forester/refinad-00178",""
"2f7bb29ceecc","スバル","フォレスター","Refinad","Leather Series","seatcover","4","F0178-03","matched","matched","verified_product_page","https://seatcover.jp/c/subaru/forester/refinad-00178",""
"d657770e4450","スバル","フォレスター","Refinad","Leather Deluxe Series","seatcover","2","F0178-02","matched","matched","verified_product_page","https://seatcover.jp/c/subaru/forester/refinad-dx00178",""
"f09aef7654bc","スバル","フォレスター","Refinad","Leather Series","seatcover","4","F0178-04","matched","matched","verified_product_page","https://seatcover.jp/c/subaru/forester/refinad-00178",""
"23e2677fd069","スバル","フォレスター","Refinad","Custom Series","seatcover","2","F0178-04","matched","matched","verified_product_page","https://seatcover.jp/c/subaru/forester/refinad-cs00178",""
"3f92e4d25ecc","スバル","フォレスター","Refinad","Harmonious Leather Series","seatcover","5","F0178-02","matched","matched","verified_product_page","https://seatcover.jp/c/subaru/forester/refinad-hs00178",""
"6a7aecaae5c8","スバル","フォレスター","Refinad","Leather Series","seatcover","3","F0178-04","matched","matched","verified_product_page","https://seatcover.jp/c/subaru/forester/refinad-00178",""
"306990c40626","スバル","XVハイブリッド","Refinad","Leather Series","seatcover","4","F0170-08","matched","matched","unverified","https://seatcover.jp/f/match_renewal",""
"700744a61429","スズキ","エブリィ(バン)","Sandii","デニムサンド","seatcover","3","S0110-05","none","car_mismatch","unverified","https://seatcover.jp/f/match_renewal",""
"0d3a3b41f6f5","トヨタ","ノア7～8人","Refinad","Leather Series","seatcover","2","T0013-24","none","car_mismatch","verified_product_page","https://seatcover.jp/c/toyota/noah/refinad-00207",""
"3d4c27a4a2dd","トヨタ","ピクシスジョイ","Sandii","ワッフル","seatcover","4","D0365-02","none","car_mismatch","verified_product_page","https://seatcover.jp/c/seatcovermaker/sandii/sandii-waffle/sandii-wf00528",""
"375ac5d43021","トヨタ","ピクシスバン","Sandii","デニムサンド","seatcover","1","DH1-24","none","car_mismatch","no_direct_candidate","https://seatcover.jp/c/seatcovermaker/sandii/denimsand",""
"602420b1ab64","トヨタ","プリウスPHV","Refinad","Harmonious Leather Series","seatcover","4","T0037-03","matched","matched","verified_product_page","https://seatcover.jp/c/toyota/priusphv/refinad-hs00037",""
"e373d204f30e","トヨタ","プリウスPHV","Refinad","Leather Series","seatcover","4","T0037-03","matched","matched","verified_product_page","https://seatcover.jp/c/seatcovermaker/refinad/refinad-leather/refinad-00037",""
"ba499be86867","トヨタ","プリウスPHV","Refinad","Leather Deluxe Series","seatcover","3","T0037-03","matched","matched","verified_product_page","https://seatcover.jp/c/toyota/priusphv/refinad-dx00037",""
"21a1a7781c40","トヨタ","プリウスPHV","Refinad","Leather Deluxe Series","seatcover","2","T0037-03","matched","matched","verified_product_page","https://seatcover.jp/c/toyota/priusphv/refinad-dx00037",""
"070af30fb0ea","トヨタ","プリウスPHV","Refinad","Custom Series","seatcover","2","T0340-04","matched","matched","verified_product_page","https://seatcover.jp/c/toyota/priusphv/refinad-cs00037",""
"1218f7342e2c","トヨタ","プリウスPHV","Refinad","Leather Series","seatcover","2","T0037-03","matched","matched","verified_product_page","https://seatcover.jp/c/seatcovermaker/refinad/refinad-leather/refinad-00037",""
"7e754bc1e5e7","トヨタ","プリウスPHV","Refinad","Alcantara Series","seatcover","4","T0037-01","matched","matched","verified_product_page","https://seatcover.jp/c/toyota/priusphv/refinad-al00037",""
"6dfaa75f9fb8","トヨタ","プリウスPHV","Refinad","Harmonious Leather Series","seatcover","5","T0340-04","matched","matched","verified_product_page","https://seatcover.jp/c/toyota/priusphv/refinad-hs00037",""
"d5df2a330e7e","トヨタ","プリウスPHV","Refinad","Alcantara Series","seatcover","2","T0037-01","matched","matched","verified_product_page","https://seatcover.jp/c/toyota/priusphv/refinad-al00037",""
"010c380eb67d","トヨタ","ヴァンガード7人","Refinad","Harmonious Leather Series","seatcover","3","T0206-01","none","car_mismatch","verified_product_page","https://seatcover.jp/c/toyota/vanguard/refinad-hs00206",""
"08659b2d0a0d","トヨタ","ヴェルファイア","Sandii","オールドカヌレ","seatcover","5","T0005-10","none","car_mismatch","unverified","https://seatcover.jp/f/match_renewal",""
"955b76fb39b6","トヨタ","ヴェルファイア","Sandii","オールドカヌレ","seatcover","3","T0005-10","none","car_mismatch","unverified","https://seatcover.jp/f/match_renewal",""
"58af41a029cc","トヨタ","ヴェルファイア","Refinad","Custom Series","seatcover","5","T0005-06","none","car_mismatch","unverified","https://seatcover.jp/f/match_renewal",""
"6fde93b547bb","トヨタ","ヴェルファイア","Refinad","Leather Series","seatcover","5","T0004-04","matched","matched","verified_product_page","https://seatcover.jp/c/toyota/vellfire/refinad-00011",""
"05f945b7630c","トヨタ","ヴェルファイア","Refinad","Leather Deluxe Series","seatcover","5","T0004-04","matched","matched","verified_product_page","https://seatcover.jp/c/toyota/vellfire/refinad-dx00011",""
"8fdb90fd7143","トヨタ","ヴェルファイア","Refinad","Harmonious Leather Series","seatcover","3","T0005-04","none","car_mismatch","unverified","https://seatcover.jp/f/match_renewal",""
"000b497953a7","トヨタ","ヴェルファイア","Refinad","Leather Series","seatcover","5","T0004-05","matched","matched","verified_product_page","https://seatcover.jp/c/toyota/vellfire/refinad-00011",""
"6c4a6edff41b","トヨタ","ヴェルファイア","Refinad","Leather Series","seatcover","4","T0004-04","matched","matched","verified_product_page","https://seatcover.jp/c/toyota/vellfire/refinad-00011",""
"6c522998b3a0","トヨタ","ヴェルファイア","Refinad","Custom Series","seatcover","3","T0004-04","matched","matched","verified_product_page","https://seatcover.jp/c/toyota/vellfire/refinad-cs00011",""
"8f5d27f4e814","トヨタ","ヴェルファイア","Refinad","Alcantara Series","seatcover","5","T0004-05","matched","matched","verified_product_page","https://seatcover.jp/c/toyota/vellfire/refinad-al00011",""
"1c8942663579","トヨタ","ヴェルファイア","Refinad","Leather Series","seatcover","3","T0004-05","matched","matched","verified_product_page","https://seatcover.jp/c/toyota/vellfire/refinad-00011",""
"4ba8b31ff439","トヨタ","ヴェルファイア","Refinad","Leather Deluxe Series","seatcover","5","T0004-14","matched","matched","verified_product_page","https://seatcover.jp/c/toyota/vellfire/refinad-dx00011",""
"51fe9fa92af5","トヨタ","ヴェルファイア","Refinad","Leather Deluxe Series","seatcover","2","T0004-14","matched","matched","verified_product_page","https://seatcover.jp/c/toyota/vellfire/refinad-dx00011",""
"f013e6c3845f","トヨタ","ヴェルファイア","Refinad","Leather Series","seatcover","3","T0004-14","matched","matched","verified_product_page","https://seatcover.jp/c/toyota/vellfire/refinad-00011",""
"1dd38ebba835","トヨタ","ヴェルファイア","Refinad","Leather Deluxe Series","seatcover","3","T0004-12","matched","matched","verified_product_page","https://seatcover.jp/c/toyota/vellfire/refinad-dx00011",""
"f4eaa0740a2e","トヨタ","ヴェルファイア","Refinad","Leather Series","seatcover","3","T0004-14","matched","matched","verified_product_page","https://seatcover.jp/c/toyota/vellfire/refinad-00011",""
"41fa918ac3e3","トヨタ","ヴェルファイア","Refinad","Harmonious Leather Series","seatcover","5","T0004-04","matched","matched","verified_product_page","https://seatcover.jp/c/toyota/vellfire/refinad-hs00011",""
"01700a938589","トヨタ","ヴェルファイア","Refinad","Avant-Garde Series","seatcover","2","T0005-06","none","car_mismatch","unverified","https://seatcover.jp/f/match_renewal",""
"db1d819d3ba9","トヨタ","ヴェルファイア","Refinad","Leather Series","seatcover","3","T0004-14","matched","matched","verified_product_page","https://seatcover.jp/c/toyota/vellfire/refinad-00011",""
"024525f85adf","トヨタ","ヴェルファイア","Refinad","Leather Series","seatcover","5","T0004-04","matched","matched","verified_product_page","https://seatcover.jp/c/toyota/vellfire/refinad-00011",""
"38a685394d21","フォルクスワーゲン","フォルクスワーゲンポロ","Dotty","EURO-GT","seatcover","3","","none","no_code","no_direct_candidate","https://seatcover.jp/c/volkswagen/polo",""
"433792136a28","フォルクスワーゲン","T-Roc","Dotty","シリーズ名の記載なし","seatcover","8","","none","no_code","no_direct_candidate","https://seatcover.jp/c/volkswagen/troc",""
"6c603240594b","アウディ","Q3","Dotty","シリーズ名の記載なし","seatcover","6","","none","no_code","no_direct_candidate","https://seatcover.jp/c/audi/audiq3",""
"de67eebf1104","アウディ","Q3","Dotty","シリーズ名の記載なし","seatcover","4","","none","no_code","no_direct_candidate","https://seatcover.jp/c/audi/audiq3",""
"301eafa34a25","シトロエン","ベルランゴ2列","Sandii","デニムサンド","seatcover","5","C0545-01","none","car_mismatch","verified_product_page","https://seatcover.jp/c/seatcovermaker/sandii/denimsand/sandii-ds00545",""
"b9379770b146","シトロエン","ベルランゴ2列","Sandii","マカロン","seatcover","3","C0545-01","none","car_mismatch","verified_product_page","https://seatcover.jp/c/citroen/berlingo/sandii-mc00545",""
"132fb7bc6e33","シトロエン","ベルランゴ2列","Sandii","デニムサンド","seatcover","3","S0524-01","none","car_mismatch","unverified","https://seatcover.jp/f/match_renewal",""
"a2a831513ed2","シトロエン","ベルランゴ2列","Sandii","マカロン","seatcover","3","C0545-01","none","car_mismatch","verified_product_page","https://seatcover.jp/c/citroen/berlingo/sandii-mc00545",""
"253f255c8181","シトロエン","ベルランゴ2列","Refinad","Custom Series","seatcover","4","C0545-01","none","car_mismatch","verified_product_page","https://seatcover.jp/c/citroen/berlingo/refinad-cs00545",""
"5819b53053eb","シトロエン","ベルランゴ2列","Refinad","Leather Series","seatcover","5","C0545-01","none","car_mismatch","verified_product_page","https://seatcover.jp/c/seatcovermaker/refinad/refinad-leather/refinad-00545",""
"fe551854e0d7","シトロエン","ベルランゴ2列","Sandii","マカロン","seatcover","4","C0545-01","none","car_mismatch","verified_product_page","https://seatcover.jp/c/citroen/berlingo/sandii-mc00545",""
"33739ea4447a","シトロエン","ベルランゴ2列","Refinad","Custom Series","seatcover","3","C0545-01","none","car_mismatch","verified_product_page","https://seatcover.jp/c/citroen/berlingo/refinad-cs00545",""
"650ec8f7a475","シトロエン","ベルランゴ2列","Refinad","Quilt Series","seatcover","2","C0545-01","none","car_mismatch","verified_product_page","https://seatcover.jp/c/seatcovermaker/refinad/refinad-quilt/refinad-qs00545",""
"1ff3666afba1","シトロエン","ベルランゴ2列","Refinad","Custom Series","seatcover","2","C0545-01","none","car_mismatch","verified_product_page","https://seatcover.jp/c/citroen/berlingo/refinad-cs00545",""
"7b5de4177343","シトロエン","ベルランゴ2列","Refinad","Leather Deluxe Series","seatcover","3","C0545-01","none","car_mismatch","verified_product_page","https://seatcover.jp/c/seatcovermaker/refinad/refinad-leatherdx/refinad-dx00545",""
"10fa787a4b8b","シトロエン","ベルランゴ2列","Refinad","Leather Deluxe Series","seatcover","2","C0545-01","none","car_mismatch","verified_product_page","https://seatcover.jp/c/seatcovermaker/refinad/refinad-leatherdx/refinad-dx00545",""
"f77193545c12","ホンダ","フィットシャトル","Refinad","Quilt Series","seatcover","3","H0077-02","none","car_mismatch","verified_product_page","https://seatcover.jp/c/seatcovermaker/refinad/refinad-quilt/refinad-qs00077",""
"c6bb2b03e7fd","ホンダ","N-WGNカスタム","Refinad","Leather Series","seatcover","3","H0056-08","none","car_mismatch","unverified","https://seatcover.jp/f/match_renewal",""
"522c42035d78","マツダ","フレアワゴン","Sandii","オールドカヌレ","seatcover","5","S0118-03","matched","matched","verified_product_page","https://seatcover.jp/c/mazda/flairwagon/sandii-oc00154",""
"5984ae147b93","マツダ","フレアワゴン","Sandii","ビスキュイ","seatcover","1","S0118-03","matched","matched","verified_product_page","https://seatcover.jp/c/mazda/flairwagon/sandii-bc00154",""
"b1c780c83ec2","マツダ","スクラムワゴン","Sandii","デニムサンド","seatcover","4","S0110-03","matched","matched","verified_product_page","https://seatcover.jp/c/mazda/scrumwagon/sandii-ds00147",""
"60fbdef255eb","マツダ","スクラムワゴン","Sandii","カヌレグラッセ","seatcover","5","S0110-04","matched","matched","verified_product_page","https://seatcover.jp/c/mazda/scrumwagon/sandii-cg00147",""
"86a282cbd297","マツダ","スクラムワゴン","Sandii","デニムサンド","seatcover","2","S0110-06","matched","matched","verified_product_page","https://seatcover.jp/c/mazda/scrumwagon/sandii-ds00147",""
"cf8215be0961","メルセデス・ベンツ","メルセデス・ベンツ SLクラス","Dotty","DIA-LUX","seatcover","6","","none","no_code","no_direct_candidate","https://seatcover.jp/c/benz/benzslclass",""
"61fc911d919c","メルセデス・ベンツ","メルセデス・ベンツ SLクラス","Dotty","DIA-LUX","seatcover","8","","none","no_code","no_direct_candidate","https://seatcover.jp/c/benz/benzslclass",""
"0122cbeb5939","MINI","MINIクラブマン(R55・R56前期)","Refinad","Avant-Garde Series","seatcover","4","BM0205-01","none","car_mismatch","verified_product_page","https://seatcover.jp/c/mini/miniclubman/refinad-ag00553",""
"ec0c608969b9","三菱","ekクロスEV","Sandii","ビスキュイ","seatcover","3","N0606-01","matched","matched","verified_product_page","https://seatcover.jp/c/mitsubishi/ekxev/sandii-bc00607",""
"52b5286708d7","三菱","i-MiEV","Sandii","マカロン","seatcover","4","MI0157-02","matched","matched","unverified","https://seatcover.jp/c/mitsubishi/imiev",""
"8a722f54d66e","三菱","i-MiEV","Sandii","デニムサンド","seatcover","3","MI0157-02","matched","matched","unverified","https://seatcover.jp/c/mitsubishi/imiev",""
"2f92483b122c","三菱","i-MiEV","Sandii","ワッフル","seatcover","2","MI0157-02","matched","matched","unverified","https://seatcover.jp/c/mitsubishi/imiev",""
"f7585d0abbc0","三菱","i-MiEV","Refinad","Leather Deluxe Series","seatcover","2","MI0372-01","none","car_mismatch","unverified","https://seatcover.jp/c/mitsubishi/imiev",""
"5896cf751669","日産","フェアレディZ","Refinad","Leather Series","seatcover","3","NS2-18","matched","matched","verified_product_page","https://seatcover.jp/c/nissan/fairladyz/refinad-00452",""
"bb76eed4c44d","日産","フェアレディZ","Refinad","Leather Deluxe Series","seatcover","1","NS2-18","matched","matched","verified_product_page","https://seatcover.jp/c/seatcovermaker/refinad/refinad-leatherdx/refinad-dx00452",""
"1dab236b1c7e","日産","フェアレディZ","Refinad","Alcantara Series","seatcover","2","NS2-18","matched","matched","verified_product_page","https://seatcover.jp/c/nissan/fairladyz/refinad-al00452",""
"0b2ede545b04","日産","フェアレディZ","Refinad","Leather Series","seatcover","4","NS2-18","matched","matched","verified_product_page","https://seatcover.jp/c/nissan/fairladyz/refinad-00452",""
"d4196a4b9e94","日産","フェアレディZ","Refinad","Leather Deluxe Series","seatcover","1","N0452-01","matched","matched","verified_product_page","https://seatcover.jp/c/seatcovermaker/refinad/refinad-leatherdx/refinad-dx00452",""
"f78fbde81606","日産","フェアレディZ","Refinad","Leather Deluxe Series","seatcover","1","NS2-18","matched","matched","verified_product_page","https://seatcover.jp/c/seatcovermaker/refinad/refinad-leatherdx/refinad-dx00452",""
"1ae47e4ad340","日産","フェアレディZ","Refinad","Leather Deluxe Series","seatcover","3","NS2-18","matched","matched","verified_product_page","https://seatcover.jp/c/seatcovermaker/refinad/refinad-leatherdx/refinad-dx00452",""
"a70de93fa79b","スバル","クロストレック","Sandii","ビスキュイ","seatcover","4","F0625-02","matched","matched","verified_product_page","https://seatcover.jp/c/seatcovermaker/sandii/biscuit/sandii-bc00625",""
"36e1e6a885f6","スバル","クロストレック","Refinad","Leather Series","seatcover","5","F0170-04","none","car_mismatch","unverified","https://seatcover.jp/f/match_renewal",""
"7e77c539701f","スバル","クロストレック","Refinad","Leather Series","seatcover","4","F0170-03","none","car_mismatch","unverified","https://seatcover.jp/f/match_renewal",""
"c533407b1333","スバル","クロストレック","Refinad","Leather Deluxe Series","seatcover","4","F0170-07","none","car_mismatch","unverified","https://seatcover.jp/f/match_renewal",""
"57fc83f4aa5e","スバル","クロストレック","Refinad","Custom Series","seatcover","4","F0170-05","none","car_mismatch","unverified","https://seatcover.jp/f/match_renewal",""
"63c54c60ac04","スバル","クロストレック","Refinad","Leather Series","seatcover","4","F0170-04","none","car_mismatch","unverified","https://seatcover.jp/f/match_renewal",""
"9c6d90df45fa","スバル","クロストレック","Refinad","Leather Series","seatcover","4","F0170-04","none","car_mismatch","unverified","https://seatcover.jp/f/match_renewal",""
"35040be989a1","スバル","クロストレック","Refinad","Harmonious Leather Series","seatcover","4","F0170-04","none","car_mismatch","unverified","https://seatcover.jp/f/match_renewal",""
"343c9f2db2ea","スバル","クロストレック","Refinad","Custom Series","seatcover","5","F0170-04","none","car_mismatch","unverified","https://seatcover.jp/f/match_renewal",""
"87cd55b003ec","スバル","クロストレック","Refinad","Leather Series","seatcover","4","F0170-04","none","car_mismatch","unverified","https://seatcover.jp/f/match_renewal",""
"c3bc47d6e7df","スバル","クロストレック","Refinad","Harmonious Leather Series","seatcover","4","F0170-04","none","car_mismatch","unverified","https://seatcover.jp/f/match_renewal",""
"856b0dafc9a5","スバル","インプレッサG4","Refinad","Leather Series","seatcover","2","F0169-01","matched","matched","unverified","https://seatcover.jp/c/subaru/imprezag4",""
"ef53f8a7f75c","スバル","インプレッサG4","Refinad","Leather Series","seatcover","2","F0169-01","matched","matched","unverified","https://seatcover.jp/c/subaru/imprezag4",""
"d2c0560987f1","トヨタ","FJCRUISER","Dotty","COX-SPORTS","seatcover","9","","none","no_code","no_direct_candidate","https://seatcover.jp/c/toyota/fjcruiser",""
"a5f19caa905e","トヨタ","ハイラックスサーフ","Sandii","オールドカヌレ","seatcover","3","T0027-02","matched","matched","verified_product_page","https://seatcover.jp/c/seatcovermaker/sandii/sandii-oldcanele/sandii-oc00027",""
"1610a4a4f7bb","トヨタ","ハイラックスサーフ","Refinad","Leather Deluxe Series","seatcover","4","T0027-02","matched","matched","verified_product_page","https://seatcover.jp/c/seatcovermaker/refinad/refinad-leatherdx/refinad-dx00027",""
"5ec3e095b9cd","トヨタ","ハイラックスサーフ","Refinad","Leather Series","seatcover","4","T0027-02","matched","matched","verified_product_page","https://seatcover.jp/c/seatcovermaker/refinad/refinad-leather/refinad-00027",""
"c8572155ffa7","トヨタ","ハイラックスサーフ","Refinad","Leather Series","seatcover","4","T0027-01","matched","matched","verified_product_page","https://seatcover.jp/c/seatcovermaker/refinad/refinad-leather/refinad-00027",""
"c58d144ce7fd","トヨタ","ハイラックスサーフ","Refinad","Leather Deluxe Series","seatcover","4","T0027-01","matched","matched","verified_product_page","https://seatcover.jp/c/seatcovermaker/refinad/refinad-leatherdx/refinad-dx00027",""
"d0fd99d6d44a","トヨタ","ハイラックスサーフ","Refinad","Leather Series","seatcover","3","T0027-01","matched","matched","verified_product_page","https://seatcover.jp/c/seatcovermaker/refinad/refinad-leather/refinad-00027",""
"3ec9ae2ace0f","トヨタ","ハイラックスサーフ","Refinad","Leather Deluxe Series","seatcover","3","T0027-02","matched","matched","verified_product_page","https://seatcover.jp/c/seatcovermaker/refinad/refinad-leatherdx/refinad-dx00027",""
"9149de02abd2","トヨタ","ハイラックスサーフ","Refinad","Leather Deluxe Series","seatcover","4","T0027-01","matched","matched","verified_product_page","https://seatcover.jp/c/seatcovermaker/refinad/refinad-leatherdx/refinad-dx00027",""
"281509c6e034","トヨタ","ピクシスメガ","Refinad","Leather Series","seatcover","5","D0368-01","matched","matched","verified_product_page","https://seatcover.jp/c/toyota/pixismega/refinad-00527",""
"a902ee94577d","トヨタ","レジアスエースバン","Sandii","エクレア","seatcover","5","T0026-08","matched","matched","verified_product_page","https://seatcover.jp/c/toyota/regiusace/sandii-ec00050",""
"badf489d3cd7","トヨタ","レジアスエースバン","Refinad","Leather Deluxe Series","seatcover","2","T0026-06","matched","matched","verified_product_page","https://seatcover.jp/c/toyota/regiusace/refinad-dx00050",""
"184da0f66c16","トヨタ","レジアスエースバン","Refinad","Leather Series","seatcover","2","T0026-06","matched","matched","verified_product_page","https://seatcover.jp/c/seatcovermaker/refinad/refinad-leather/refinad-00050",""
"db42648fb2fc","トヨタ","レジアスエースバン","Refinad","Leather Deluxe Series","seatcover","5","T0026-09","matched","matched","verified_product_page","https://seatcover.jp/c/toyota/regiusace/refinad-dx00050",""
"0408b53e8923","フォルクスワーゲン","VWゴルフ5","Dotty","EURO-LUX","seatcover","16","","none","no_code","no_direct_candidate","https://seatcover.jp/c/volkswagen/golf5",""
"8e1a4b1cb223","フォルクスワーゲン","ゴルフ5","Refinad","Harmonious Leather Series","seatcover","3","VW0201-03","matched","matched","verified_product_page","https://seatcover.jp/c/seatcovermaker/refinad/refinad-harmonious/refinad-hs00201",""
"44ff10082c40","フォルクスワーゲン","ゴルフ6","Refinad","Leather Series","seatcover","5","VW0202-01","matched","matched","verified_product_page","https://seatcover.jp/c/volkswagen/golf6/refinad-00202",""
"67233a991bf8","フォルクスワーゲン","ゴルフ6","Refinad","Leather Series","seatcover","4","VW0202-01","matched","matched","verified_product_page","https://seatcover.jp/c/volkswagen/golf6/refinad-00202",""
"09f1de35cb12","フォルクスワーゲン","ゴルフ7","Dotty","EURO-GT","seatcover","6","","none","no_code","no_direct_candidate","https://seatcover.jp/c/volkswagen/golf7",""
"bb2b06374c8a","アウディ","A3スポーツバック","Dotty","DEP-V","seatcover","3","","none","no_code","no_direct_candidate","https://seatcover.jp/c/audi/audia3",""
"f0775bad192d","フィアット","FIAT/フィアット500/500Cチンクエチェント","Sandii","マカロン","seatcover","2","FA0387-01","none","car_mismatch","verified_product_page","https://seatcover.jp/c/fiat/fiat500/sandii-mc00387",""
"2c8f7b9466aa","フィアット","FIAT/フィアット500/500Cチンクエチェント","Refinad","Custom Series","seatcover","4","C0545-01","none","car_mismatch","unverified","https://seatcover.jp/f/match_renewal",""
"db7a05e49999","フィアット","FIAT/フィアット500/500Cチンクエチェント","Refinad","Leather Deluxe Series","seatcover","2","FA0387-04","none","car_mismatch","verified_product_page","https://seatcover.jp/c/fiat/fiat500/refinad-dx00387",""
"1934a959f05d","ホンダ","シビックハイブリッド","Refinad","Leather Series","seatcover","3","HD3-15","matched","matched","unverified","https://seatcover.jp/c/honda/civichybrid",""
"33f5e60bf9ad","ホンダ","ヴェゼルハイブリッド","Refinad","Custom Series","seatcover","4","H0357-02","matched","matched","verified_product_page","https://seatcover.jp/c/honda/vezelhybrid/refinad-cs00356",""
"93300f882b5d","ホンダ","ヴェゼルハイブリッド","Refinad","Leather Series","seatcover","4","H0357-03","matched","matched","verified_product_page","https://seatcover.jp/c/honda/vezelhybrid/refinad-00356",""
"7469d3bd95e2","ホンダ","ヴェゼルハイブリッド","Refinad","Harmonious Leather Series","seatcover","4","H0357-03","matched","matched","verified_product_page","https://seatcover.jp/c/honda/vezelhybrid/refinad-hs00356",""
"dc67788fba56","ホンダ","ヴェゼルハイブリッド","Refinad","Harmonious Leather Series","seatcover","4","H0357-03","matched","matched","verified_product_page","https://seatcover.jp/c/honda/vezelhybrid/refinad-hs00356",""
"f5d03950eb77","ホンダ","ヴェゼルハイブリッド","Refinad","Leather Series","seatcover","3","H0357-03","matched","matched","verified_product_page","https://seatcover.jp/c/honda/vezelhybrid/refinad-00356",""
"2685beeed465","ホンダ","ヴェゼルハイブリッド","Refinad","Custom Series","seatcover","3","H0357-02","matched","matched","verified_product_page","https://seatcover.jp/c/honda/vezelhybrid/refinad-cs00356",""
"ce4a93f196a9","ホンダ","ヴェゼルハイブリッド","Refinad","Harmonious Leather Series","seatcover","4","H0357-03","matched","matched","verified_product_page","https://seatcover.jp/c/honda/vezelhybrid/refinad-hs00356",""
"7b291ef045f9","ホンダ","ヴェゼルハイブリッド","Refinad","Leather Deluxe Series","seatcover","3","H0357-03","matched","matched","verified_product_page","https://seatcover.jp/c/honda/vezelhybrid/refinad-dx00356",""
"1ad9481e6d60","ホンダ","ヴェゼルハイブリッド","Refinad","Harmonious Leather Series","seatcover","2","H0357-01","matched","matched","verified_product_page","https://seatcover.jp/c/honda/vezelhybrid/refinad-hs00356",""
"3615c616d86a","ホンダ","ヴェゼルハイブリッド","Refinad","Quilt Series","seatcover","3","H0357-03","matched","matched","verified_product_page","https://seatcover.jp/c/honda/vezelhybrid/refinad-qs00356",""
"785c0f24f1f2","ホンダ","ヴェゼルハイブリッド","Refinad","Leather Deluxe Series","seatcover","3","H0357-03","matched","matched","verified_product_page","https://seatcover.jp/c/honda/vezelhybrid/refinad-dx00356",""
"b1fb9db17c0c","ホンダ","ヴェゼルハイブリッド","Refinad","Harmonious Leather Series","seatcover","3","H0357-03","matched","matched","verified_product_page","https://seatcover.jp/c/honda/vezelhybrid/refinad-hs00356",""
"3f3d44d45397","ホンダ","ヴェゼルハイブリッド","Refinad","Alcantara Series","seatcover","3","H0357-03","matched","matched","verified_product_page","https://seatcover.jp/c/honda/vezelhybrid/refinad-al00356",""
"14056a42c634","ホンダ","ヴェゼルハイブリッド","Refinad","Leather Series","seatcover","3","H0357-03","matched","matched","verified_product_page","https://seatcover.jp/c/honda/vezelhybrid/refinad-00356",""
"fd3d41df7005","ホンダ","ヴェゼルハイブリッド","Refinad","Avant-Garde Series","seatcover","3","H0357-03","matched","matched","verified_product_page","https://seatcover.jp/c/honda/vezelhybrid/refinad-ag00356",""
"ad661901970f","ホンダ","ヴェゼルハイブリッド","Refinad","Leather Deluxe Series","seatcover","3","H0357-03","matched","matched","verified_product_page","https://seatcover.jp/c/honda/vezelhybrid/refinad-dx00356",""
"c60575a66d14","ホンダ","ヴェゼルハイブリッド","Refinad","Custom Series","seatcover","4","H0357-03","matched","matched","verified_product_page","https://seatcover.jp/c/honda/vezelhybrid/refinad-cs00356",""
"ace540ce4367","ホンダ","ヴェゼルハイブリッド","Refinad","Custom Series","seatcover","2","H0357-03","matched","matched","verified_product_page","https://seatcover.jp/c/honda/vezelhybrid/refinad-cs00356",""
"c9c7fd7c4238","ホンダ","ヴェゼルハイブリッド","Refinad","Leather Deluxe Series","seatcover","4","H0357-03","matched","matched","verified_product_page","https://seatcover.jp/c/honda/vezelhybrid/refinad-dx00356",""
"ff06790c42cc","ホンダ","ヴェゼルハイブリッド","Refinad","Leather Deluxe Series","seatcover","2","H0357-01","matched","matched","verified_product_page","https://seatcover.jp/c/honda/vezelhybrid/refinad-dx00356",""
"b475f513f346","ホンダ","ヴェゼルハイブリッド","Refinad","Leather Series","seatcover","3","H0357-02","matched","matched","verified_product_page","https://seatcover.jp/c/honda/vezelhybrid/refinad-00356",""
"59d540a6e381","ホンダ","ヴェゼルハイブリッド","Refinad","Harmonious Leather Series","seatcover","2","H0357-01","matched","matched","verified_product_page","https://seatcover.jp/c/honda/vezelhybrid/refinad-hs00356",""
"a55382cdbaf9","ホンダ","ヴェゼルハイブリッド","Refinad","Leather Deluxe Series","seatcover","2","H0357-01","matched","matched","verified_product_page","https://seatcover.jp/c/honda/vezelhybrid/refinad-dx00356",""
"c69b02700267","ジープ","ジープラングラー","Refinad","Quilt Series","seatcover","4","J0601-01","matched","matched","verified_product_page","https://seatcover.jp/c/jeep/jeepwrangler/refinad-qs00601",""
"c31f830e27db","ジープ","ジープラングラー","Refinad","Leather Series","seatcover","4","J0601-01","matched","matched","verified_product_page","https://seatcover.jp/c/seatcovermaker/refinad/refinad-leather/refinad-00601",""
"bc1f77ec8efa","マツダ","アテンザセダン","Dotty","EURO-LUX","seatcover","6","","none","no_code","no_direct_candidate","https://seatcover.jp/c/mazda/atenzasedan",""
"7dba0eefbad6","マツダ","アテンザワゴン","Dotty","COX-SPORTS","seatcover","4","","none","no_code","no_direct_candidate","https://seatcover.jp/c/mazda/atenzawagon",""
"f6e481b45940","マツダ","アテンザワゴン","Dotty","DIA-LUX","seatcover","4","","none","no_code","no_direct_candidate","https://seatcover.jp/c/mazda/atenzawagon",""
"d147146037a4","マツダ","アテンザワゴン","Dotty","EURO-LUX","seatcover","7","","none","no_code","no_direct_candidate","https://seatcover.jp/c/mazda/atenzawagon",""
"3addb2aff013","マツダ","アテンザワゴン","Dotty","LUXUR-SPOLT","seatcover","10","","none","no_code","no_direct_candidate","https://seatcover.jp/c/mazda/atenzawagon",""
"71aeb3a47bae","マツダ","アクセラハイブリッド","Dotty","DIA-GT","seatcover","3","","none","no_code","no_direct_candidate","https://seatcover.jp/c/mazda/axelahybrid",""
"35cdf357997f","マツダ","アクセラスポーツ","Refinad","Alcantara Series","seatcover","4","MA0352-01","none","no_code_match","no_direct_candidate","https://seatcover.jp/c/mazda/axelasports",""
"fa74c99e2dbc","マツダ","アクセラスポーツ","Refinad","Avant-Garde Series","seatcover","4","MA0352-01","none","no_code_match","unverified","https://seatcover.jp/c/mazda/axelasports",""
"1e6dc46922da","メルセデス・ベンツ","メルセデス・ベンツ CLAクラス","Dotty","EURO-LUX","seatcover","3","","none","no_code","no_direct_candidate","https://seatcover.jp/c/benz/benzclaclass",""
"083dbf833074","メルセデス・ベンツ","メルセデス・ベンツ CLAクラス","Dotty","DIA-LUX","seatcover","2","","none","no_code","no_direct_candidate","https://seatcover.jp/c/benz/benzclaclass",""
"0a60c9e7fcf3","メルセデス・ベンツ","メルセデス・ベンツ CLAクラス","Dotty","LUXUR-SPOLT","seatcover","5","","none","no_code","no_direct_candidate","https://seatcover.jp/c/benz/benzclaclass",""
"754b470aa60a","メルセデス・ベンツ","メルセデス・ベンツ CLAクラス","Dotty","LUXUR-SPOLT","seatcover","2","","none","no_code","no_direct_candidate","https://seatcover.jp/c/benz/benzclaclass",""
"38566864d983","メルセデス・ベンツ","メルセデス・ベンツ CLAクラス","Dotty","LUXUR-SPOLT","seatcover","9","","none","no_code","no_direct_candidate","https://seatcover.jp/c/benz/benzclaclass",""
"868897bc116c","メルセデス・ベンツ","メルセデス・ベンツ GLAクラス","Dotty","COX-SPORTS","seatcover","6","","none","no_code","no_direct_candidate","https://seatcover.jp/c/benz/benzglaclass",""
"fc0ffc49abc9","MINI","MINIクーパーS","Dotty","LUXUR-SPOLT","seatcover","7","","none","no_code","no_direct_candidate","https://seatcover.jp/c/seatcovermaker/dotty/dotty-luxurspolt",""
"a58b88ae31a4","MINI","MINIメイフェア","Dotty","DIA-LUX","seatcover","4","","none","no_code","no_direct_candidate","https://seatcover.jp/c/seatcovermaker/dotty/dotty-dialux",""
"04494d145272","三菱","トライトン","Refinad","Astraea Leaf","seatcover","15","MI0637-02","matched","matched","verified_product_page","https://seatcover.jp/c/seatcovermaker/refinad/refinad-astraea/refinad-as00637",""
"b32738766238","三菱","トライトン","Sandii","カヌレグラッセ","seatcover","5","MI0637-01","matched","matched","verified_product_page","https://seatcover.jp/c/seatcovermaker/sandii/sandii-canelegrace/sandii-cg00637",""
"4c46a64fe229","三菱","トライトン","Refinad","Leather Series","seatcover","3","MI0637-02","matched","matched","verified_product_page","https://seatcover.jp/c/seatcovermaker/refinad/refinad-leather/refinad-00637",""
"bd8ada042f8d","三菱","トライトン","Refinad","Leather Deluxe Series","seatcover","3","MI0637-01","matched","matched","verified_product_page","https://seatcover.jp/c/mitsubishi/triton/refinad-dx00637",""
"b93ff1dc65a6","三菱","トライトン","Refinad","Custom Series","seatcover","3","MI0637-02","matched","matched","verified_product_page","https://seatcover.jp/c/mitsubishi/triton/refinad-cs00637",""
"0510a8ac3b41","日産","クリッパーリオ","Sandii","エクレア","seatcover","5","NS3-15","none","car_mismatch","unverified","https://seatcover.jp/f/match_renewal",""
"6c92973b128a","日産","クリッパーリオ","Sandii","デニムサンド","seatcover","4","NS3-15","none","car_mismatch","unverified","https://seatcover.jp/c/nissan/clipperrio",""
"9e9ef677fd81","日産","クリッパーリオ","Sandii","カヌレ","seatcover","5","NS3-15","none","car_mismatch","unverified","https://seatcover.jp/c/nissan/clipperrio",""
"4ee87889a740","日産","クリッパーバン","Sandii","デニムロール","seatcover","5","S0111-11","matched","matched","verified_product_page","https://seatcover.jp/c/nissan/clippervan/sandii-dr00632",""
"9bef8f586b95","日産","NV200バネットワゴン","Sandii","カチナ","seatcover","5","N0568-01","matched","matched","verified_product_page","https://seatcover.jp/c/nissan/nv200wagon/sandii-kp00568",""
"8b5e38a97cd3","日産","NV200バネットワゴン","Sandii","オールドカヌレ","seatcover","4","N0568-01","matched","matched","verified_product_page","https://seatcover.jp/c/seatcovermaker/sandii/sandii-oldcanele/sandii-oc00568",""
"3d8f5b6fa0a1","日産","NV200バネットワゴン","Sandii","エクレア","seatcover","3","N0567-03","none","car_mismatch","unverified","https://seatcover.jp/f/match_renewal",""
"3917ecc43e25","日産","ティーダラティオ","Refinad","Leather Series","seatcover","3","NS3-24","matched","matched","verified_product_page","https://seatcover.jp/c/seatcovermaker/refinad/refinad-leather/refinad-00478",""
"d17f1bf8a1a6","スズキ","エブリィワゴン","Sandii","オールドカヌレ","seatcover","4","S0110-05","matched","matched","verified_product_page","https://seatcover.jp/c/suzuki/everywagon/sandii-oc00110",""
"e6da3b1393d4","スズキ","エブリィワゴン","Sandii","カチナ","seatcover","4","S0110-05","matched","matched","verified_product_page","https://seatcover.jp/c/suzuki/everywagon/sandii-kp00110",""
"0d0bff55c072","スズキ","エブリィワゴン","Sandii","マカロン","seatcover","5","S0110-05","matched","matched","verified_product_page","https://seatcover.jp/c/suzuki/everywagon/sandii-mc00110",""
"8e97f3d51bca","スズキ","エブリィワゴン","Sandii","デニムサンド","seatcover","4","S0110-06","matched","matched","verified_product_page","https://seatcover.jp/c/suzuki/everywagon/sandii-ds00110",""
"4aee5a4bc222","スズキ","エブリィワゴン","Sandii","カヌレ","seatcover","3","S0110-05","matched","matched","verified_product_page","https://seatcover.jp/c/suzuki/everywagon/sandii-cn00110",""
"39d11354932c","スズキ","エブリィワゴン","Sandii","オールドカヌレ","seatcover","3","S0110-05","matched","matched","verified_product_page","https://seatcover.jp/c/suzuki/everywagon/sandii-oc00110",""
"53a0d47f4d7a","スズキ","エブリィワゴン","Sandii","コロール","seatcover","4","S0110-05","matched","matched","no_direct_candidate","https://seatcover.jp/c/suzuki/everywagon",""
"b0491b29a8d2","スズキ","エブリィワゴン","Sandii","マカロン","seatcover","3","S0110-05","matched","matched","verified_product_page","https://seatcover.jp/c/suzuki/everywagon/sandii-mc00110",""
"d25065dafe4a","スズキ","エブリィワゴン","Sandii","カヌレ","seatcover","4","S0110-05","matched","matched","verified_product_page","https://seatcover.jp/c/suzuki/everywagon/sandii-cn00110",""
"e9a7197524f6","スズキ","エブリィワゴン","Sandii","カヌレ","seatcover","3","S0110-05","matched","matched","verified_product_page","https://seatcover.jp/c/suzuki/everywagon/sandii-cn00110",""
"38d5f5928793","スズキ","エブリィワゴン","Sandii","マカロン","seatcover","2","S0110-05","matched","matched","verified_product_page","https://seatcover.jp/c/suzuki/everywagon/sandii-mc00110",""
"e2d09ca74c70","スズキ","エブリィワゴン","Sandii","デニムサンド","seatcover","3","S0110-06","matched","matched","verified_product_page","https://seatcover.jp/c/suzuki/everywagon/sandii-ds00110",""
"d70ae866928c","スズキ","エブリィワゴン","Sandii","マカロン","seatcover","4","S0110-05","matched","matched","verified_product_page","https://seatcover.jp/c/suzuki/everywagon/sandii-mc00110",""
"6e8dd38262e0","スズキ","エブリィワゴン","Sandii","カヌレ","seatcover","2","S0110-05","matched","matched","verified_product_page","https://seatcover.jp/c/suzuki/everywagon/sandii-cn00110",""
"cae34d693b08","スズキ","エブリィワゴン","Sandii","ワッフル","seatcover","2","S0110-05","matched","matched","verified_product_page","https://seatcover.jp/c/suzuki/everywagon/sandii-wf00110",""
"7008542f1f81","スズキ","エブリィワゴン","Sandii","マカロン","seatcover","3","S0110-01","matched","matched","verified_product_page","https://seatcover.jp/c/suzuki/everywagon/sandii-mc00110",""
"157e2cc72119","スズキ","エブリィワゴン","Sandii","カヌレ","seatcover","5","S0110-05","matched","matched","verified_product_page","https://seatcover.jp/c/suzuki/everywagon/sandii-cn00110",""
"880f50ea7195","スズキ","エブリィワゴン","Sandii","カヌレ","seatcover","2","S0110-05","matched","matched","verified_product_page","https://seatcover.jp/c/suzuki/everywagon/sandii-cn00110",""
"de581d4ec977","スズキ","エブリィワゴン","Sandii","マカロン","seatcover","2","S0110-05","matched","matched","verified_product_page","https://seatcover.jp/c/suzuki/everywagon/sandii-mc00110",""
"2f213e223ee3","スズキ","エブリィワゴン","Sandii","カヌレ","seatcover","5","S0110-05","matched","matched","verified_product_page","https://seatcover.jp/c/suzuki/everywagon/sandii-cn00110",""
"af5388730eb9","スズキ","エブリィワゴン","Sandii","カヌレ","seatcover","3","S0110-05","matched","matched","verified_product_page","https://seatcover.jp/c/suzuki/everywagon/sandii-cn00110",""
"8a150fb554af","スズキ","エブリィワゴン","Sandii","カヌレ","seatcover","4","S0110-04","matched","matched","verified_product_page","https://seatcover.jp/c/suzuki/everywagon/sandii-cn00110",""
"ddad55216f26","スズキ","エブリィワゴン","Sandii","コロール","seatcover","4","S0110-05","matched","matched","no_direct_candidate","https://seatcover.jp/c/suzuki/everywagon",""
"6b76cb916ee3","スズキ","エブリィワゴン","Refinad","Leather Deluxe Series","seatcover","5","S0111-06","none","car_mismatch","unverified","https://seatcover.jp/f/match_renewal",""
"3d6d7df207aa","スズキ","エブリィワゴン","Refinad","Leather Series","seatcover","4","S0110-05","matched","matched","verified_product_page","https://seatcover.jp/c/suzuki/everywagon/refinad-00110",""
"74a18db46a02","スズキ","エブリィワゴン","Refinad","Leather Series","seatcover","3","S0111-06","none","car_mismatch","unverified","https://seatcover.jp/f/match_renewal",""
"213747c64994","スズキ","エブリィワゴン","Refinad","Leather Series","seatcover","2","S0111-06","none","car_mismatch","unverified","https://seatcover.jp/f/match_renewal",""
"a836e406cf69","スズキ","エブリィワゴン","Refinad","Harmonious Leather Series","seatcover","1","S0110-05","matched","matched","verified_product_page","https://seatcover.jp/c/suzuki/everywagon/refinad-hs00110",""
"b86dc5bb780e","スズキ","エブリィワゴン","Refinad","Leather Deluxe Series","seatcover","2","S0110-05","matched","matched","verified_product_page","https://seatcover.jp/c/suzuki/everywagon/refinad-dx00110",""
"22aee3f99245","スズキ","エブリィワゴン","Refinad","Custom Series","seatcover","3","S0110-06","matched","matched","verified_product_page","https://seatcover.jp/c/suzuki/everywagon/refinad-cs00110",""
"7eccd893cc73","スズキ","エブリィワゴン","Refinad","Quilt Series","seatcover","2","S0110-05","matched","matched","verified_product_page","https://seatcover.jp/c/suzuki/everywagon/refinad-qs00110",""
"95d3b5984053","スズキ","エブリィワゴン","Refinad","Harmonious Leather Series","seatcover","4","S0110-05","matched","matched","verified_product_page","https://seatcover.jp/c/suzuki/everywagon/refinad-hs00110",""
"57ccea16642b","スズキ","エブリィワゴン","Refinad","Leather Series","seatcover","2","S0110-05","matched","matched","verified_product_page","https://seatcover.jp/c/suzuki/everywagon/refinad-00110",""
"b48112e47dca","スズキ","エブリィワゴン","Refinad","Quilt Series","seatcover","2","S0110-05","matched","matched","verified_product_page","https://seatcover.jp/c/suzuki/everywagon/refinad-qs00110",""
"5487ab469c80","スズキ","エブリィワゴン","Refinad","Leather Series","seatcover","2","S0110-05","matched","matched","verified_product_page","https://seatcover.jp/c/suzuki/everywagon/refinad-00110",""
"47639b12b50e","スズキ","エブリィワゴン","Refinad","Leather Deluxe Series","seatcover","3","S0110-05","matched","matched","verified_product_page","https://seatcover.jp/c/suzuki/everywagon/refinad-dx00110",""
"6520e1325f86","トヨタ","クラウンロイヤル","Sandii","エクレア","seatcover","3","T0509-04","matched","matched","verified_product_page","https://seatcover.jp/c/toyota/crownroyal/sandii-ec00509",""
"d9fb453a598f","トヨタ","クラウンロイヤル","Refinad","Leather Series","seatcover","3","T0509-04","matched","matched","verified_product_page","https://seatcover.jp/c/toyota/crownroyal/refinad-00509",""
"eee8e2a9bb4f","トヨタ","クラウンロイヤル","Refinad","Leather Series","seatcover","4","T0631-02","none","car_mismatch","unverified","https://seatcover.jp/f/match_renewal",""
"c199ed76c883","トヨタ","グランドハイエース","Dotty","COX","seatcover","5","","none","no_code","no_direct_candidate","https://seatcover.jp/c/toyota/grandhiace",""
"82076a26922a","トヨタ","ノアハイブリッド","Sandii","ワッフル","seatcover","5","T0013-24","matched","matched","verified_product_page","https://seatcover.jp/c/seatcovermaker/sandii/sandii-waffle/sandii-wf00390",""
"c65a58184a01","トヨタ","ノアハイブリッド","Sandii","オールドカヌレ","seatcover","5","T0013-24","matched","matched","verified_product_page","https://seatcover.jp/c/toyota/noahhybrid/sandii-oc00390",""
"7be3edb14018","トヨタ","ノアハイブリッド","Refinad","Custom Series","seatcover","5","T0013-22","none","car_mismatch","unverified","https://seatcover.jp/f/match_renewal",""
"131ad03b5b58","トヨタ","ノアハイブリッド","Refinad","Leather Series","seatcover","5","T0013-21","matched","matched","verified_product_page","https://seatcover.jp/c/seatcovermaker/refinad/refinad-leather/refinad-00390",""
"e10eb86a4b9d","トヨタ","ノアハイブリッド","Refinad","Harmonious Leather Series","seatcover","4","T0013-21","matched","matched","verified_product_page","https://seatcover.jp/c/seatcovermaker/refinad/refinad-harmonious/refinad-hs00390",""
"2c07b2eddff9","トヨタ","ノアハイブリッド","Refinad","Harmonious Leather Series","seatcover","5","T0013-21","matched","matched","verified_product_page","https://seatcover.jp/c/seatcovermaker/refinad/refinad-harmonious/refinad-hs00390",""
"a88d335fafe1","トヨタ","ノアハイブリッド","Refinad","Custom Series","seatcover","3","T0013-25","matched","matched","verified_product_page","https://seatcover.jp/c/toyota/noahhybrid/refinad-cs00390",""
"4323feb3f99f","トヨタ","ノアハイブリッド","Refinad","Harmonious Leather Series","seatcover","3","T0013-21","matched","matched","verified_product_page","https://seatcover.jp/c/seatcovermaker/refinad/refinad-harmonious/refinad-hs00390",""
"1db078e855c4","トヨタ","ノアハイブリッド","Refinad","Avant-Garde Series","seatcover","3","T0013-22","none","car_mismatch","unverified","https://seatcover.jp/f/match_renewal",""
"fca4314ab49c","トヨタ","プリウスα","Sandii","オールドカヌレ","seatcover","5","T0208-01","matched","matched","verified_product_page","https://seatcover.jp/c/toyota/priusalpha/sandii-oc00208",""
"3ea7d16c3c1c","トヨタ","プリウスα","Refinad","Leather Series","seatcover","4","T0038-01","matched","matched","verified_product_page","https://seatcover.jp/c/toyota/priusalpha/refinad-00038",""
"b5e817770828","トヨタ","プリウスα","Refinad","Leather Series","seatcover","5","T0038-01","matched","matched","verified_product_page","https://seatcover.jp/c/toyota/priusalpha/refinad-00038",""
"4cecd8222840","トヨタ","プリウスα","Refinad","シリーズ名の記載なし","seatcover","3","T0038-03","matched","matched","no_direct_candidate","https://seatcover.jp/c/toyota/priusalpha",""
"ce0b66e9ed1d","トヨタ","プリウスα","Refinad","Leather Series","seatcover","3","T0038-03","matched","matched","verified_product_page","https://seatcover.jp/c/toyota/priusalpha/refinad-00038",""
"c62c94e1a89e","トヨタ","プリウスα","Refinad","Leather Series","seatcover","4","T0038-01","matched","matched","verified_product_page","https://seatcover.jp/c/toyota/priusalpha/refinad-00038",""
"10e082e0cb16","トヨタ","プリウスα","Refinad","Leather Series","seatcover","3","T0038-03","matched","matched","verified_product_page","https://seatcover.jp/c/toyota/priusalpha/refinad-00038",""
"39481e46b757","トヨタ","プリウスα","Refinad","Leather Deluxe Series","seatcover","2","T0038-03","matched","matched","unverified","https://seatcover.jp/f/match_renewal",""
"187c0402faaa","トヨタ","プリウスα","Refinad","Harmonious Leather Series","seatcover","4","T0038-01","matched","matched","unverified","https://seatcover.jp/f/match_renewal",""
"570740d57ddc","トヨタ","プリウスα","Refinad","Leather Deluxe Series","seatcover","4","T0038-01","matched","matched","unverified","https://seatcover.jp/f/match_renewal",""
"9c2755b3267f","トヨタ","プリウスα","Refinad","Avant-Garde Series","seatcover","3","T0038-03","matched","matched","unverified","https://seatcover.jp/f/match_renewal",""
"b111e8143cd7","トヨタ","プリウスα","Refinad","Leather Deluxe Series","seatcover","3","T0038-01","matched","matched","unverified","https://seatcover.jp/f/match_renewal",""
"80dbe93b5937","トヨタ","プリウスα","Refinad","Leather Series","seatcover","2","T0038-01","matched","matched","verified_product_page","https://seatcover.jp/c/toyota/priusalpha/refinad-00038",""
"c0a72299986e","トヨタ","プリウスα","Refinad","Leather Deluxe Series","seatcover","3","T0208-01","matched","matched","verified_product_page","https://seatcover.jp/c/toyota/priusalpha/refinad-dx00208",""
"08f646597445","トヨタ","タウンエースバン","Sandii","オールドカヌレ","seatcover","4","T0609-02","matched","matched","verified_product_page","https://seatcover.jp/c/seatcovermaker/sandii/sandii-oldcanele/sandii-oc00609",""
"ed1e19f23f3a","トヨタ","タウンエースバン","Sandii","オールドカヌレ","seatcover","2","T0609-02","matched","matched","verified_product_page","https://seatcover.jp/c/seatcovermaker/sandii/sandii-oldcanele/sandii-oc00609",""
"d1d8d76026c4","トヨタ","タウンエースバン","Sandii","エクレア","seatcover","4","T0609-01","matched","matched","verified_product_page","https://seatcover.jp/c/seatcovermaker/sandii/sandii-eclair/sandii-ec00609",""
"583fabe6fe08","トヨタ","タウンエースバン","Sandii","エクレア","seatcover","4","T0609-01","matched","matched","verified_product_page","https://seatcover.jp/c/seatcovermaker/sandii/sandii-eclair/sandii-ec00609",""
"b35e636a8d61","トヨタ","タウンエースバン","Sandii","エクレア","seatcover","3","T0609-01","matched","matched","verified_product_page","https://seatcover.jp/c/seatcovermaker/sandii/sandii-eclair/sandii-ec00609",""
"6bdf86a341e2","トヨタ","タウンエースバン","Sandii","カヌレ","seatcover","4","T0609-02","matched","matched","verified_product_page","https://seatcover.jp/c/toyota/townacevan/sandii-cn00609",""
"e84c8fe75d34","トヨタ","タウンエースバン","Sandii","カチナ","seatcover","3","T0609-02","matched","matched","verified_product_page","https://seatcover.jp/c/toyota/townacevan/sandii-kp00609",""
"9689269eea87","トヨタ","タウンエースバン","Sandii","ビスキュイ","seatcover","4","T0609-01","matched","matched","verified_product_page","https://seatcover.jp/c/toyota/townacevan/sandii-bc00609",""
"6e41240ce1c2","トヨタ","タウンエースバン","Sandii","カヌレグラッセ","seatcover","3","T0609-01","matched","matched","verified_product_page","https://seatcover.jp/c/seatcovermaker/sandii/sandii-canelegrace/sandii-cg00609",""
"11cc2c9b1081","トヨタ","タウンエースバン","Refinad","Leather Deluxe Series","seatcover","3","T0609-02","matched","matched","verified_product_page","https://seatcover.jp/c/toyota/townacevan/refinad-dx00609",""
"ea816995d137","トヨタ","ヤリスクロス","Sandii","カチナ","seatcover","5","T0540-04","none","car_mismatch","unverified","https://seatcover.jp/f/match_renewal",""
"9d204bfa9a0e","トヨタ","ヤリスクロス","Sandii","デニムロール","seatcover","3","T0539-04","matched","matched","verified_product_page","https://seatcover.jp/c/toyota/yariscross/sandii-dr00539",""
"1a819348c313","トヨタ","ヤリスクロス","Sandii","デニムサンド","seatcover","2","T0540-02","none","car_mismatch","unverified","https://seatcover.jp/f/match_renewal",""
"918b0e01ec9e","トヨタ","ヤリスクロス","Sandii","カヌレ","seatcover","2","T0540-01","none","no_code_match","unverified","https://seatcover.jp/f/match_renewal",""
"a81b220bae75","トヨタ","ヤリスクロス","Sandii","マカロン","seatcover","2","T0540-02","none","car_mismatch","unverified","https://seatcover.jp/f/match_renewal",""
"2531208a7e1d","トヨタ","ヤリスクロス","Sandii","カヌレ","seatcover","4","T0529-01","none","car_mismatch","unverified","https://seatcover.jp/f/match_renewal",""
"cf29d778fb95","トヨタ","ヤリスクロス","Sandii","カヌレ","seatcover","3","T0540-04","none","car_mismatch","unverified","https://seatcover.jp/f/match_renewal",""
"2b96b79e7039","トヨタ","ヤリスクロス","Refinad","Leather Series","seatcover","4","T0540-02","none","car_mismatch","unverified","https://seatcover.jp/f/match_renewal",""
"dd37bfa6ade7","トヨタ","ヤリスクロス","Refinad","Leather Series","seatcover","4","T0540-02","none","car_mismatch","unverified","https://seatcover.jp/f/match_renewal",""
"868443951a91","トヨタ","ヤリスクロス","Refinad","Leather Series","seatcover","5","T0540-02","none","car_mismatch","unverified","https://seatcover.jp/f/match_renewal",""
"c2bff3336438","トヨタ","ヤリスクロス","Refinad","Custom Series","seatcover","4","T0540-02","none","car_mismatch","unverified","https://seatcover.jp/f/match_renewal",""
"69acd4a62e5c","トヨタ","ヤリスクロス","Refinad","Leather Deluxe Series","seatcover","4","T0540-01","none","no_code_match","unverified","https://seatcover.jp/f/match_renewal",""
"1746b1d9ac3c","トヨタ","ヤリスクロス","Refinad","Leather Series","seatcover","4","T0540-02","none","car_mismatch","unverified","https://seatcover.jp/f/match_renewal",""
"ed893bc9f4a5","トヨタ","ヤリスクロス","Refinad","Custom Series","seatcover","3","T0540-02","none","car_mismatch","unverified","https://seatcover.jp/f/match_renewal",""
"b7614ddd8261","トヨタ","ヤリスクロス","Refinad","Leather Deluxe Series","seatcover","4","T0540-02","none","car_mismatch","unverified","https://seatcover.jp/f/match_renewal",""
"fd6adac72bd8","トヨタ","ヤリスクロス","Refinad","Leather Deluxe Series","seatcover","3","T0540-01","none","no_code_match","unverified","https://seatcover.jp/f/match_renewal",""
"1e865cf781b4","トヨタ","ヤリスクロス","Refinad","Quilt Series","seatcover","4","T0540-02","none","car_mismatch","unverified","https://seatcover.jp/f/match_renewal",""
"b3a636cb436c","トヨタ","ヤリスクロス","Refinad","Leather Deluxe Series","seatcover","4","T0540-01","none","no_code_match","unverified","https://seatcover.jp/f/match_renewal",""
"c572ed132cdc","トヨタ","ヤリスクロス","Refinad","Leather Series","seatcover","4","T0539-02","matched","matched","verified_product_page","https://seatcover.jp/c/toyota/yariscross/refinad-00539",""
"c4716ffc68c5","トヨタ","ヤリスクロス","Refinad","Leather Series","seatcover","4","T0540-02","none","car_mismatch","unverified","https://seatcover.jp/f/match_renewal",""
"61226ef6612d","トヨタ","ヤリスクロス","Refinad","Avant-Garde Series","seatcover","2","T0540-02","none","car_mismatch","unverified","https://seatcover.jp/f/match_renewal",""
"fd489bab8b98","トヨタ","ヤリスクロス","Refinad","Leather Series","seatcover","4","T0539-02","matched","matched","verified_product_page","https://seatcover.jp/c/toyota/yariscross/refinad-00539",""
"2c7b36e66332","トヨタ","ヤリスクロス","Refinad","Harmonious Leather Series","seatcover","4","T0540-02","none","car_mismatch","unverified","https://seatcover.jp/f/match_renewal",""
"578096044a7d","トヨタ","ヤリスクロス","Refinad","Leather Series","seatcover","4","T0540-04","none","car_mismatch","unverified","https://seatcover.jp/f/match_renewal",""
"b1b996b7054c","トヨタ","ヤリスクロス","Refinad","Leather Series","seatcover","4","T0540-02","none","car_mismatch","unverified","https://seatcover.jp/f/match_renewal",""
"c184d7edd40b","トヨタ","ヤリスクロス","Refinad","Harmonious Leather Series","seatcover","2","T0540-02","none","car_mismatch","unverified","https://seatcover.jp/f/match_renewal",""
"4b7129873098","トヨタ","ヤリスクロス","Refinad","Custom Series","seatcover","3","T0540-02","none","car_mismatch","unverified","https://seatcover.jp/f/match_renewal",""
"a49050889966","トヨタ","ヤリスクロス","Refinad","Leather Series","seatcover","3","T0540-04","none","car_mismatch","unverified","https://seatcover.jp/f/match_renewal",""
"6cc45aed2e27","トヨタ","ヤリスクロス","Refinad","Leather Deluxe Series","seatcover","3","T0540-01","none","no_code_match","unverified","https://seatcover.jp/f/match_renewal",""
"e8118b6a089a","トヨタ","ヤリスクロス","Refinad","Leather Deluxe Series","seatcover","3","T0540-01","none","no_code_match","unverified","https://seatcover.jp/f/match_renewal",""
"bda8b828e4b3","トヨタ","ヤリスクロス","Refinad","Leather Series","seatcover","4","T0540-02","none","car_mismatch","unverified","https://seatcover.jp/f/match_renewal",""
"3752224e2547","トヨタ","ヤリスクロス","Refinad","Avant-Garde Series","seatcover","2","T0540-02","none","car_mismatch","unverified","https://seatcover.jp/f/match_renewal",""
"7cb97c649a52","トヨタ","ヤリスクロス","Refinad","Leather Series","seatcover","3","T0540-02","none","car_mismatch","unverified","https://seatcover.jp/f/match_renewal",""
"bcb83d7ec39f","トヨタ","ヤリスクロス","Refinad","Harmonious Leather Series","seatcover","2","T0540-02","none","car_mismatch","unverified","https://seatcover.jp/f/match_renewal",""
"220e71febdb7","トヨタ","ヤリスクロス","Refinad","Leather Deluxe Series","seatcover","3","S0113-02","none","car_mismatch","unverified","https://seatcover.jp/f/match_renewal",""
"ca3d3c3805dc","トヨタ","ヤリスクロス","Refinad","Harmonious Leather Series","seatcover","3","T0539-02","matched","matched","verified_product_page","https://seatcover.jp/c/toyota/yariscross/refinad-hs00539",""
"a649b7755964","トヨタ","ヤリスクロス","Refinad","Harmonious Leather Series","seatcover","3","T0540-02","none","car_mismatch","unverified","https://seatcover.jp/f/match_renewal",""
"610d91092c46","トヨタ","ヤリスクロス","Refinad","Custom Series","seatcover","2","T0540-02","none","car_mismatch","unverified","https://seatcover.jp/f/match_renewal",""
"227cfdb6c052","トヨタ","ヤリスクロス","Refinad","Leather Deluxe Series","seatcover","3","T0540-01","none","no_code_match","unverified","https://seatcover.jp/f/match_renewal",""
"bb4d3ab05198","トヨタ","ヤリスクロス","Refinad","Leather Deluxe Series","seatcover","3","T0540-01","none","no_code_match","unverified","https://seatcover.jp/f/match_renewal",""
"5bc33ca742db","トヨタ","ヤリスクロス","Refinad","Leather Series","seatcover","1","T0540-01","none","no_code_match","unverified","https://seatcover.jp/f/match_renewal",""
"43a6cbe57a5f","トヨタ","ヤリスクロス","Refinad","Leather Deluxe Series","seatcover","3","T0540-02","none","car_mismatch","unverified","https://seatcover.jp/f/match_renewal",""
"d11b59e401ef","トヨタ","ヤリスクロス","Refinad","Leather Deluxe Series","seatcover","3","T0540-01","none","no_code_match","unverified","https://seatcover.jp/f/match_renewal",""
"2233af2c09ca","トヨタ","ヤリスクロス","Refinad","Leather Deluxe Series","seatcover","2","T0540-01","none","no_code_match","unverified","https://seatcover.jp/f/match_renewal",""
"8c65cbbe44e1","トヨタ","ヤリスクロス","Refinad","Leather Series","seatcover","2","T0540-01","none","no_code_match","unverified","https://seatcover.jp/f/match_renewal",""
"5a37a7a6b3b9","トヨタ","ヤリスクロス","Refinad","Leather Series","seatcover","2","T0540-02","none","car_mismatch","unverified","https://seatcover.jp/f/match_renewal",""
"fb092a42d27f","トヨタ","ヤリスクロス","Refinad","Avant-Garde Series","seatcover","2","T0540-02","none","car_mismatch","unverified","https://seatcover.jp/f/match_renewal",""
"456b5341dfb7","トヨタ","ヤリスクロス","Refinad","Leather Deluxe Series","seatcover","3","T0540-01","none","no_code_match","unverified","https://seatcover.jp/f/match_renewal",""
"89f22053ace0","トヨタ","ヤリスクロス","Refinad","Avant-Garde Series","seatcover","3","T0540-02","none","car_mismatch","unverified","https://seatcover.jp/f/match_renewal",""
"888b6c3949f9","トヨタ","ヤリスクロス","Refinad","Leather Deluxe Series","seatcover","2","T0540-01","none","no_code_match","unverified","https://seatcover.jp/f/match_renewal",""
"30e2026c4ced","トヨタ","ヤリスクロス","Refinad","Leather Deluxe Series","seatcover","2","T0540-01","none","no_code_match","unverified","https://seatcover.jp/f/match_renewal",""
"9cb7ffe8d538","トヨタ","ヤリスクロス","Refinad","Custom Series","seatcover","3","T0540-01","none","no_code_match","unverified","https://seatcover.jp/f/match_renewal",""
"ca991ac2aa80","トヨタ","ヤリスクロス","Refinad","Harmonious Leather Series","seatcover","2","T0539-02","matched","matched","verified_product_page","https://seatcover.jp/c/toyota/yariscross/refinad-hs00539",""
"baefca0e6a48","トヨタ","ヤリスクロス","Refinad","Leather Deluxe Series","seatcover","3","T0540-02","none","car_mismatch","unverified","https://seatcover.jp/f/match_renewal",""
"f91692f64a5c","トヨタ","ヤリスクロス","Refinad","Leather Deluxe Series","seatcover","3","T0540-01","none","no_code_match","unverified","https://seatcover.jp/f/match_renewal",""
"b01bcbef09c2","トヨタ","ヤリスクロス","Refinad","Leather Deluxe Series","seatcover","4","T0540-02","none","car_mismatch","unverified","https://seatcover.jp/f/match_renewal",""
"566485992ff1","トヨタ","ヤリスクロス","Refinad","Leather Series","seatcover","2","T0540-02","none","car_mismatch","unverified","https://seatcover.jp/f/match_renewal",""
"30547ea0246b","トヨタ","ヤリスクロス","Refinad","Leather Series","seatcover","3","T0540-02","none","car_mismatch","unverified","https://seatcover.jp/f/match_renewal",""
"2945593652dc","トヨタ","ヤリスクロス","Refinad","Leather Series","seatcover","2","T0540-02","none","car_mismatch","unverified","https://seatcover.jp/f/match_renewal",""
"af587ffbe53e","トヨタ","ヤリスクロス","Refinad","Custom Series","seatcover","3","T0539-03","none","no_code_match","unverified","https://seatcover.jp/f/match_renewal",""
"bd6c6abafaa8","トヨタ","ヤリスクロス","Refinad","Leather Deluxe Series","seatcover","4","T0540-02","none","car_mismatch","unverified","https://seatcover.jp/f/match_renewal",""
"42452d9d3e4f","トヨタ","ヤリスクロス","Refinad","Leather Deluxe Series","seatcover","3","T0540-01","none","no_code_match","unverified","https://seatcover.jp/f/match_renewal",""
"3b9bf9029010","トヨタ","ヤリスクロス","Refinad","Leather Series","seatcover","2","T0540-01","none","no_code_match","unverified","https://seatcover.jp/f/match_renewal",""
"731866b26673","トヨタ","ヤリスクロス","Refinad","Leather Deluxe Series","seatcover","3","T0540-01","none","no_code_match","unverified","https://seatcover.jp/f/match_renewal",""
"259591a8bbb0","トヨタ","ヤリスクロス","Refinad","Custom Series","seatcover","3","T0540-02","none","car_mismatch","unverified","https://seatcover.jp/f/match_renewal",""
"34342a105ccd","トヨタ","ヤリスクロス","Refinad","Custom Series","seatcover","2","T0540-02","none","car_mismatch","unverified","https://seatcover.jp/f/match_renewal",""
"8c38b9f54d74","トヨタ","ヤリスクロス","Refinad","Leather Series","seatcover","3","T0539-03","none","no_code_match","unverified","https://seatcover.jp/f/match_renewal",""
"599c57d8331d","トヨタ","ヤリスクロス","Refinad","Harmonious Leather Series","seatcover","3","T0539-03","none","no_code_match","unverified","https://seatcover.jp/f/match_renewal",""
"39fd55ee3d6d","トヨタ","ヤリスクロス","Refinad","Leather Deluxe Series","seatcover","2","T0540-01","none","no_code_match","unverified","https://seatcover.jp/f/match_renewal",""
"df379d40d1c3","トヨタ","ヤリスクロス","Refinad","Harmonious Leather Series","seatcover","2","T0540-04","none","car_mismatch","unverified","https://seatcover.jp/f/match_renewal",""
"71796672c30d","トヨタ","ヤリスクロス","Refinad","Custom Series","seatcover","3","T0540-02","none","car_mismatch","unverified","https://seatcover.jp/f/match_renewal",""
"06e5fb35d8e4","トヨタ","ヤリスクロス","Refinad","Leather Deluxe Series","seatcover","2","T0540-01","none","no_code_match","unverified","https://seatcover.jp/f/match_renewal",""
"4a6b35228df0","トヨタ","ヤリスクロス","Refinad","Custom Series","seatcover","4","T0540-01","none","no_code_match","unverified","https://seatcover.jp/f/match_renewal",""
"d78f2fe46b99","トヨタ","ヤリスクロス","Refinad","Leather Deluxe Series","seatcover","3","T0540-02","none","car_mismatch","unverified","https://seatcover.jp/f/match_renewal",""
"c7b806b4f78c","フォルクスワーゲン","シャラン","Refinad","Harmonious Leather Series","seatcover","5","GM2-03","matched","matched","verified_product_page","https://seatcover.jp/c/volkswagen/sharan/refinad-hs00417",""
"e8e4ae6cab56","フォルクスワーゲン","シャラン","Refinad","Leather Series","seatcover","3","GM2-03","matched","matched","verified_product_page","https://seatcover.jp/c/volkswagen/sharan/refinad-00417",""
"511bdb4ff118","フォルクスワーゲン","シャラン","Refinad","Custom Series","seatcover","4","VW0388-01","none","car_mismatch","unverified","https://seatcover.jp/f/match_renewal",""
"4495187f4c12","フォルクスワーゲン","シャラン","Refinad","Leather Deluxe Series","seatcover","3","GM2-03","matched","matched","verified_product_page","https://seatcover.jp/c/volkswagen/sharan/refinad-dx00417",""
"afaec5a33d86","フォルクスワーゲン","T-Cross","Dotty","LUXUR-SPOLT","seatcover","3","","none","no_code","no_direct_candidate","https://seatcover.jp/c/volkswagen/tcross",""
"18dcc2dcf653","フォルクスワーゲン","ティグアン","Dotty","EURO-GT","seatcover","1","","none","no_code","no_direct_candidate","https://seatcover.jp/c/volkswagen/tiguan",""
"7dfe0d5521cf","シトロエン","C3エアクロス","Sandii","コロール","seatcover","2","C0546-01","matched","matched","no_direct_candidate","https://seatcover.jp/c/citroen/c3aircross",""
"861a551816bb","シトロエン","C3エアクロス","Refinad","Leather Deluxe Series","seatcover","3","C0546-01","matched","matched","verified_product_page","https://seatcover.jp/c/citroen/c3aircross/refinad-dx00546",""
"9dcc6f8e008c","シトロエン","C3エアクロス","Refinad","Leather Series","seatcover","3","C0546-01","matched","matched","verified_product_page","https://seatcover.jp/c/citroen/c3aircross/refinad-00546",""
"febc78a542f1","ダイハツ","キャストスポーツ","Sandii","ドルチェ","seatcover","2","D0365-03","matched","matched","verified_product_page","https://seatcover.jp/c/seatcovermaker/sandii/sandii-dolce/sandii-dc00363",""
"a1c88c3b65a0","ダイハツ","キャストスポーツ","Refinad","Quilt Series","seatcover","4","D0365-03","matched","matched","verified_product_page","https://seatcover.jp/c/seatcovermaker/refinad/refinad-quilt/refinad-qs00363",""
"7f47ee152d6a","ダイハツ","キャストスタイル","Sandii","カヌレ","seatcover","5","D0365-03","matched","matched","no_direct_candidate","https://seatcover.jp/c/daihatsu/caststyle",""
"4874dc6ddb3e","ダイハツ","キャストスタイル","Sandii","ワッフル","seatcover","3","D0365-03","matched","matched","unverified","https://seatcover.jp/c/daihatsu/caststyle",""
"dcffedd2ad6a","ダイハツ","キャストスタイル","Sandii","カヌレグラッセ","seatcover","3","D0365-03","matched","matched","no_direct_candidate","https://seatcover.jp/c/daihatsu/caststyle",""
"ac076ce6a7bb","ダイハツ","キャストスタイル","Sandii","カヌレ","seatcover","2","D0365-03","matched","matched","no_direct_candidate","https://seatcover.jp/c/daihatsu/caststyle",""
"b153cdb34bfa","ダイハツ","キャストスタイル","Sandii","カヌレ","seatcover","2","D0365-02","matched","matched","no_direct_candidate","https://seatcover.jp/c/daihatsu/caststyle",""
"ab921102042a","ダイハツ","キャストスタイル","Sandii","カヌレグラッセ","seatcover","4","D0365-03","matched","matched","no_direct_candidate","https://seatcover.jp/c/daihatsu/caststyle",""
"8ad742c1dc07","ダイハツ","キャストスタイル","Refinad","Leather Series","seatcover","3","D0365-03","matched","matched","unverified","https://seatcover.jp/c/daihatsu/caststyle",""
"db90f90fb329","ダイハツ","ハイゼットカーゴ","Sandii","デニムサンド","seatcover","5","DH1-24","matched","matched","verified_product_page","https://seatcover.jp/c/seatcovermaker/sandii/denimsand/sandii-ds00474",""
"282b6c568103","ダイハツ","ハイゼットカーゴ","Sandii","マカロン","seatcover","3","DH1-24","matched","matched","verified_product_page","https://seatcover.jp/c/seatcovermaker/sandii/sandii-macaron/sandii-mc00474",""
"a18a49e63c9e","ダイハツ","ハイゼットカーゴ","Sandii","ワッフル","seatcover","3","DH1-24","matched","matched","verified_product_page","https://seatcover.jp/c/seatcovermaker/sandii/sandii-waffle/sandii-wf00474",""
"852180e8248e","ダイハツ","ハイゼットカーゴ","Sandii","オールドカヌレ","seatcover","4","DH1-24","matched","matched","verified_product_page","https://seatcover.jp/c/seatcovermaker/sandii/sandii-oldcanele/sandii-oc00474",""
"50e34632adf6","ダイハツ","ハイゼットカーゴ","Sandii","デニムサンド","seatcover","2","DH1-13","none","car_mismatch","unverified","https://seatcover.jp/f/match_renewal",""
"5accf5cb2334","ダイハツ","ハイゼットカーゴ","Refinad","Quilt Series","seatcover","3","DH1-22","matched","matched","verified_product_page","https://seatcover.jp/c/seatcovermaker/refinad/refinad-quilt/refinad-qs00474",""
"46054364458e","ダイハツ","ミラココア","Sandii","マカロン","seatcover","3","D0133-03","matched","matched","verified_product_page","https://seatcover.jp/c/daihatsu/miracocoa/sandii-mc00133",""
"2512e4766788","ダイハツ","ミラココア","Sandii","カヌレグラッセ","seatcover","3","D0133-03","matched","matched","verified_product_page","https://seatcover.jp/c/seatcovermaker/sandii/sandii-canelegrace/sandii-cg00133",""
"b3f1bf343c9e","ダイハツ","ミラココア","Sandii","カヌレグラッセ","seatcover","2","D0133-03","matched","matched","verified_product_page","https://seatcover.jp/c/seatcovermaker/sandii/sandii-canelegrace/sandii-cg00133",""
"8b5ffbeb30df","ダイハツ","ミラココア","Sandii","カヌレグラッセ","seatcover","4","D0133-05","matched","matched","verified_product_page","https://seatcover.jp/c/seatcovermaker/sandii/sandii-canelegrace/sandii-cg00133",""
"d5d8dbe0e0ab","ダイハツ","ミラココア","Sandii","カヌレグラッセ","seatcover","5","D0133-03","matched","matched","verified_product_page","https://seatcover.jp/c/seatcovermaker/sandii/sandii-canelegrace/sandii-cg00133",""
"21d0ef554f95","ダイハツ","ミラココア","Sandii","コロール","seatcover","3","D0133-05","matched","matched","no_direct_candidate","https://seatcover.jp/c/daihatsu/miracocoa",""
"aa1a2df1e659","ダイハツ","ミラココア","Sandii","コロール","seatcover","3","D0133-03","matched","matched","no_direct_candidate","https://seatcover.jp/c/daihatsu/miracocoa",""
"fc9f3f9c0905","ダイハツ","ミラココア","Refinad","Leather Series","seatcover","2","D0133-03","matched","matched","verified_product_page","https://seatcover.jp/c/daihatsu/miracocoa/refinad-00133",""
"23371ed2416b","ダイハツ","ムーヴコンテ","Sandii","ワッフル","seatcover","5","D0136-04","matched","matched","verified_product_page","https://seatcover.jp/c/daihatsu/moveconte/sandii-wf00136",""
"8b11e868649f","いすゞ","いすゞ ビッグホーンロング","Refinad","Leather Series","seatcover","2","IS1-01","none","car_mismatch","no_direct_candidate","https://seatcover.jp/c/isuzu/bighornlong",""
"8a1190e066c3","マツダ","アテンザスポーツ","Dotty","EURO-LUX","seatcover","7","","none","no_code","no_direct_candidate","https://seatcover.jp/c/mazda/atenzasports",""
"2395395f3433","MINI","MINIROVERMINI-GT","Dotty","シリーズ名の記載なし","seatcover","4","","none","no_code","no_direct_candidate","https://seatcover.jp/f/carlist_renewal.html",""
"181656e3830e","MINI","MINICROSSOVER","Sandii","コロール","seatcover","3","BM0205-05","matched","matched","no_direct_candidate","https://seatcover.jp/c/mini/minicrossover",""
"7522f9c2b673","MINI","MINICROSSOVER","Sandii","デニムサンド","seatcover","2","BM0205-05","matched","matched","verified_product_page","https://seatcover.jp/c/mini/minicrossover/sandii-ds00555",""
"975627d58337","三菱","ekクロス","Refinad","Leather Series","seatcover","4","MI0373-03","matched","matched","verified_product_page","https://seatcover.jp/c/mitsubishi/ekx/refinad-00525",""
"ae183f877ebe","三菱","ekスペース","Sandii","マカロン","seatcover","5","MI0372-03","matched","matched","verified_product_page","https://seatcover.jp/c/seatcovermaker/sandii/sandii-macaron/sandii-mc00372",""
"f37335d0ac74","三菱","ekスペース","Sandii","カヌレ","seatcover","4","MI0372-02","matched","matched","verified_product_page","https://seatcover.jp/c/mitsubishi/ekspace/sandii-cn00372",""
"3a5b953fbd46","三菱","ekスペース","Sandii","ビスキュイ","seatcover","3","MI0372-02","matched","matched","verified_product_page","https://seatcover.jp/c/mitsubishi/ekspace/sandii-bc00372",""
"ec2102d8bf40","三菱","グランディス","Dotty","LUXUR-SPOLT","seatcover","3","","none","no_code","no_direct_candidate","https://seatcover.jp/c/mitsubishi/grandis",""
"4433664343ab","三菱","ミニキャブバン","Sandii","コロール","seatcover","3","S0111-08","matched","matched","verified_product_page","https://seatcover.jp/c/mitsubishi/minicab/sandii-00166",""
"3c0b347a5362","三菱","タウンボックス","Sandii","カヌレ","seatcover","3","S0110-06","matched","matched","verified_product_page","https://seatcover.jp/c/mitsubishi/townbox/sandii-cn00412",""
"64c165de5066","三菱","タウンボックス","Sandii","カヌレグラッセ","seatcover","4","NS3-15","matched","matched","verified_product_page","https://seatcover.jp/c/mitsubishi/townbox/sandii-cg00412",""
"c868770d8ffc","三菱","タウンボックス","Sandii","カヌレグラッセ","seatcover","3","S0110-05","matched","matched","verified_product_page","https://seatcover.jp/c/mitsubishi/townbox/sandii-cg00412",""
"4a787a42315b","三菱","タウンボックス","Sandii","カヌレ","seatcover","3","MI0353-01","none","car_mismatch","unverified","https://seatcover.jp/f/match_renewal",""
"616604c951a3","三菱","タウンボックス","Refinad","Quilt Series","seatcover","2","NS3-15","matched","matched","verified_product_page","https://seatcover.jp/c/mitsubishi/townbox/refinad-qs00412",""
"9d96fca74e5f","三菱","タウンボックス","Refinad","Avant-Garde Series","seatcover","3","S0110-05","matched","matched","verified_product_page","https://seatcover.jp/c/mitsubishi/townbox/refinad-ag00412",""
"d27c440ada46","スズキ","ジムニーノマド","Refinad","Heritage","seatcover","10","","none","no_code","no_direct_candidate","https://seatcover.jp/c/suzuki/jimnynomade",""
"08ecf6e6647d","スズキ","ジムニーノマド","Sandii","オールドカヌレ","seatcover","5","","none","no_code","no_direct_candidate","https://seatcover.jp/c/suzuki/jimnynomade",""
"f9e473af4093","スズキ","ジムニーノマド","Sandii","カチナ","seatcover","5","","none","no_code","no_direct_candidate","https://seatcover.jp/c/suzuki/jimnynomade",""
"7810425cb479","スズキ","ジムニーノマド","Sandii","カヌレ","seatcover","4","","none","no_code","no_direct_candidate","https://seatcover.jp/c/suzuki/jimnynomade",""
"6a103e06a428","スズキ","ジムニーノマド","Sandii","デニムロール","seatcover","5","","none","no_code","no_direct_candidate","https://seatcover.jp/c/suzuki/jimnynomade",""
"1d1011ab1557","スズキ","ジムニーノマド","Sandii","デニムサンド","seatcover","5","","none","no_code","no_direct_candidate","https://seatcover.jp/c/suzuki/jimnynomade",""
"a6f1518700bd","スズキ","ジムニーノマド","Refinad","Leather Series","seatcover","5","","none","no_code","no_direct_candidate","https://seatcover.jp/c/suzuki/jimnynomade",""
"7fce0f7893a6","スズキ","ジムニーノマド","Refinad","Heritage Series","seatcover","5","","none","no_code","unverified","https://seatcover.jp/f/match_renewal",""
"d71512536c83","スズキ","ジムニーノマド","Refinad","Leather Deluxe Series","seatcover","3","","none","no_code","no_direct_candidate","https://seatcover.jp/c/suzuki/jimnynomade",""
"5c99f617d8f6","スズキ","ジムニーノマド","Refinad","Leather Deluxe Series","seatcover","5","","none","no_code","no_direct_candidate","https://seatcover.jp/c/suzuki/jimnynomade",""
"0045c9925b2a","スズキ","ジムニーノマド","Refinad","Harmonious Leather Series","seatcover","4","","none","no_code","no_direct_candidate","https://seatcover.jp/c/suzuki/jimnynomade",""
"fe61c19d9248","スズキ","ジムニーノマド","Refinad","Old Leather Series","seatcover","4","","none","no_code","no_direct_candidate","https://seatcover.jp/c/suzuki/jimnynomade",""
"a8912ed4127f","スズキ","ジムニーノマド","Refinad","Alcantara Series","seatcover","5","","none","no_code","no_direct_candidate","https://seatcover.jp/c/suzuki/jimnynomade",""
"49f6a39cd9db","スズキ","ジムニーノマド","Refinad","Heritage Mesh Series","seatcover","4","","none","no_code","no_direct_candidate","https://seatcover.jp/c/suzuki/jimnynomade",""
"a94f3a326979","スズキ","ジムニーノマド","Refinad","Avant-Garde Series","seatcover","1","","none","no_code","no_direct_candidate","https://seatcover.jp/c/suzuki/jimnynomade",""
"8ba4b6407fff","スズキ","ジムニーシエラ","Sandii","オールドカヌレ","seatcover","4","S0113-02","matched","matched","verified_product_page","https://seatcover.jp/c/suzuki/jimnysierra/sandii-oc00502",""
"e56db59c362c","スズキ","ジムニーシエラ","Sandii","カチナ","seatcover","4","S0113-02","matched","matched","verified_product_page","https://seatcover.jp/c/suzuki/jimnysierra/sandii-kp00502",""
"2be277bd9933","スズキ","ジムニーシエラ","Sandii","オールドカヌレ","seatcover","5","S0113-02","matched","matched","verified_product_page","https://seatcover.jp/c/suzuki/jimnysierra/sandii-oc00502",""
"541d199b4926","スズキ","ジムニーシエラ","Sandii","カチナ","seatcover","4","S0113-02","matched","matched","verified_product_page","https://seatcover.jp/c/suzuki/jimnysierra/sandii-kp00502",""
"80fcaf48f5de","スズキ","ジムニーシエラ","Sandii","デニムサンド","seatcover","3","S0113-02","matched","matched","verified_product_page","https://seatcover.jp/c/suzuki/jimnysierra/sandii-ds00502",""
"0a74c79d76da","スズキ","ジムニーシエラ","Sandii","カヌレ","seatcover","1","S0113-02","matched","matched","verified_product_page","https://seatcover.jp/c/suzuki/jimnysierra/sandii-cn00502",""
"45bd8c0b3542","スズキ","ジムニーシエラ","Sandii","カチナ","seatcover","4","S0113-02","matched","matched","verified_product_page","https://seatcover.jp/c/suzuki/jimnysierra/sandii-kp00502",""
"984667d79bf3","スズキ","ジムニーシエラ","Sandii","オールドカヌレ","seatcover","4","S0113-02","matched","matched","verified_product_page","https://seatcover.jp/c/suzuki/jimnysierra/sandii-oc00502",""
"3763eec5cb16","スズキ","ジムニーシエラ","Sandii","カチナ","seatcover","4","S0113-02","matched","matched","verified_product_page","https://seatcover.jp/c/suzuki/jimnysierra/sandii-kp00502",""
"00e4f011b439","スズキ","ジムニーシエラ","Sandii","カチナ","seatcover","4","S0113-02","matched","matched","verified_product_page","https://seatcover.jp/c/suzuki/jimnysierra/sandii-kp00502",""
"a577e42c5478","スズキ","ジムニーシエラ","Sandii","カチナ","seatcover","4","S0113-02","matched","matched","verified_product_page","https://seatcover.jp/c/suzuki/jimnysierra/sandii-kp00502",""
"14aed2637129","スズキ","ジムニーシエラ","Sandii","マカロン","seatcover","4","S0113-02","matched","matched","verified_product_page","https://seatcover.jp/c/suzuki/jimnysierra/sandii-mc00502",""
"367b93da6aec","スズキ","ジムニーシエラ","Sandii","カチナ","seatcover","4","S0113-02","matched","matched","verified_product_page","https://seatcover.jp/c/suzuki/jimnysierra/sandii-kp00502",""
"6dd7514cbfde","スズキ","ジムニーシエラ","Sandii","カチナ","seatcover","4","S0113-02","matched","matched","verified_product_page","https://seatcover.jp/c/suzuki/jimnysierra/sandii-kp00502",""
"a367b6693f43","スズキ","ジムニーシエラ","Sandii","カチナ","seatcover","4","S0113-02","matched","matched","verified_product_page","https://seatcover.jp/c/suzuki/jimnysierra/sandii-kp00502",""
"526569c621ed","スズキ","ジムニーシエラ","Sandii","カチナ","seatcover","2","S0113-02","matched","matched","verified_product_page","https://seatcover.jp/c/suzuki/jimnysierra/sandii-kp00502",""
"b9c378c9aaa6","スズキ","ジムニーシエラ","Sandii","カヌレ","seatcover","3","S0113-02","matched","matched","verified_product_page","https://seatcover.jp/c/suzuki/jimnysierra/sandii-cn00502",""
"0d91fde9aede","スズキ","ジムニーシエラ","Sandii","カチナ","seatcover","2","S0113-02","matched","matched","verified_product_page","https://seatcover.jp/c/suzuki/jimnysierra/sandii-kp00502",""
"4dd67c0256e7","スズキ","ジムニーシエラ","Sandii","オールドカヌレ","seatcover","5","S0113-02","matched","matched","verified_product_page","https://seatcover.jp/c/suzuki/jimnysierra/sandii-oc00502",""
"fe15e67df33e","スズキ","ジムニーシエラ","Sandii","ドルチェ","seatcover","4","S0113-02","matched","matched","verified_product_page","https://seatcover.jp/c/suzuki/jimnysierra/sandii-dc00502",""
"b2150996057b","スズキ","ジムニーシエラ","Sandii","コロール","seatcover","4","S0113-02","matched","matched","verified_product_page","https://seatcover.jp/c/suzuki/jimnysierra/sandii-00502",""
"476a63d93af2","スズキ","ジムニーシエラ","Sandii","エクレア","seatcover","3","S0113-02","matched","matched","verified_product_page","https://seatcover.jp/c/suzuki/jimnysierra/sandii-ec00502",""
"d90141cc7c36","スズキ","ジムニーシエラ","Sandii","デニムサンド","seatcover","3","S0113-02","matched","matched","verified_product_page","https://seatcover.jp/c/suzuki/jimnysierra/sandii-ds00502",""
"877a2fb1ea1d","スズキ","ジムニーシエラ","Sandii","カヌレグラッセ","seatcover","4","S0113-02","matched","matched","verified_product_page","https://seatcover.jp/c/suzuki/jimnysierra/sandii-cg00502",""
"75d3d04a0fe2","スズキ","ジムニーシエラ","Sandii","オールドカヌレ","seatcover","3","S0113-02","matched","matched","verified_product_page","https://seatcover.jp/c/suzuki/jimnysierra/sandii-oc00502",""
"96332338b3eb","スズキ","ジムニーシエラ","Sandii","オールドカヌレ","seatcover","4","S0113-02","matched","matched","verified_product_page","https://seatcover.jp/c/suzuki/jimnysierra/sandii-oc00502",""
"1e40c4e35d4b","スズキ","ジムニーシエラ","Sandii","マカロン","seatcover","3","S0113-02","matched","matched","verified_product_page","https://seatcover.jp/c/suzuki/jimnysierra/sandii-mc00502",""
"c7a5f3299ee0","スズキ","ジムニーシエラ","Sandii","オールドカヌレ","seatcover","3","S0113-02","matched","matched","verified_product_page","https://seatcover.jp/c/suzuki/jimnysierra/sandii-oc00502",""
"33a4db756c64","スズキ","ジムニーシエラ","Sandii","デニムサンド","seatcover","3","S0113-02","matched","matched","verified_product_page","https://seatcover.jp/c/suzuki/jimnysierra/sandii-ds00502",""
"00ff5e847255","スズキ","ジムニーシエラ","Sandii","デニムサンド","seatcover","3","S0113-02","matched","matched","verified_product_page","https://seatcover.jp/c/suzuki/jimnysierra/sandii-ds00502",""
"16280ad83d8a","スズキ","ジムニーシエラ","Sandii","マカロン","seatcover","2","S0113-02","matched","matched","verified_product_page","https://seatcover.jp/c/suzuki/jimnysierra/sandii-mc00502",""
"9ae0da090d69","スズキ","ジムニーシエラ","Sandii","オールドカヌレ","seatcover","2","S0113-02","matched","matched","verified_product_page","https://seatcover.jp/c/suzuki/jimnysierra/sandii-oc00502",""
"36df8516915e","スズキ","ジムニーシエラ","Sandii","カヌレグラッセ","seatcover","2","S0113-02","matched","matched","verified_product_page","https://seatcover.jp/c/suzuki/jimnysierra/sandii-cg00502",""
"a33a40b0048f","スズキ","ジムニーシエラ","Sandii","カヌレ","seatcover","3","S0113-02","matched","matched","verified_product_page","https://seatcover.jp/c/suzuki/jimnysierra/sandii-cn00502",""
"d2d14f1a8eee","スズキ","ジムニーシエラ","Sandii","マカロン","seatcover","2","S0113-02","matched","matched","verified_product_page","https://seatcover.jp/c/suzuki/jimnysierra/sandii-mc00502",""
"99fbd6630bec","スズキ","ジムニーシエラ","Sandii","オールドカヌレ","seatcover","3","S0113-02","matched","matched","verified_product_page","https://seatcover.jp/c/suzuki/jimnysierra/sandii-oc00502",""
"21045f46a210","スズキ","ジムニーシエラ","Sandii","オールドカヌレ","seatcover","2","S0113-02","matched","matched","verified_product_page","https://seatcover.jp/c/suzuki/jimnysierra/sandii-oc00502",""
"f154e72e2ebf","スズキ","ジムニーシエラ","Sandii","カヌレ","seatcover","2","S0113-02","matched","matched","verified_product_page","https://seatcover.jp/c/suzuki/jimnysierra/sandii-cn00502",""
"9467afe142c4","スズキ","ジムニーシエラ","Sandii","マカロン","seatcover","4","S0113-02","matched","matched","verified_product_page","https://seatcover.jp/c/suzuki/jimnysierra/sandii-mc00502",""
"49c26fd0c8de","スズキ","ジムニーシエラ","Sandii","ドルチェ","seatcover","2","S0113-02","matched","matched","verified_product_page","https://seatcover.jp/c/suzuki/jimnysierra/sandii-dc00502",""
"8d87f5c5b5e8","スズキ","ジムニーシエラ","Sandii","カヌレ","seatcover","2","S0113-02","matched","matched","verified_product_page","https://seatcover.jp/c/suzuki/jimnysierra/sandii-cn00502",""
"8f175827241a","スズキ","ジムニーシエラ","Refinad","Avant-Garde Series","seatcover","1","S0113-02","matched","matched","verified_product_page","https://seatcover.jp/c/suzuki/jimnysierra/refinad-ag00502",""
"8af8c0a86aa9","スズキ","ジムニーシエラ","Refinad","Leather Series","seatcover","4","S0113-02","matched","matched","verified_product_page","https://seatcover.jp/c/suzuki/jimnysierra/refinad-00502",""
"9da09dfe8340","スズキ","ジムニーシエラ","Refinad","Leather Deluxe Series","seatcover","4","S0113-02","matched","matched","verified_product_page","https://seatcover.jp/c/suzuki/jimnysierra/refinad-dx00502",""
"c9b9a3e0e63b","スズキ","ジムニーシエラ","Refinad","Leather Deluxe Series","seatcover","4","S0113-02","matched","matched","verified_product_page","https://seatcover.jp/c/suzuki/jimnysierra/refinad-dx00502",""
"d412d0d05e11","スズキ","ジムニーシエラ","Refinad","Exclusive Design Series","seatcover","4","S0113-02","matched","matched","verified_product_page","https://seatcover.jp/c/suzuki/jimnysierra/refinad-ex00502",""
"fb530323f96f","スズキ","ジムニーシエラ","Refinad","Leather Deluxe Series","seatcover","4","S0113-02","matched","matched","verified_product_page","https://seatcover.jp/c/suzuki/jimnysierra/refinad-dx00502",""
"601ca4f89056","スズキ","ジムニーシエラ","Refinad","Corduroy Series","seatcover","4","S0113-02","matched","matched","verified_product_page","https://seatcover.jp/c/suzuki/jimnysierra/refinad-cd00502",""
"0a9fa4465ede","スズキ","ジムニーシエラ","Refinad","Leather Deluxe Series","seatcover","5","S0113-02","matched","matched","verified_product_page","https://seatcover.jp/c/suzuki/jimnysierra/refinad-dx00502",""
"7d57d7fc232b","スズキ","ジムニーシエラ","Refinad","Exclusive Design Series","seatcover","4","S0113-02","matched","matched","verified_product_page","https://seatcover.jp/c/suzuki/jimnysierra/refinad-ex00502",""
"0ad032c58db7","スズキ","ジムニーシエラ","Refinad","Leather Deluxe Series","seatcover","4","S0113-02","matched","matched","verified_product_page","https://seatcover.jp/c/suzuki/jimnysierra/refinad-dx00502",""
"0ff4a91d4914","スズキ","ジムニーシエラ","Refinad","Leather Deluxe Series","seatcover","2","S0113-02","matched","matched","verified_product_page","https://seatcover.jp/c/suzuki/jimnysierra/refinad-dx00502",""
"8082542ba2b1","スズキ","ジムニーシエラ","Refinad","Harmonious Leather Series","seatcover","4","S0113-02","matched","matched","verified_product_page","https://seatcover.jp/c/suzuki/jimnysierra/refinad-hs00502",""
"1e59703ff4e8","スズキ","ジムニーシエラ","Refinad","Alcantara Series","seatcover","3","S0113-02","matched","matched","verified_product_page","https://seatcover.jp/c/suzuki/jimnysierra/refinad-al00502",""
"59413d54f705","スズキ","ジムニーシエラ","Refinad","Alcantara Series","seatcover","4","S0113-02","matched","matched","verified_product_page","https://seatcover.jp/c/suzuki/jimnysierra/refinad-al00502",""
"1852c5d1232f","スズキ","ジムニーシエラ","Refinad","Leather Deluxe Series","seatcover","4","S0113-02","matched","matched","verified_product_page","https://seatcover.jp/c/suzuki/jimnysierra/refinad-dx00502",""
"cd9da30d89ec","スズキ","ジムニーシエラ","Refinad","Leather Series","seatcover","4","S0113-02","matched","matched","verified_product_page","https://seatcover.jp/c/suzuki/jimnysierra/refinad-00502",""
"3d253df4b4dc","スズキ","ジムニーシエラ","Refinad","Leather Series","seatcover","4","S0113-02","matched","matched","verified_product_page","https://seatcover.jp/c/suzuki/jimnysierra/refinad-00502",""
"cf7e2ead8378","スズキ","ジムニーシエラ","Refinad","Exclusive Design Series","seatcover","4","S0113-02","matched","matched","verified_product_page","https://seatcover.jp/c/suzuki/jimnysierra/refinad-ex00502",""
"5df5890658b3","スズキ","ジムニーシエラ","Refinad","Exclusive Design Series","seatcover","3","S0113-02","matched","matched","verified_product_page","https://seatcover.jp/c/suzuki/jimnysierra/refinad-ex00502",""
"905374bd3428","スズキ","ジムニーシエラ","Refinad","Quilt Series","seatcover","2","S0113-02","matched","matched","verified_product_page","https://seatcover.jp/c/suzuki/jimnysierra/refinad-qs00502",""
"8172737d100f","スズキ","ジムニーシエラ","Refinad","Alcantara Series","seatcover","2","S0113-02","matched","matched","verified_product_page","https://seatcover.jp/c/suzuki/jimnysierra/refinad-al00502",""
"0d1427a823b1","スズキ","ジムニーシエラ","Refinad","Alcantara Series","seatcover","4","S0113-02","matched","matched","verified_product_page","https://seatcover.jp/c/suzuki/jimnysierra/refinad-al00502",""
"1f288a0e2389","スズキ","ジムニーシエラ","Refinad","Leather Deluxe Series","seatcover","3","S0113-02","matched","matched","verified_product_page","https://seatcover.jp/c/suzuki/jimnysierra/refinad-dx00502",""
"0edbac040dfa","スズキ","ジムニーシエラ","Refinad","Avant-Garde Series","seatcover","3","S0113-02","matched","matched","verified_product_page","https://seatcover.jp/c/suzuki/jimnysierra/refinad-ag00502",""
"8c552eaf2e54","スズキ","ジムニーシエラ","Refinad","Custom Series","seatcover","4","S0113-02","matched","matched","verified_product_page","https://seatcover.jp/c/suzuki/jimnysierra/refinad-cs00502",""
"e8549a1065f5","スズキ","ジムニーシエラ","Refinad","Leather Deluxe Series","seatcover","2","S0113-02","matched","matched","verified_product_page","https://seatcover.jp/c/suzuki/jimnysierra/refinad-dx00502",""
"a1b42240e3de","スズキ","ジムニーシエラ","Refinad","Avant-Garde Series","seatcover","2","S0113-02","matched","matched","verified_product_page","https://seatcover.jp/c/suzuki/jimnysierra/refinad-ag00502",""
"82844ac6a6de","スズキ","ジムニーシエラ","Refinad","Exclusive Design Series","seatcover","2","S0113-02","matched","matched","verified_product_page","https://seatcover.jp/c/suzuki/jimnysierra/refinad-ex00502",""
"300241598538","スズキ","ジムニーシエラ","Refinad","Leather Series","seatcover","3","S0113-02","matched","matched","verified_product_page","https://seatcover.jp/c/suzuki/jimnysierra/refinad-00502",""
"5a21060d0004","スズキ","ジムニーシエラ","Refinad","Leather Series","seatcover","5","S0113-02","matched","matched","verified_product_page","https://seatcover.jp/c/suzuki/jimnysierra/refinad-00502",""
"079c5f9b83b2","スズキ","ジムニーシエラ","Refinad","Leather Deluxe Series","seatcover","2","S0113-02","matched","matched","verified_product_page","https://seatcover.jp/c/suzuki/jimnysierra/refinad-dx00502",""
"40f02a50c215","スズキ","ジムニーシエラ","Refinad","Quilt Series","seatcover","4","S0113-02","matched","matched","verified_product_page","https://seatcover.jp/c/suzuki/jimnysierra/refinad-qs00502",""
"a14f956b3744","スズキ","ジムニーシエラ","Refinad","Avant-Garde Series","seatcover","2","S0113-02","matched","matched","verified_product_page","https://seatcover.jp/c/suzuki/jimnysierra/refinad-ag00502",""
"6a78e4f3420b","スズキ","ジムニーシエラ","Refinad","Leather Series","seatcover","2","S0113-02","matched","matched","verified_product_page","https://seatcover.jp/c/suzuki/jimnysierra/refinad-00502",""
"ef44f0a66dbd","スズキ","ジムニーシエラ","Refinad","Custom Series","seatcover","2","S0113-02","matched","matched","verified_product_page","https://seatcover.jp/c/suzuki/jimnysierra/refinad-cs00502",""
"23b023fa4530","スズキ","ジムニーシエラ","Refinad","シリーズ名の記載なし","seatcover","2","S0113-02","matched","matched","no_direct_candidate","https://seatcover.jp/c/suzuki/jimnysierra",""
"8b404732ab90","スズキ","ジムニーシエラ","Refinad","Leather Series","seatcover","2","S0113-02","matched","matched","verified_product_page","https://seatcover.jp/c/suzuki/jimnysierra/refinad-00502",""
"3933639427aa","スズキ","ジムニーシエラ","Refinad","Leather Series","seatcover","1","S0113-02","matched","matched","verified_product_page","https://seatcover.jp/c/suzuki/jimnysierra/refinad-00502",""
"2bf4f01d30dc","スズキ","ジムニーシエラ","Refinad","Exclusive Design Series","seatcover","3","S0113-02","matched","matched","verified_product_page","https://seatcover.jp/c/suzuki/jimnysierra/refinad-ex00502",""
"4fb333b1bb79","スズキ","ジムニーシエラ","Refinad","Leather Deluxe Series","seatcover","3","S0113-02","matched","matched","verified_product_page","https://seatcover.jp/c/suzuki/jimnysierra/refinad-dx00502",""
"0b623d10e3ca","スズキ","ジムニーシエラ","Refinad","Custom Series","seatcover","2","S0113-02","matched","matched","verified_product_page","https://seatcover.jp/c/suzuki/jimnysierra/refinad-cs00502",""
"1205fe235309","スズキ","ソリオバンディット","Sandii","マカロン","seatcover","4","S0116-11","matched","matched","verified_product_page","https://seatcover.jp/c/suzuki/soliobandit/sandii-mc00117",""
"d56a95123674","スズキ","ソリオバンディット","Sandii","エクレア","seatcover","4","S0116-11","matched","matched","verified_product_page","https://seatcover.jp/c/suzuki/soliobandit/sandii-ec00117",""
"fef55ab8ba3d","スズキ","ソリオバンディット","Sandii","コロール","seatcover","2","S0116-11","matched","matched","verified_product_page","https://seatcover.jp/c/seatcovermaker/sandii/sandii-color/sandii-00117",""
"d12016762e4f","スズキ","ソリオバンディット","Refinad","Leather Series","seatcover","5","S0116-11","matched","matched","verified_product_page","https://seatcover.jp/c/seatcovermaker/refinad/refinad-leather/refinad-00117",""
"9b4f3b30d718","スズキ","ソリオバンディット","Refinad","Alcantara Series","seatcover","4","S0116-11","matched","matched","verified_product_page","https://seatcover.jp/c/suzuki/soliobandit/refinad-al00117",""
"a6638cb47519","スズキ","ソリオバンディット","Refinad","Custom Series","seatcover","3","S0116-11","matched","matched","verified_product_page","https://seatcover.jp/c/suzuki/soliobandit/refinad-cs00117",""
"66e6b1df33fb","スズキ","ソリオバンディット","Refinad","Quilt Series","seatcover","2","S0116-11","matched","matched","verified_product_page","https://seatcover.jp/c/suzuki/soliobandit/refinad-qs00117",""
"99e269991b4c","スズキ","ソリオバンディット","Refinad","Leather Series","seatcover","3","S0116-11","matched","matched","verified_product_page","https://seatcover.jp/c/seatcovermaker/refinad/refinad-leather/refinad-00117",""
"2ecf26df58b1","スズキ","スイフトスポーツ","Sandii","エクレア","seatcover","2","S0115-02","matched","matched","verified_product_page","https://seatcover.jp/c/suzuki/swiftsports/sandii-ec00115",""
"be883d56559d","スズキ","スイフトスポーツ","Sandii","コロール","seatcover","2","S0115-02","matched","matched","no_direct_candidate","https://seatcover.jp/c/suzuki/swiftsports",""
"b675a98b9ba0","スズキ","スイフトスポーツ","Refinad","Leather Series","seatcover","5","S0114-07","none","car_mismatch","unverified","https://seatcover.jp/f/match_renewal",""
"cc7e085d72b5","スズキ","スイフトスポーツ","Refinad","Harmonious Leather Series","seatcover","4","S0115-02","matched","matched","verified_product_page","https://seatcover.jp/c/suzuki/swiftsports/refinad-hs00115",""
"bbf90e250b85","スズキ","スイフトスポーツ","Refinad","Leather Series","seatcover","5","S0114-07","none","car_mismatch","unverified","https://seatcover.jp/f/match_renewal",""
"7524a6c24eec","スズキ","スイフトスポーツ","Refinad","Custom Series","seatcover","5","S0115-02","matched","matched","verified_product_page","https://seatcover.jp/c/suzuki/swiftsports/refinad-cs00115",""
"a8afe5b82773","スズキ","スイフトスポーツ","Refinad","Harmonious Leather Series","seatcover","5","S0114-08","none","car_mismatch","unverified","https://seatcover.jp/f/match_renewal",""
"108c2c9f76e8","スズキ","スイフトスポーツ","Refinad","Avant-Garde Series","seatcover","5","S0115-02","matched","matched","verified_product_page","https://seatcover.jp/c/suzuki/swiftsports/refinad-ag00115",""
"fdfc448a3bdb","スズキ","スイフトスポーツ","Refinad","Avant-Garde Series","seatcover","4","S0115-02","matched","matched","verified_product_page","https://seatcover.jp/c/suzuki/swiftsports/refinad-ag00115",""
"c6aa7afc07c5","スズキ","スイフトスポーツ","Refinad","Leather Series","seatcover","3","S0115-02","matched","matched","verified_product_page","https://seatcover.jp/c/suzuki/swiftsports/refinad-00115",""
"60c5bc30aee9","スズキ","スイフトスポーツ","Refinad","Custom Series","seatcover","4","S0114-05","none","car_mismatch","unverified","https://seatcover.jp/f/match_renewal",""
"6c6ad5f756d8","スズキ","スイフトスポーツ","Refinad","Custom Series","seatcover","4","S0114-05","none","car_mismatch","unverified","https://seatcover.jp/f/match_renewal",""
"00c4582874b3","スズキ","スイフトスポーツ","Refinad","Custom Series","seatcover","3","S0114-05","none","car_mismatch","unverified","https://seatcover.jp/f/match_renewal",""
"c0a06e87cfea","スズキ","スイフトスポーツ","Refinad","Leather Deluxe Series","seatcover","3","S0115-02","matched","matched","verified_product_page","https://seatcover.jp/c/suzuki/swiftsports/refinad-dx00115",""
"7a95abcd8f94","スズキ","スイフトスポーツ","Refinad","Harmonious Leather Series","seatcover","3","S0114-08","none","car_mismatch","unverified","https://seatcover.jp/f/match_renewal",""
"c868c93f8d7a","スズキ","スイフトスポーツ","Refinad","Custom Series","seatcover","4","S0114-07","none","car_mismatch","unverified","https://seatcover.jp/f/match_renewal",""
"b3562ccd4541","スズキ","スイフトスポーツ","Refinad","Harmonious Leather Series","seatcover","3","S0114-08","none","car_mismatch","unverified","https://seatcover.jp/f/match_renewal",""
"814e4b1e4f19","スズキ","スイフトスポーツ","Refinad","Leather Deluxe Series","seatcover","3","S0114-05","none","car_mismatch","unverified","https://seatcover.jp/f/match_renewal",""
"d1f1fe26a244","スズキ","スイフトスポーツ","Refinad","Leather Series","seatcover","3","S0114-07","none","car_mismatch","unverified","https://seatcover.jp/f/match_renewal",""
"7a4314159cb8","スズキ","スイフトスポーツ","Refinad","Leather Deluxe Series","seatcover","3","S0115-02","matched","matched","verified_product_page","https://seatcover.jp/c/suzuki/swiftsports/refinad-dx00115",""
"706ab4c6d2ce","スズキ","スイフトスポーツ","Refinad","Avant-Garde Series","seatcover","2","S0115-02","matched","matched","verified_product_page","https://seatcover.jp/c/suzuki/swiftsports/refinad-ag00115",""
"21f648bea8c9","スズキ","スイフトスポーツ","Refinad","Leather Series","seatcover","2","S0115-02","matched","matched","verified_product_page","https://seatcover.jp/c/suzuki/swiftsports/refinad-00115",""
"eaa402aa09db","スズキ","スイフトスポーツ","Refinad","Harmonious Leather Series","seatcover","4","S0115-02","matched","matched","verified_product_page","https://seatcover.jp/c/suzuki/swiftsports/refinad-hs00115",""
"9f942ead57ce","スズキ","スイフトスポーツ","Refinad","Alcantara Series","seatcover","3","S0115-02","matched","matched","verified_product_page","https://seatcover.jp/c/suzuki/swiftsports/refinad-al00115",""
"e22226ab29db","スズキ","ワゴンＲスマイル","Sandii","ビスキュイ","seatcover","4","S0561-02","matched","matched","verified_product_page","https://seatcover.jp/c/suzuki/wagonrsmile/sandii-bc00561",""
"e84800d9692b","トヨタ","カローラアクシオ","Refinad","Leather Deluxe Series","seatcover","5","T0049-02","matched","matched","verified_product_page","https://seatcover.jp/c/toyota/carollaaxio/refinad-dx00049",""
"b983f9988cef","トヨタ","クラウンハイブリッド","Refinad","Leather Deluxe Series","seatcover","3","T0509-04","none","car_mismatch","unverified","https://seatcover.jp/f/match_renewal",""
"85b4c84cb444","トヨタ","ランドクルーザー200系","Dotty","EURO-LUX","seatcover","6","","none","no_code","no_direct_candidate","https://seatcover.jp/c/seatcovermaker/dotty/dotty-eurolux",""
"c5d8268a9fe1","トヨタ","ランドクルーザー200系","Dotty","LUXUR-SPOLT","seatcover","7","","none","no_code","no_direct_candidate","https://seatcover.jp/c/seatcovermaker/dotty/dotty-luxurspolt",""
"6e2cafb11cd5","トヨタ","ライズハイブリッド","Sandii","エクレア","seatcover","5","T0609-02","none","car_mismatch","unverified","https://seatcover.jp/f/match_renewal",""
"c150d3fc028a","トヨタ","ライズハイブリッド","Sandii","デニムサンド","seatcover","4","D0578-01","matched","matched","verified_product_page","https://seatcover.jp/c/seatcovermaker/sandii/denimsand/sandii-ds00575",""
"124f7616c4e9","トヨタ","ライズハイブリッド","Sandii","エクレア","seatcover","4","T0609-02","none","car_mismatch","unverified","https://seatcover.jp/f/match_renewal",""
"8e7dcef048db","トヨタ","ライズハイブリッド","Sandii","カチナ","seatcover","4","D0578-01","matched","matched","unverified","https://seatcover.jp/c/toyota/raizehybrid",""
"e7ae643a9916","トヨタ","ライズハイブリッド","Refinad","Custom Series","seatcover","4","D0578-01","matched","matched","unverified","https://seatcover.jp/f/match_renewal",""
"01e8b3c7397e","トヨタ","ライズハイブリッド","Refinad","Leather Series","seatcover","3","D0578-01","matched","matched","unverified","https://seatcover.jp/c/toyota/raizehybrid",""
"8d78b8bfc876","トヨタ","ライズハイブリッド","Refinad","Leather Series","seatcover","3","D0578-01","matched","matched","unverified","https://seatcover.jp/c/toyota/raizehybrid",""
"154681f3cde5","トヨタ","ヤリスハイブリッド","Refinad","Leather Deluxe Series","seatcover","4","T0557-01","matched","matched","verified_product_page","https://seatcover.jp/c/toyota/yarishybrid/refinad-dx00557",""
"db2d6ebc85f8","トヨタ","ヤリスハイブリッド","Refinad","Harmonious Leather Series","seatcover","4","T0557-03","matched","matched","verified_product_page","https://seatcover.jp/c/seatcovermaker/refinad/refinad-harmonious/refinad-hs00557",""
"2d95b4820a06","トヨタ","ヤリスハイブリッド","Refinad","Harmonious Leather Series","seatcover","4","T0557-01","matched","matched","verified_product_page","https://seatcover.jp/c/seatcovermaker/refinad/refinad-harmonious/refinad-hs00557",""
"4d76f7de4564","トヨタ","ヤリスハイブリッド","Refinad","Harmonious Leather Series","seatcover","3","T0557-01","matched","matched","verified_product_page","https://seatcover.jp/c/seatcovermaker/refinad/refinad-harmonious/refinad-hs00557",""
"0154e4e3b4d3","トヨタ","ヤリスハイブリッド","Refinad","Leather Deluxe Series","seatcover","4","T0557-01","matched","matched","verified_product_page","https://seatcover.jp/c/toyota/yarishybrid/refinad-dx00557",""
"97659da6571a","トヨタ","ヤリスハイブリッド","Refinad","Custom Series","seatcover","3","T0557-01","matched","matched","verified_product_page","https://seatcover.jp/c/seatcovermaker/refinad/refinad-custom/refinad-cs00557",""
"d2cc88e77c86","フォルクスワーゲン","ゴルフGTI","Dotty","LUXUR-SPOLT","seatcover","12","","none","no_code","no_direct_candidate","https://seatcover.jp/c/volkswagen/golfgti",""
"1ea8c027b09d","フォルクスワーゲン","VWポロ","Dotty","シリーズ名の記載なし","seatcover","9","","none","no_code","no_direct_candidate","https://seatcover.jp/f/carlist_renewal.html",""
"7c4277c55050","アウディ","A4アバント","Dotty","シリーズ名の記載なし","seatcover","3","","none","no_code","no_direct_candidate","https://seatcover.jp/c/audi/audia4",""
"67075d7a4c05","アウディ","A4アバント","Dotty","シリーズ名の記載なし","seatcover","6","","none","no_code","no_direct_candidate","https://seatcover.jp/c/audi/audia4",""
"885dcb382561","アウディ","TTクーペ","Dotty","シリーズ名の記載なし","seatcover","3","","none","no_code","no_direct_candidate","https://seatcover.jp/c/audi/auditt",""
"b997162204c0","BMW","BMW3Series","Dotty","シリーズ名の記載なし","seatcover","6","","none","no_code","no_direct_candidate","https://seatcover.jp/c/bmw/bmw3series",""
"41eb330d2c3b","ダイハツ","アトレーワゴン","Sandii","コロール","seatcover","3","D0124-01","matched","matched","no_direct_candidate","https://seatcover.jp/c/daihatsu/atraiwagon",""
"46694f56729c","ダイハツ","アトレーワゴン","Sandii","コロール","seatcover","3","D0580-01","none","car_mismatch","no_direct_candidate","https://seatcover.jp/c/daihatsu/atraiwagon",""
"7c49658f456e","ダイハツ","アトレーワゴン","Refinad","Leather Series","seatcover","2","D0124-01","matched","matched","verified_product_page","https://seatcover.jp/c/seatcovermaker/refinad/refinad-leather/refinad-00124",""
"9de475eb6c3d","ダイハツ","アトレーワゴン","Refinad","Leather Deluxe Series","seatcover","3","D0124-01","matched","matched","verified_product_page","https://seatcover.jp/c/seatcovermaker/refinad/refinad-leatherdx/refinad-dx00124",""
"6b88c109de8a","ダイハツ","アトレーワゴン","Refinad","Quilt Series","seatcover","3","D0124-01","matched","matched","verified_product_page","https://seatcover.jp/c/seatcovermaker/refinad/refinad-quilt/refinad-qs00124",""
"f77acb55b9a5","ダイハツ","キャストアクティバ","Sandii","ドルチェ","seatcover","2","D0365-03","matched","matched","verified_product_page","https://seatcover.jp/c/daihatsu/castactiva/sandii-dc00365",""
"0a3913c359c6","ダイハツ","コペンセロ","Dotty","EURO-LUX","seatcover","5","","none","no_code","no_direct_candidate","https://seatcover.jp/c/seatcovermaker/dotty/dotty-eurolux",""
"d3b153600ea0","ダイハツ","ムーヴキャンバス","Sandii","ドルチェ","seatcover","4","D0488-01","matched","matched","verified_product_page","https://seatcover.jp/c/daihatsu/movecanbus/sandii-dc00488",""
"3515f1cfa591","ダイハツ","ムーヴキャンバス","Sandii","カヌレグラッセ","seatcover","3","D0488-01","matched","matched","verified_product_page","https://seatcover.jp/c/daihatsu/movecanbus/sandii-cg00488",""
"2d802f0563e8","ダイハツ","ムーヴキャンバス","Sandii","ビスキュイ","seatcover","3","D0488-02","matched","matched","verified_product_page","https://seatcover.jp/c/daihatsu/movecanbus/sandii-bc00488",""
"5f79fdcfe7f2","ダイハツ","ムーヴキャンバス","Sandii","ワッフル","seatcover","4","D0488-01","matched","matched","verified_product_page","https://seatcover.jp/c/daihatsu/movecanbus/sandii-wf00488",""
"263e179deb8e","ダイハツ","ムーヴキャンバス","Sandii","ワッフル","seatcover","3","D0488-01","matched","matched","verified_product_page","https://seatcover.jp/c/daihatsu/movecanbus/sandii-wf00488",""
"9d24b914d743","ダイハツ","ムーヴキャンバス","Sandii","デニムロール","seatcover","1","D0488-01","matched","matched","verified_product_page","https://seatcover.jp/c/daihatsu/movecanbus/sandii-dr00488",""
"744cc1297e51","ダイハツ","ムーヴキャンバス","Sandii","ビスキュイ","seatcover","3","D0488-01","matched","matched","verified_product_page","https://seatcover.jp/c/daihatsu/movecanbus/sandii-bc00488",""
"450543468d86","ダイハツ","ムーヴキャンバス","Sandii","マカロン","seatcover","5","D0488-01","matched","matched","verified_product_page","https://seatcover.jp/c/daihatsu/movecanbus/sandii-mc00488",""
"ca96cb51301c","ダイハツ","ムーヴキャンバス","Sandii","カヌレグラッセ","seatcover","5","D0488-01","matched","matched","verified_product_page","https://seatcover.jp/c/daihatsu/movecanbus/sandii-cg00488",""
"ba6389fa19fc","ダイハツ","ムーヴキャンバス","Sandii","マカロン","seatcover","4","D0488-01","matched","matched","verified_product_page","https://seatcover.jp/c/daihatsu/movecanbus/sandii-mc00488",""
"a6488829472b","ダイハツ","ムーヴキャンバス","Sandii","マカロン","seatcover","4","D0488-01","matched","matched","verified_product_page","https://seatcover.jp/c/daihatsu/movecanbus/sandii-mc00488",""
"442de2c86fbc","ダイハツ","ムーヴキャンバス","Sandii","ビスキュイ","seatcover","4","D0488-01","matched","matched","verified_product_page","https://seatcover.jp/c/daihatsu/movecanbus/sandii-bc00488",""
"dee1552cf66e","ダイハツ","ムーヴキャンバス","Sandii","マカロン","seatcover","5","D0488-01","matched","matched","verified_product_page","https://seatcover.jp/c/daihatsu/movecanbus/sandii-mc00488",""
"ad840a057fef","ダイハツ","ムーヴキャンバス","Sandii","マカロン","seatcover","4","D0488-01","matched","matched","verified_product_page","https://seatcover.jp/c/daihatsu/movecanbus/sandii-mc00488",""
"76afe4c01147","ダイハツ","ムーヴキャンバス","Sandii","マカロン","seatcover","5","D0488-01","matched","matched","verified_product_page","https://seatcover.jp/c/daihatsu/movecanbus/sandii-mc00488",""
"6b3819f2aa9a","ダイハツ","ムーヴキャンバス","Sandii","マカロン","seatcover","5","D0488-01","matched","matched","verified_product_page","https://seatcover.jp/c/daihatsu/movecanbus/sandii-mc00488",""
"0421dc21b12a","ダイハツ","ムーヴキャンバス","Sandii","ビスキュイ","seatcover","4","D0488-01","matched","matched","verified_product_page","https://seatcover.jp/c/daihatsu/movecanbus/sandii-bc00488",""
"16509f03083c","ダイハツ","ムーヴキャンバス","Sandii","マカロン","seatcover","4","D0488-01","matched","matched","verified_product_page","https://seatcover.jp/c/daihatsu/movecanbus/sandii-mc00488",""
"958cf5473fcb","ダイハツ","ムーヴキャンバス","Sandii","マカロン","seatcover","4","D0488-01","matched","matched","verified_product_page","https://seatcover.jp/c/daihatsu/movecanbus/sandii-mc00488",""
"bed3474f6326","ダイハツ","ムーヴキャンバス","Sandii","ワッフル","seatcover","5","D0488-01","matched","matched","verified_product_page","https://seatcover.jp/c/daihatsu/movecanbus/sandii-wf00488",""
"909892798a0f","ダイハツ","ムーヴキャンバス","Sandii","キャンバス","seatcover","3","D0488-02","matched","matched","verified_product_page","https://seatcover.jp/c/daihatsu/movecanbus/sandii-cv00488",""
"2eaf4c2ca19f","ダイハツ","ムーヴキャンバス","Sandii","カヌレ","seatcover","5","D0488-01","matched","matched","verified_product_page","https://seatcover.jp/c/daihatsu/movecanbus/sandii-cn00488",""
"539584ced5c7","ダイハツ","ムーヴキャンバス","Sandii","マカロン","seatcover","5","D0488-01","matched","matched","verified_product_page","https://seatcover.jp/c/daihatsu/movecanbus/sandii-mc00488",""
"06a1fdaa7f78","ダイハツ","ムーヴキャンバス","Sandii","ビスキュイ","seatcover","5","D0488-01","matched","matched","verified_product_page","https://seatcover.jp/c/daihatsu/movecanbus/sandii-bc00488",""
"46d760ee23c6","ダイハツ","ムーヴキャンバス","Sandii","マカロン","seatcover","5","D0488-01","matched","matched","verified_product_page","https://seatcover.jp/c/daihatsu/movecanbus/sandii-mc00488",""
"4dd670a748f5","ダイハツ","ムーヴキャンバス","Sandii","ビスキュイ","seatcover","5","D0488-01","matched","matched","verified_product_page","https://seatcover.jp/c/daihatsu/movecanbus/sandii-bc00488",""
"d471ec554457","ダイハツ","ムーヴキャンバス","Sandii","カヌレ","seatcover","4","D0488-02","matched","matched","verified_product_page","https://seatcover.jp/c/daihatsu/movecanbus/sandii-cn00488",""
"aba0ace4cd99","ダイハツ","ムーヴキャンバス","Sandii","マカロン","seatcover","5","D0488-01","matched","matched","verified_product_page","https://seatcover.jp/c/daihatsu/movecanbus/sandii-mc00488",""
"6727c016495d","ダイハツ","ムーヴキャンバス","Sandii","マカロン","seatcover","4","D0488-01","matched","matched","verified_product_page","https://seatcover.jp/c/daihatsu/movecanbus/sandii-mc00488",""
"edf88b6a4b76","ダイハツ","ムーヴキャンバス","Sandii","マカロン","seatcover","4","D0488-01","matched","matched","verified_product_page","https://seatcover.jp/c/daihatsu/movecanbus/sandii-mc00488",""
"1bbc8bd4281f","ダイハツ","ムーヴキャンバス","Sandii","マカロン","seatcover","4","D0488-02","matched","matched","verified_product_page","https://seatcover.jp/c/daihatsu/movecanbus/sandii-mc00488",""
"b6c5b01e4f41","ダイハツ","ムーヴキャンバス","Sandii","カヌレグラッセ","seatcover","5","D0488-02","matched","matched","verified_product_page","https://seatcover.jp/c/daihatsu/movecanbus/sandii-cg00488",""
"f6c37de40c69","ダイハツ","ムーヴキャンバス","Sandii","マカロン","seatcover","4","D0488-01","matched","matched","verified_product_page","https://seatcover.jp/c/daihatsu/movecanbus/sandii-mc00488",""
"28522c88c39e","ダイハツ","ムーヴキャンバス","Sandii","ビスキュイ","seatcover","5","D0488-01","matched","matched","verified_product_page","https://seatcover.jp/c/daihatsu/movecanbus/sandii-bc00488",""
"de7fd6a50e54","ダイハツ","ムーヴキャンバス","Sandii","ワッフル","seatcover","5","D0488-01","matched","matched","verified_product_page","https://seatcover.jp/c/daihatsu/movecanbus/sandii-wf00488",""
"4f6762ff25cf","ダイハツ","ムーヴキャンバス","Sandii","マカロン","seatcover","5","D0488-02","matched","matched","verified_product_page","https://seatcover.jp/c/daihatsu/movecanbus/sandii-mc00488",""
"a4bac1e43596","ダイハツ","ムーヴキャンバス","Sandii","デニムサンド","seatcover","4","D0488-01","matched","matched","verified_product_page","https://seatcover.jp/c/daihatsu/movecanbus/sandii-ds00488",""
"236dc98ba6ba","ダイハツ","ムーヴキャンバス","Sandii","マカロン","seatcover","4","D0488-01","matched","matched","verified_product_page","https://seatcover.jp/c/daihatsu/movecanbus/sandii-mc00488",""
"10ea88a3c72c","ダイハツ","ムーヴキャンバス","Sandii","マカロン","seatcover","2","D0488-01","matched","matched","verified_product_page","https://seatcover.jp/c/daihatsu/movecanbus/sandii-mc00488",""
"ca8677fa1429","ダイハツ","ムーヴキャンバス","Sandii","ビスキュイ","seatcover","3","D0488-01","matched","matched","verified_product_page","https://seatcover.jp/c/daihatsu/movecanbus/sandii-bc00488",""
"2344b37c4020","ダイハツ","ムーヴキャンバス","Sandii","ビスキュイ","seatcover","4","D0488-01","matched","matched","verified_product_page","https://seatcover.jp/c/daihatsu/movecanbus/sandii-bc00488",""
"0c81eafb35ae","ダイハツ","ムーヴキャンバス","Sandii","マカロン","seatcover","3","D0488-01","matched","matched","verified_product_page","https://seatcover.jp/c/daihatsu/movecanbus/sandii-mc00488",""
"aed876183c5b","ダイハツ","ムーヴキャンバス","Sandii","マカロン","seatcover","4","D0488-02","matched","matched","verified_product_page","https://seatcover.jp/c/daihatsu/movecanbus/sandii-mc00488",""
"b2b9706e26dd","ダイハツ","ムーヴキャンバス","Sandii","ワッフル","seatcover","5","D0488-01","matched","matched","verified_product_page","https://seatcover.jp/c/daihatsu/movecanbus/sandii-wf00488",""
"9859365b7333","ダイハツ","ムーヴキャンバス","Sandii","ワッフル","seatcover","4","D0488-01","matched","matched","verified_product_page","https://seatcover.jp/c/daihatsu/movecanbus/sandii-wf00488",""
"045a84a85e0b","ダイハツ","ムーヴキャンバス","Sandii","ワッフル","seatcover","2","D0488-01","matched","matched","verified_product_page","https://seatcover.jp/c/daihatsu/movecanbus/sandii-wf00488",""
"e0ef1b191db8","ダイハツ","ムーヴキャンバス","Sandii","ワッフル","seatcover","4","D0488-02","matched","matched","verified_product_page","https://seatcover.jp/c/daihatsu/movecanbus/sandii-wf00488",""
"410c7e3a1a28","ダイハツ","ムーヴキャンバス","Sandii","マカロン","seatcover","4","D0488-01","matched","matched","verified_product_page","https://seatcover.jp/c/daihatsu/movecanbus/sandii-mc00488",""
"9ac9e58861a5","ダイハツ","ムーヴキャンバス","Sandii","ドルチェ","seatcover","4","D0488-01","matched","matched","verified_product_page","https://seatcover.jp/c/daihatsu/movecanbus/sandii-dc00488",""
"248b119bf4a7","ダイハツ","ムーヴキャンバス","Sandii","ドルチェ","seatcover","4","D0488-01","matched","matched","verified_product_page","https://seatcover.jp/c/daihatsu/movecanbus/sandii-dc00488",""
"b9719ccd797b","ダイハツ","ムーヴキャンバス","Sandii","マカロン","seatcover","4","D0488-01","matched","matched","verified_product_page","https://seatcover.jp/c/daihatsu/movecanbus/sandii-mc00488",""
"56b65a55cf27","ダイハツ","ムーヴキャンバス","Sandii","ビスキュイ","seatcover","3","D0488-01","matched","matched","verified_product_page","https://seatcover.jp/c/daihatsu/movecanbus/sandii-bc00488",""
"448502b88740","ダイハツ","ムーヴキャンバス","Sandii","ワッフル","seatcover","5","D0488-01","matched","matched","verified_product_page","https://seatcover.jp/c/daihatsu/movecanbus/sandii-wf00488",""
"f7827ed3ade0","ダイハツ","ムーヴキャンバス","Sandii","ワッフル","seatcover","3","D0488-02","matched","matched","verified_product_page","https://seatcover.jp/c/daihatsu/movecanbus/sandii-wf00488",""
"02c2965232db","ダイハツ","ムーヴキャンバス","Sandii","ビスキュイ","seatcover","4","D0488-02","matched","matched","verified_product_page","https://seatcover.jp/c/daihatsu/movecanbus/sandii-bc00488",""
"b82ce414423c","ダイハツ","ムーヴキャンバス","Sandii","マカロン","seatcover","4","D0488-01","matched","matched","verified_product_page","https://seatcover.jp/c/daihatsu/movecanbus/sandii-mc00488",""
"b4a59a49c7a4","ダイハツ","ムーヴキャンバス","Sandii","マカロン","seatcover","3","D0488-01","matched","matched","verified_product_page","https://seatcover.jp/c/daihatsu/movecanbus/sandii-mc00488",""
"610845ea138f","ダイハツ","ムーヴキャンバス","Sandii","マカロン","seatcover","5","D0488-01","matched","matched","verified_product_page","https://seatcover.jp/c/daihatsu/movecanbus/sandii-mc00488",""
"5243403cc6cf","ダイハツ","ムーヴキャンバス","Sandii","ビスキュイ","seatcover","5","D0488-02","matched","matched","verified_product_page","https://seatcover.jp/c/daihatsu/movecanbus/sandii-bc00488",""
"b61abcda30d2","ダイハツ","ムーヴキャンバス","Sandii","ドルチェ","seatcover","4","D0488-01","matched","matched","verified_product_page","https://seatcover.jp/c/daihatsu/movecanbus/sandii-dc00488",""
"2daf55ed7758","ダイハツ","ムーヴキャンバス","Sandii","ワッフル","seatcover","3","D0488-02","matched","matched","verified_product_page","https://seatcover.jp/c/daihatsu/movecanbus/sandii-wf00488",""
"eabdc486a97a","ダイハツ","ムーヴキャンバス","Sandii","ワッフル","seatcover","3","D0488-02","matched","matched","verified_product_page","https://seatcover.jp/c/daihatsu/movecanbus/sandii-wf00488",""
"cf41075b8c77","ダイハツ","ムーヴキャンバス","Sandii","ビスキュイ","seatcover","5","D0488-02","matched","matched","verified_product_page","https://seatcover.jp/c/daihatsu/movecanbus/sandii-bc00488",""
"de60a445cd83","ダイハツ","ムーヴキャンバス","Sandii","マカロン","seatcover","3","D0488-01","matched","matched","verified_product_page","https://seatcover.jp/c/daihatsu/movecanbus/sandii-mc00488",""
"54f0d5ba5c87","ダイハツ","ムーヴキャンバス","Sandii","マカロン","seatcover","4","D0488-02","matched","matched","verified_product_page","https://seatcover.jp/c/daihatsu/movecanbus/sandii-mc00488",""
"4ba6bd09a407","ダイハツ","ムーヴキャンバス","Sandii","マカロン","seatcover","5","D0488-02","matched","matched","verified_product_page","https://seatcover.jp/c/daihatsu/movecanbus/sandii-mc00488",""
"880f1be65d07","ダイハツ","ムーヴキャンバス","Sandii","ビスキュイ","seatcover","5","D0488-02","matched","matched","verified_product_page","https://seatcover.jp/c/daihatsu/movecanbus/sandii-bc00488",""
"832f40b9e5a9","ダイハツ","ムーヴキャンバス","Sandii","マカロン","seatcover","4","D0488-01","matched","matched","verified_product_page","https://seatcover.jp/c/daihatsu/movecanbus/sandii-mc00488",""
"4b40778e3c89","ダイハツ","ムーヴキャンバス","Sandii","マカロン","seatcover","4","D0488-02","matched","matched","verified_product_page","https://seatcover.jp/c/daihatsu/movecanbus/sandii-mc00488",""
"7c9a7ccc4155","ダイハツ","ムーヴキャンバス","Sandii","ワッフル","seatcover","3","D0488-02","matched","matched","verified_product_page","https://seatcover.jp/c/daihatsu/movecanbus/sandii-wf00488",""
"6969157e8c80","ダイハツ","ムーヴキャンバス","Sandii","マカロン","seatcover","4","D0488-01","matched","matched","verified_product_page","https://seatcover.jp/c/daihatsu/movecanbus/sandii-mc00488",""
"8c13723b6786","ダイハツ","ムーヴキャンバス","Sandii","マカロン","seatcover","3","D0488-01","matched","matched","verified_product_page","https://seatcover.jp/c/daihatsu/movecanbus/sandii-mc00488",""
"500c40cd42ed","ダイハツ","ムーヴキャンバス","Sandii","ワッフル","seatcover","3","D0488-01","matched","matched","verified_product_page","https://seatcover.jp/c/daihatsu/movecanbus/sandii-wf00488",""
"5a6c0419f934","ダイハツ","ムーヴキャンバス","Sandii","カヌレグラッセ","seatcover","3","D0488-01","matched","matched","verified_product_page","https://seatcover.jp/c/daihatsu/movecanbus/sandii-cg00488",""
"567c2450c055","ダイハツ","ムーヴキャンバス","Sandii","ビスキュイ","seatcover","5","D0488-01","matched","matched","verified_product_page","https://seatcover.jp/c/daihatsu/movecanbus/sandii-bc00488",""
"3997dc5821ad","ダイハツ","ムーヴキャンバス","Sandii","マカロン","seatcover","6","D0488-01","matched","matched","verified_product_page","https://seatcover.jp/c/daihatsu/movecanbus/sandii-mc00488",""
"44437e123b11","ダイハツ","ムーヴキャンバス","Sandii","マカロン","seatcover","4","D0488-01","matched","matched","verified_product_page","https://seatcover.jp/c/daihatsu/movecanbus/sandii-mc00488",""
"56ba852196cc","ダイハツ","ムーヴキャンバス","Sandii","マカロン","seatcover","4","D0488-01","matched","matched","verified_product_page","https://seatcover.jp/c/daihatsu/movecanbus/sandii-mc00488",""
"d676f6767f95","ダイハツ","ムーヴキャンバス","Sandii","ワッフル","seatcover","3","D0488-01","matched","matched","verified_product_page","https://seatcover.jp/c/daihatsu/movecanbus/sandii-wf00488",""
"6cc517ab726e","ダイハツ","ムーヴキャンバス","Sandii","デニムサンド","seatcover","4","D0488-01","matched","matched","verified_product_page","https://seatcover.jp/c/daihatsu/movecanbus/sandii-ds00488",""
"66ef03a08e50","ダイハツ","ムーヴキャンバス","Sandii","ワッフル","seatcover","4","D0488-02","matched","matched","verified_product_page","https://seatcover.jp/c/daihatsu/movecanbus/sandii-wf00488",""
"9356cdaba845","ダイハツ","ムーヴキャンバス","Sandii","ドルチェ","seatcover","3","D0488-01","matched","matched","verified_product_page","https://seatcover.jp/c/daihatsu/movecanbus/sandii-dc00488",""
"4b89fb97cf9e","ダイハツ","ムーヴキャンバス","Sandii","マカロン","seatcover","3","D0488-02","matched","matched","verified_product_page","https://seatcover.jp/c/daihatsu/movecanbus/sandii-mc00488",""
"d1316e1e1efa","ダイハツ","ムーヴキャンバス","Sandii","マカロン","seatcover","4","D0488-01","matched","matched","verified_product_page","https://seatcover.jp/c/daihatsu/movecanbus/sandii-mc00488",""
"01b1eb1d22dc","ダイハツ","ムーヴキャンバス","Sandii","マカロン","seatcover","4","D0488-01","matched","matched","verified_product_page","https://seatcover.jp/c/daihatsu/movecanbus/sandii-mc00488",""
"98cb2ce1d992","ダイハツ","ムーヴキャンバス","Sandii","カヌレ","seatcover","3","D0488-02","matched","matched","verified_product_page","https://seatcover.jp/c/daihatsu/movecanbus/sandii-cn00488",""
"bc5092f42625","ダイハツ","ムーヴキャンバス","Sandii","ビスキュイ","seatcover","3","D0488-01","matched","matched","verified_product_page","https://seatcover.jp/c/daihatsu/movecanbus/sandii-bc00488",""
"e5a6738275a7","ダイハツ","ムーヴキャンバス","Sandii","ワッフル","seatcover","3","D0488-01","matched","matched","verified_product_page","https://seatcover.jp/c/daihatsu/movecanbus/sandii-wf00488",""
"663bf8767fa8","ダイハツ","ムーヴキャンバス","Sandii","ドルチェ","seatcover","3","D0488-01","matched","matched","verified_product_page","https://seatcover.jp/c/daihatsu/movecanbus/sandii-dc00488",""
"ba17b33ec51c","ダイハツ","ムーヴキャンバス","Sandii","マカロン","seatcover","2","D0488-01","matched","matched","verified_product_page","https://seatcover.jp/c/daihatsu/movecanbus/sandii-mc00488",""
"0c78ad1d5fac","ダイハツ","ムーヴキャンバス","Sandii","マカロン","seatcover","3","D0488-02","matched","matched","verified_product_page","https://seatcover.jp/c/daihatsu/movecanbus/sandii-mc00488",""
"101f937030f9","ダイハツ","ムーヴキャンバス","Sandii","マカロン","seatcover","3","D0488-01","matched","matched","verified_product_page","https://seatcover.jp/c/daihatsu/movecanbus/sandii-mc00488",""
"d0875f64e4b1","ダイハツ","ムーヴキャンバス","Sandii","マカロン","seatcover","3","D0488-01","matched","matched","verified_product_page","https://seatcover.jp/c/daihatsu/movecanbus/sandii-mc00488",""
"c0d22b011c41","ダイハツ","ムーヴキャンバス","Sandii","カヌレ","seatcover","3","D0488-01","matched","matched","verified_product_page","https://seatcover.jp/c/daihatsu/movecanbus/sandii-cn00488",""
"be3422008311","ダイハツ","ムーヴキャンバス","Sandii","マカロン","seatcover","3","D0488-01","matched","matched","verified_product_page","https://seatcover.jp/c/daihatsu/movecanbus/sandii-mc00488",""
"e098146d91b5","ダイハツ","ムーヴキャンバス","Sandii","マカロン","seatcover","3","D0488-01","matched","matched","verified_product_page","https://seatcover.jp/c/daihatsu/movecanbus/sandii-mc00488",""
"cab8c5859935","ダイハツ","ムーヴキャンバス","Sandii","マカロン","seatcover","2","D0488-01","matched","matched","verified_product_page","https://seatcover.jp/c/daihatsu/movecanbus/sandii-mc00488",""
"d4dd1aee7c94","ダイハツ","ムーヴキャンバス","Sandii","ビスキュイ","seatcover","3","D0488-01","matched","matched","verified_product_page","https://seatcover.jp/c/daihatsu/movecanbus/sandii-bc00488",""
"9fcfff416db3","ダイハツ","ムーヴキャンバス","Sandii","カヌレ","seatcover","2","D0488-01","matched","matched","verified_product_page","https://seatcover.jp/c/daihatsu/movecanbus/sandii-cn00488",""
"b526e6ae6388","ダイハツ","ムーヴキャンバス","Sandii","マカロン","seatcover","2","D0488-01","matched","matched","verified_product_page","https://seatcover.jp/c/daihatsu/movecanbus/sandii-mc00488",""
"c1802f74bfb0","ダイハツ","ムーヴキャンバス","Sandii","マカロン","seatcover","4","D0488-01","matched","matched","verified_product_page","https://seatcover.jp/c/daihatsu/movecanbus/sandii-mc00488",""
"426ac46c3f21","ダイハツ","ムーヴキャンバス","Sandii","マカロン","seatcover","1","D0488-01","matched","matched","verified_product_page","https://seatcover.jp/c/daihatsu/movecanbus/sandii-mc00488",""
"8a07978ee985","ダイハツ","ムーヴキャンバス","Sandii","ワッフル","seatcover","2","D0488-01","matched","matched","verified_product_page","https://seatcover.jp/c/daihatsu/movecanbus/sandii-wf00488",""
"5c40f8057d73","ダイハツ","ムーヴキャンバス","Sandii","マカロン","seatcover","3","D0488-01","matched","matched","verified_product_page","https://seatcover.jp/c/daihatsu/movecanbus/sandii-mc00488",""
"9e2495c6827f","ダイハツ","ムーヴキャンバス","Sandii","ビスキュイ","seatcover","3","D0488-01","matched","matched","verified_product_page","https://seatcover.jp/c/daihatsu/movecanbus/sandii-bc00488",""
"0c71411c885d","ダイハツ","ムーヴキャンバス","Sandii","マカロン","seatcover","2","D0488-01","matched","matched","verified_product_page","https://seatcover.jp/c/daihatsu/movecanbus/sandii-mc00488",""
"771ec1c1a206","ダイハツ","ムーヴキャンバス","Sandii","マカロン","seatcover","7","D0488-01","matched","matched","verified_product_page","https://seatcover.jp/c/daihatsu/movecanbus/sandii-mc00488",""
"cff93884b612","ダイハツ","ムーヴキャンバス","Sandii","マカロン","seatcover","2","D0488-01","matched","matched","verified_product_page","https://seatcover.jp/c/daihatsu/movecanbus/sandii-mc00488",""
"137e3c2f6bfa","ダイハツ","ムーヴキャンバス","Sandii","マカロン","seatcover","2","D0488-01","matched","matched","verified_product_page","https://seatcover.jp/c/daihatsu/movecanbus/sandii-mc00488",""
"04d68490cffe","ダイハツ","ムーヴキャンバス","Sandii","ワッフル","seatcover","2","D0488-01","matched","matched","verified_product_page","https://seatcover.jp/c/daihatsu/movecanbus/sandii-wf00488",""
"2711e24f03fa","ダイハツ","ムーヴキャンバス","Sandii","カヌレ","seatcover","3","D0488-01","matched","matched","verified_product_page","https://seatcover.jp/c/daihatsu/movecanbus/sandii-cn00488",""
"b325a85665c8","ダイハツ","ムーヴキャンバス","Sandii","カヌレグラッセ","seatcover","4","D0488-01","matched","matched","verified_product_page","https://seatcover.jp/c/daihatsu/movecanbus/sandii-cg00488",""
"4fd98293a701","ダイハツ","ムーヴキャンバス","Sandii","カヌレグラッセ","seatcover","4","D0488-01","matched","matched","verified_product_page","https://seatcover.jp/c/daihatsu/movecanbus/sandii-cg00488",""
"6457bd61a15d","ダイハツ","ムーヴキャンバス","Sandii","マカロン","seatcover","2","D0488-01","matched","matched","verified_product_page","https://seatcover.jp/c/daihatsu/movecanbus/sandii-mc00488",""
"994ac486d704","ダイハツ","ムーヴキャンバス","Sandii","カヌレグラッセ","seatcover","2","D0488-01","matched","matched","verified_product_page","https://seatcover.jp/c/daihatsu/movecanbus/sandii-cg00488",""
"34d26b8099a2","ダイハツ","ムーヴキャンバス","Sandii","ドルチェ","seatcover","2","D0488-01","matched","matched","verified_product_page","https://seatcover.jp/c/daihatsu/movecanbus/sandii-dc00488",""
"f654f1e2f6ba","ダイハツ","ムーヴキャンバス","Sandii","ドルチェ","seatcover","4","D0488-01","matched","matched","verified_product_page","https://seatcover.jp/c/daihatsu/movecanbus/sandii-dc00488",""
"0040692b6bdd","ダイハツ","ムーヴキャンバス","Sandii","カヌレ","seatcover","2","D0488-01","matched","matched","verified_product_page","https://seatcover.jp/c/daihatsu/movecanbus/sandii-cn00488",""
"7184f920cb59","ダイハツ","ムーヴキャンバス","Sandii","ワッフル","seatcover","2","D0488-01","matched","matched","verified_product_page","https://seatcover.jp/c/daihatsu/movecanbus/sandii-wf00488",""
"13cbcd6659e8","ダイハツ","ムーヴキャンバス","Sandii","ワッフル","seatcover","3","D0488-01","matched","matched","verified_product_page","https://seatcover.jp/c/daihatsu/movecanbus/sandii-wf00488",""
"b2760d316109","ダイハツ","ムーヴキャンバス","Sandii","マカロン","seatcover","2","D0488-01","matched","matched","verified_product_page","https://seatcover.jp/c/daihatsu/movecanbus/sandii-mc00488",""
"aa4fa977f422","ダイハツ","ムーヴキャンバス","Sandii","マカロン","seatcover","2","D0488-01","matched","matched","verified_product_page","https://seatcover.jp/c/daihatsu/movecanbus/sandii-mc00488",""
"c2adfd91caba","ダイハツ","ムーヴキャンバス","Sandii","マカロン","seatcover","3","D0488-01","matched","matched","verified_product_page","https://seatcover.jp/c/daihatsu/movecanbus/sandii-mc00488",""
"0fb5f01fca45","ダイハツ","ムーヴキャンバス","Sandii","マカロン","seatcover","2","D0488-01","matched","matched","verified_product_page","https://seatcover.jp/c/daihatsu/movecanbus/sandii-mc00488",""
"8e5c3805534c","ダイハツ","ムーヴキャンバス","Sandii","マカロン","seatcover","3","D0488-01","matched","matched","verified_product_page","https://seatcover.jp/c/daihatsu/movecanbus/sandii-mc00488",""
"5392dd899c34","ダイハツ","ムーヴキャンバス","Sandii","ワッフル","seatcover","3","D0488-01","matched","matched","verified_product_page","https://seatcover.jp/c/daihatsu/movecanbus/sandii-wf00488",""
"643fafc6f335","ダイハツ","ムーヴキャンバス","Sandii","コロール","seatcover","2","D0488-01","matched","matched","no_direct_candidate","https://seatcover.jp/c/daihatsu/movecanbus",""
"dd90d5c9a23f","ダイハツ","ムーヴキャンバス","Sandii","ワッフル","seatcover","3","D0488-01","matched","matched","verified_product_page","https://seatcover.jp/c/daihatsu/movecanbus/sandii-wf00488",""
"50c142e04e2c","ダイハツ","ムーヴキャンバス","Sandii","カヌレ","seatcover","2","D0488-01","matched","matched","verified_product_page","https://seatcover.jp/c/daihatsu/movecanbus/sandii-cn00488",""
"1a8d77b32d3e","ダイハツ","ムーヴキャンバス","Sandii","ワッフル","seatcover","3","D0488-01","matched","matched","verified_product_page","https://seatcover.jp/c/daihatsu/movecanbus/sandii-wf00488",""
"c3033b3da02d","ダイハツ","ムーヴキャンバス","Sandii","カヌレグラッセ","seatcover","3","D0488-01","matched","matched","verified_product_page","https://seatcover.jp/c/daihatsu/movecanbus/sandii-cg00488",""
"b7a8dec50d02","ダイハツ","ムーヴキャンバス","Sandii","ドルチェ","seatcover","2","D0488-01","matched","matched","verified_product_page","https://seatcover.jp/c/daihatsu/movecanbus/sandii-dc00488",""
"d3360671fde2","ダイハツ","ムーヴキャンバス","Sandii","カヌレグラッセ","seatcover","2","D0488-01","matched","matched","verified_product_page","https://seatcover.jp/c/daihatsu/movecanbus/sandii-cg00488",""
"3d0b589cb889","ダイハツ","ムーヴキャンバス","Sandii","マカロン","seatcover","3","D0488-01","matched","matched","verified_product_page","https://seatcover.jp/c/daihatsu/movecanbus/sandii-mc00488",""
"bfc52e167425","ダイハツ","ムーヴキャンバス","Sandii","ワッフル","seatcover","4","D0488-01","matched","matched","verified_product_page","https://seatcover.jp/c/daihatsu/movecanbus/sandii-wf00488",""
"a7489b0b16d2","ダイハツ","ムーヴキャンバス","Sandii","ワッフル","seatcover","2","D0488-01","matched","matched","verified_product_page","https://seatcover.jp/c/daihatsu/movecanbus/sandii-wf00488",""
"2715e70dfc6f","ダイハツ","ムーヴキャンバス","Refinad","Harmonious Leather Series","seatcover","4","D0488-01","matched","matched","verified_product_page","https://seatcover.jp/c/daihatsu/movecanbus/refinad-hs00488",""
"47238f365da7","ダイハツ","ムーヴキャンバス","Refinad","Leather Series","seatcover","4","D0488-01","matched","matched","verified_product_page","https://seatcover.jp/c/daihatsu/movecanbus/refinad-00488",""
"7358a9439aee","ダイハツ","ムーヴキャンバス","Refinad","Leather Deluxe Series","seatcover","3","D0488-01","matched","matched","verified_product_page","https://seatcover.jp/c/daihatsu/movecanbus/refinad-dx00488",""
"18edfe9d59f9","ダイハツ","ムーヴキャンバス","Refinad","Harmonious Leather Series","seatcover","3","D0488-02","matched","matched","verified_product_page","https://seatcover.jp/c/daihatsu/movecanbus/refinad-hs00488",""
"4210e04016ba","ダイハツ","ムーヴキャンバス","Refinad","Leather Deluxe Series","seatcover","2","D0488-02","matched","matched","verified_product_page","https://seatcover.jp/c/daihatsu/movecanbus/refinad-dx00488",""
"38a2dfd27e45","ダイハツ","ムーヴキャンバス","Refinad","Harmonious Leather Series","seatcover","2","D0133-03","none","car_mismatch","unverified","https://seatcover.jp/f/match_renewal",""
"103e426f991f","ダイハツ","ムーヴ・カスタム","Dotty","DIA-GT","seatcover","4","","none","no_code","no_direct_candidate","https://seatcover.jp/c/daihatsu/movecustom",""
"403e71939b98","ホンダ","オデッセイハイブリッド","Refinad","Harmonious Leather Series","seatcover","5","H0063-25","matched","matched","verified_product_page","https://seatcover.jp/c/honda/odysseyhybrid/refinad-hs00380",""
"f6fc19d7e01a","ホンダ","オデッセイハイブリッド","Refinad","Leather Deluxe Series","seatcover","5","H0063-31","matched","matched","verified_product_page","https://seatcover.jp/c/seatcovermaker/refinad/refinad-leatherdx/refinad-dx00380",""
"7cc18a1aeabc","ホンダ","オデッセイハイブリッド","Refinad","Leather Series","seatcover","4","H0063-14","none","car_mismatch","unverified","https://seatcover.jp/f/match_renewal",""
"265974af818f","ホンダ","オデッセイハイブリッド","Refinad","Harmonious Leather Series","seatcover","3","H0063-25","matched","matched","verified_product_page","https://seatcover.jp/c/honda/odysseyhybrid/refinad-hs00380",""
"2a25bd01ac28","ホンダ","オデッセイハイブリッド","Refinad","Harmonious Leather Series","seatcover","3","H0063-19","matched","matched","verified_product_page","https://seatcover.jp/c/honda/odysseyhybrid/refinad-hs00380",""
"a436d522820a","ホンダ","オデッセイハイブリッド","Refinad","Avant-Garde Series","seatcover","3","H0063-24","matched","matched","verified_product_page","https://seatcover.jp/c/seatcovermaker/refinad/refinad-avantgarde/refinad-ag00380",""
"19dec5bb218c","ホンダ","オデッセイハイブリッド","Refinad","Custom Series","seatcover","4","H0063-24","matched","matched","verified_product_page","https://seatcover.jp/c/honda/odysseyhybrid/refinad-cs00380",""
"9d99dc85faff","ホンダ","オデッセイハイブリッド","Refinad","Alcantara Series","seatcover","4","H0063-24","matched","matched","verified_product_page","https://seatcover.jp/c/honda/odysseyhybrid/refinad-al00380",""
"d1c1c307b33e","ジープ","JEEPラングラー","Dotty","シリーズ名の記載なし","seatcover","6","","none","no_code","no_direct_candidate","https://seatcover.jp/c/jeep/jeepwrangler",""
"7cba68af1091","MINI","MINIクロスオーバー","Sandii","マカロン","seatcover","3","BM0205-05","none","car_mismatch","verified_product_page","https://seatcover.jp/c/mini/minicrossover/sandii-mc00555",""
"805a4622af8e","MINI","MINIクロスオーバー","Refinad","Leather Series","seatcover","5","BM0555-10","none","car_mismatch","verified_product_page","https://seatcover.jp/c/mini/minicrossover/refinad-00555",""
"9af3c177aced","MINI","MINIclubman(R55)","Dotty","EURO-LUX","seatcover","5","","none","no_code","no_direct_candidate","https://seatcover.jp/c/seatcovermaker/dotty/dotty-eurolux",""
"a7f55639ce6f","三菱","デリカD:5","Refinad","Leather Deluxe Series","seatcover","2","MI0164-12","matched","matched","verified_product_page","https://seatcover.jp/c/mitsubishi/delicad5/refinad-dx00164",""
"7491bb5cca44","三菱","デリカD:5","Sandii","オールドカヌレ","seatcover","5","MI0164-09","matched","matched","verified_product_page","https://seatcover.jp/c/mitsubishi/delicad5/sandii-oc00164",""
"d0b4ee30d829","三菱","デリカD:5","Sandii","デニムサンド","seatcover","5","MI0164-13","matched","matched","verified_product_page","https://seatcover.jp/c/mitsubishi/delicad5/sandii-ds00164",""
"c87d0a1d9f70","三菱","デリカD:5","Sandii","エクレア","seatcover","5","MI0164-09","matched","matched","verified_product_page","https://seatcover.jp/c/mitsubishi/delicad5/sandii-ec00164",""
"e0c22d377d2d","三菱","デリカD:5","Sandii","カヌレ","seatcover","3","MI0164-09","matched","matched","verified_product_page","https://seatcover.jp/c/mitsubishi/delicad5/sandii-cn00164",""
"b08e2a049060","三菱","デリカD:5","Sandii","マカロン","seatcover","4","MI0164-13","matched","matched","verified_product_page","https://seatcover.jp/c/mitsubishi/delicad5/sandii-mc00164",""
"5878a8425126","三菱","デリカD:5","Sandii","デニムサンド","seatcover","5","","none","no_code","unverified","https://seatcover.jp/f/match_renewal",""
"f33b66e2839b","三菱","デリカD:5","Sandii","オールドカヌレ","seatcover","3","MI0164-12","matched","matched","verified_product_page","https://seatcover.jp/c/mitsubishi/delicad5/sandii-oc00164",""
"31a9d04f6c44","三菱","デリカD:5","Sandii","オールドカヌレ","seatcover","3","MI0164-11","matched","matched","verified_product_page","https://seatcover.jp/c/mitsubishi/delicad5/sandii-oc00164",""
"c8ffb634687e","三菱","デリカD:5","Sandii","オールドカヌレ","seatcover","5","MI0164-13","matched","matched","verified_product_page","https://seatcover.jp/c/mitsubishi/delicad5/sandii-oc00164",""
"eda85e0268de","三菱","デリカD:5","Sandii","エクレア","seatcover","3","","none","no_code","unverified","https://seatcover.jp/f/match_renewal",""
"a0b75813bcaf","三菱","デリカD:5","Sandii","マカロン","seatcover","3","MI0164-12","matched","matched","verified_product_page","https://seatcover.jp/c/mitsubishi/delicad5/sandii-mc00164",""
"a0a34d0bf137","三菱","デリカD:5","Sandii","オールドカヌレ","seatcover","5","MI0164-09","matched","matched","verified_product_page","https://seatcover.jp/c/mitsubishi/delicad5/sandii-oc00164",""
"3f76dd3a5cc2","三菱","デリカD:5","Sandii","デニムサンド","seatcover","2","MI0164-01","matched","matched","verified_product_page","https://seatcover.jp/c/mitsubishi/delicad5/sandii-ds00164",""
"5309dfaa2ddf","三菱","デリカD:5","Sandii","カヌレ","seatcover","3","MI0164-12","matched","matched","verified_product_page","https://seatcover.jp/c/mitsubishi/delicad5/sandii-cn00164",""
"521f4e240f04","三菱","デリカD:5","Sandii","ワッフル","seatcover","4","","none","no_code","unverified","https://seatcover.jp/f/match_renewal",""
"b90009485b68","三菱","デリカD:5","Refinad","Custom Series","seatcover","5","MI0164-09 シートカバータイプ TYPEC パンチング 無  ツートン","none","no_code_match","unverified","https://seatcover.jp/f/match_renewal",""
"7bb8abc85a7c","三菱","デリカD:5","Refinad","Leather Series","seatcover","5","MI0164-13","matched","matched","verified_product_page","https://seatcover.jp/c/mitsubishi/delicad5/refinad-00164",""
"b9f39bf42fef","三菱","デリカD:5","Refinad","Leather Deluxe Series","seatcover","5","MI0164-12","matched","matched","verified_product_page","https://seatcover.jp/c/mitsubishi/delicad5/refinad-dx00164",""
"f23382197305","三菱","デリカD:5","Refinad","Custom Series","seatcover","1","MI0164-12 シートカバータイプ TYPED パンチング 有 ツートン","none","no_code_match","unverified","https://seatcover.jp/f/match_renewal",""
"b00980b1bb33","三菱","デリカD:5","Refinad","Leather Series","seatcover","2","MI0164-13","matched","matched","verified_product_page","https://seatcover.jp/c/mitsubishi/delicad5/refinad-00164",""
"9860fdb4eefa","三菱","デリカD:5","Refinad","Leather Deluxe Series","seatcover","5","MI0164-12","matched","matched","verified_product_page","https://seatcover.jp/c/mitsubishi/delicad5/refinad-dx00164",""
"5f4e8d38203b","三菱","デリカD:5","Refinad","Avant-Garde Series","seatcover","5","MI0164-12","matched","matched","verified_product_page","https://seatcover.jp/c/mitsubishi/delicad5/refinad-ag00164",""
"daf356f2394f","三菱","デリカD:5","Refinad","Leather Series","seatcover","5","MI0164-01","matched","matched","verified_product_page","https://seatcover.jp/c/mitsubishi/delicad5/refinad-00164",""
"a6b331059746","三菱","デリカD:5","Refinad","Harmonious Leather Series","seatcover","5","MI0164-13","matched","matched","verified_product_page","https://seatcover.jp/c/mitsubishi/delicad5/refinad-hs00164",""
"f6715c4d8625","三菱","デリカD:5","Refinad","Alcantara Series","seatcover","5","MI0164-12","matched","matched","verified_product_page","https://seatcover.jp/c/mitsubishi/delicad5/refinad-al00164",""
"bcfc9dafeb73","三菱","デリカD:5","Refinad","Leather Deluxe Series","seatcover","5","MI0164-12","matched","matched","verified_product_page","https://seatcover.jp/c/mitsubishi/delicad5/refinad-dx00164",""
"8130df4314a2","三菱","デリカD:5","Refinad","Leather Series","seatcover","4","MI0164-12","matched","matched","verified_product_page","https://seatcover.jp/c/mitsubishi/delicad5/refinad-00164",""
"cb977ca7bbab","三菱","デリカD:5","Refinad","Custom Series","seatcover","2","MI0164-12 シートカバータイプ TYPED パンチング 無 ツートン","none","no_code_match","unverified","https://seatcover.jp/f/match_renewal",""
"e68a7c7ef9a2","三菱","デリカD:5","Refinad","Leather Deluxe Series","seatcover","2","MI0164-12","matched","matched","verified_product_page","https://seatcover.jp/c/mitsubishi/delicad5/refinad-dx00164",""
"827f98cbad85","三菱","デリカD:5","Refinad","Leather Deluxe Series","seatcover","4","MI0164-13","matched","matched","verified_product_page","https://seatcover.jp/c/mitsubishi/delicad5/refinad-dx00164",""
"66e106b0f36e","三菱","デリカD:5","Refinad","Leather Deluxe Series","seatcover","6","MI0164-13","matched","matched","verified_product_page","https://seatcover.jp/c/mitsubishi/delicad5/refinad-dx00164",""
"d933076a39f6","三菱","デリカD:5","Refinad","Custom Series","seatcover","5","MI0164-12","matched","matched","verified_product_page","https://seatcover.jp/c/mitsubishi/delicad5/refinad-cs00164",""
"0ce679ba5de4","三菱","デリカD:5","Refinad","Old Leather Series","seatcover","4","MI0164-13","matched","matched","verified_product_page","https://seatcover.jp/c/mitsubishi/delicad5/refinad-ol00164",""
"aef792591e43","三菱","デリカD:5","Refinad","Old Leather Series","seatcover","5","MI0164-13","matched","matched","verified_product_page","https://seatcover.jp/c/mitsubishi/delicad5/refinad-ol00164",""
"c35a593b1799","三菱","デリカD:5","Refinad","Custom Series","seatcover","5","MI0164-13","matched","matched","verified_product_page","https://seatcover.jp/c/mitsubishi/delicad5/refinad-cs00164",""
"f2f11fbd88c5","三菱","デリカD:5","Refinad","Leather Deluxe Series","seatcover","3","MI0164-13","matched","matched","verified_product_page","https://seatcover.jp/c/mitsubishi/delicad5/refinad-dx00164",""
"e0fbd1ec9180","三菱","デリカD:5","Refinad","Custom Series","seatcover","4","MI0164-12 シートカバータイプ TYPED パンチング 有 ツートン","none","no_code_match","unverified","https://seatcover.jp/f/match_renewal",""
"aeda761e32a4","三菱","デリカD:5","Refinad","Harmonious Leather Series","seatcover","1","MI0164-12","matched","matched","verified_product_page","https://seatcover.jp/c/mitsubishi/delicad5/refinad-hs00164",""
"684bb0f3efa7","三菱","デリカD:5","Refinad","Leather Series","seatcover","5","MI0164-12","matched","matched","verified_product_page","https://seatcover.jp/c/mitsubishi/delicad5/refinad-00164",""
"6ac0a3b9f57f","三菱","デリカD:5","Refinad","Harmonious Leather Series","seatcover","3","MI0164-13","matched","matched","verified_product_page","https://seatcover.jp/c/mitsubishi/delicad5/refinad-hs00164",""
"515f6ee4f761","三菱","デリカD:5","Refinad","Leather Series","seatcover","3","MI0164-13","matched","matched","verified_product_page","https://seatcover.jp/c/mitsubishi/delicad5/refinad-00164",""
"220b76493589","三菱","デリカD:5","Refinad","Leather Deluxe Series","seatcover","4","MI0164-12","matched","matched","verified_product_page","https://seatcover.jp/c/mitsubishi/delicad5/refinad-dx00164",""
"515dbed8dd82","三菱","デリカD:5","Refinad","Harmonious Leather Series","seatcover","5","MI0164-13","matched","matched","verified_product_page","https://seatcover.jp/c/mitsubishi/delicad5/refinad-hs00164",""
"3510e6f84dbf","三菱","デリカD:5","Refinad","Leather Deluxe Series","seatcover","5","MI0164-12","matched","matched","verified_product_page","https://seatcover.jp/c/mitsubishi/delicad5/refinad-dx00164",""
"ddfbd75da2f3","三菱","デリカD:5","Refinad","Leather Series","seatcover","3","MI0164-13","matched","matched","verified_product_page","https://seatcover.jp/c/mitsubishi/delicad5/refinad-00164",""
"5633d60e5760","三菱","デリカD:5","Refinad","Custom Series","seatcover","5","MI0164-13","matched","matched","verified_product_page","https://seatcover.jp/c/mitsubishi/delicad5/refinad-cs00164",""
"fe1b84d88b8a","三菱","デリカD:5","Refinad","Harmonious Leather Series","seatcover","3","MI0164-13","matched","matched","verified_product_page","https://seatcover.jp/c/mitsubishi/delicad5/refinad-hs00164",""
"6064c6e4fe56","三菱","デリカD:5","Refinad","Harmonious Leather Series","seatcover","3","MI0164-12","matched","matched","verified_product_page","https://seatcover.jp/c/mitsubishi/delicad5/refinad-hs00164",""
"f1866ead48e6","三菱","デリカD:5","Refinad","Leather Series","seatcover","3","MI0164-12","matched","matched","verified_product_page","https://seatcover.jp/c/mitsubishi/delicad5/refinad-00164",""
"fb31953a4f3e","三菱","デリカD:5","Refinad","Custom Series","seatcover","3","MI0164-12","matched","matched","verified_product_page","https://seatcover.jp/c/mitsubishi/delicad5/refinad-cs00164",""
"8f05009b63e5","三菱","デリカD:5","Refinad","Leather Deluxe Series","seatcover","5","MI0164-12","matched","matched","verified_product_page","https://seatcover.jp/c/mitsubishi/delicad5/refinad-dx00164",""
"7d7359cd0f75","三菱","デリカD:5","Refinad","Leather Series","seatcover","3","MI0164-12","matched","matched","verified_product_page","https://seatcover.jp/c/mitsubishi/delicad5/refinad-00164",""
"11f8a3e1333e","三菱","デリカD:5","Refinad","Alcantara Series","seatcover","3","MI0164-12","matched","matched","verified_product_page","https://seatcover.jp/c/mitsubishi/delicad5/refinad-al00164",""
"5065698b20f5","三菱","デリカD:5","Refinad","Custom Series","seatcover","3","MI0164-11","matched","matched","verified_product_page","https://seatcover.jp/c/mitsubishi/delicad5/refinad-cs00164",""
"71f679a66320","三菱","デリカD:5","Refinad","Custom Series","seatcover","4","MI0164-13","matched","matched","verified_product_page","https://seatcover.jp/c/mitsubishi/delicad5/refinad-cs00164",""
"e0e595a07019","三菱","デリカD:5","Refinad","Leather Deluxe Series","seatcover","3","MI0164-13","matched","matched","verified_product_page","https://seatcover.jp/c/mitsubishi/delicad5/refinad-dx00164",""
"de5cf73abfcc","三菱","デリカD:5","Refinad","Custom Series","seatcover","5","MI0164-12","matched","matched","verified_product_page","https://seatcover.jp/c/mitsubishi/delicad5/refinad-cs00164",""
"3e48c9663b0c","三菱","デリカD:5","Refinad","Custom Series","seatcover","3","MI0164-12","matched","matched","verified_product_page","https://seatcover.jp/c/mitsubishi/delicad5/refinad-cs00164",""
"c66ad67383b9","三菱","デリカD:5","Refinad","Alcantara Series","seatcover","3","MI0164-12","matched","matched","verified_product_page","https://seatcover.jp/c/mitsubishi/delicad5/refinad-al00164",""
"16ad56d3d375","三菱","デリカD:5","Refinad","Harmonious Leather Series","seatcover","3","MI0164-13","matched","matched","verified_product_page","https://seatcover.jp/c/mitsubishi/delicad5/refinad-hs00164",""
"80210d909b34","三菱","デリカD:5","Refinad","Harmonious Leather Series","seatcover","1","MI0164-13","matched","matched","verified_product_page","https://seatcover.jp/c/mitsubishi/delicad5/refinad-hs00164",""
"b1dfa268e525","三菱","デリカD:5","Refinad","Leather Deluxe Series","seatcover","3","MI0164-12","matched","matched","verified_product_page","https://seatcover.jp/c/mitsubishi/delicad5/refinad-dx00164",""
"573d5e65d59d","三菱","デリカD:5","Refinad","Leather Deluxe Series","seatcover","2","MI0164-12","matched","matched","verified_product_page","https://seatcover.jp/c/mitsubishi/delicad5/refinad-dx00164",""
"bb75ffc5d56f","三菱","デリカD:5","Refinad","Custom Series","seatcover","3","MI0164-12","matched","matched","verified_product_page","https://seatcover.jp/c/mitsubishi/delicad5/refinad-cs00164",""
"3a9dba232273","三菱","デリカD:5","Refinad","Leather Series","seatcover","4","MI0164-13","matched","matched","verified_product_page","https://seatcover.jp/c/mitsubishi/delicad5/refinad-00164",""
"b218a473080b","三菱","デリカD:5","Refinad","Leather Series","seatcover","4","MI0164-12","matched","matched","verified_product_page","https://seatcover.jp/c/mitsubishi/delicad5/refinad-00164",""
"8a0f776cf6bf","三菱","デリカD:5","Refinad","Harmonious Leather Series","seatcover","2","MI0164-13","matched","matched","verified_product_page","https://seatcover.jp/c/mitsubishi/delicad5/refinad-hs00164",""
"d1f3bf93373f","三菱","デリカD:5","Refinad","Avant-Garde Series","seatcover","8","MI0164-12","matched","matched","verified_product_page","https://seatcover.jp/c/mitsubishi/delicad5/refinad-ag00164",""
"511bf82cbf31","三菱","デリカD:5","Refinad","Harmonious Leather Series","seatcover","3","MI0164-12","matched","matched","verified_product_page","https://seatcover.jp/c/mitsubishi/delicad5/refinad-hs00164",""
"25d5ff989f92","三菱","デリカD:5","Refinad","Harmonious Leather Series","seatcover","3","MI0164-01","matched","matched","verified_product_page","https://seatcover.jp/c/mitsubishi/delicad5/refinad-hs00164",""
"7ab31ed97755","三菱","デリカD:5","Refinad","Leather Series","seatcover","3","MI0164-12","matched","matched","verified_product_page","https://seatcover.jp/c/mitsubishi/delicad5/refinad-00164",""
"77b5ef6c42c7","三菱","デリカD:5","Refinad","Custom Series","seatcover","2","MI0164-13","matched","matched","verified_product_page","https://seatcover.jp/c/mitsubishi/delicad5/refinad-cs00164",""
"32f10a511762","三菱","デリカD:5","Refinad","Custom Series","seatcover","5","MI0164-14","matched","matched","verified_product_page","https://seatcover.jp/c/mitsubishi/delicad5/refinad-cs00164",""
"5927e56a57a2","三菱","デリカD:5","Refinad","Harmonious Leather Series","seatcover","4","MI0164-14","matched","matched","verified_product_page","https://seatcover.jp/c/mitsubishi/delicad5/refinad-hs00164",""
"4ea01cbf8f3a","三菱","デリカD:5","Refinad","Leather Series","seatcover","4","MI0164-12","matched","matched","verified_product_page","https://seatcover.jp/c/mitsubishi/delicad5/refinad-00164",""
"ffdd7a6388c2","三菱","デリカD:5","Refinad","Leather Deluxe Series","seatcover","2","MI0164-13","matched","matched","verified_product_page","https://seatcover.jp/c/mitsubishi/delicad5/refinad-dx00164",""
"9fe13d682ce6","三菱","デリカD:5","Refinad","Custom Series","seatcover","4","MI0164-12","matched","matched","verified_product_page","https://seatcover.jp/c/mitsubishi/delicad5/refinad-cs00164",""
"5760755d1fb4","三菱","デリカD:5","Refinad","Harmonious Leather Series","seatcover","3","MI0164-13","matched","matched","verified_product_page","https://seatcover.jp/c/mitsubishi/delicad5/refinad-hs00164",""
"0bccd3083129","三菱","デリカD:5","Refinad","Harmonious Leather Series","seatcover","3","MI0164-12","matched","matched","verified_product_page","https://seatcover.jp/c/mitsubishi/delicad5/refinad-hs00164",""
"a0339d9719e8","三菱","デリカD:5","Refinad","Leather Series","seatcover","2","MI0164-01","matched","matched","verified_product_page","https://seatcover.jp/c/mitsubishi/delicad5/refinad-00164",""
"9982331d4e07","三菱","デリカD:5","Refinad","Leather Deluxe Series","seatcover","3","MI0164-12","matched","matched","verified_product_page","https://seatcover.jp/c/mitsubishi/delicad5/refinad-dx00164",""
"8dca035c963a","三菱","デリカD:5","Refinad","Avant-Garde Series","seatcover","2","MI0164-12","matched","matched","verified_product_page","https://seatcover.jp/c/mitsubishi/delicad5/refinad-ag00164",""
"e12424854923","三菱","デリカD:5","Refinad","Custom Series","seatcover","3","MI0164-12","matched","matched","verified_product_page","https://seatcover.jp/c/mitsubishi/delicad5/refinad-cs00164",""
"89ed2eb63343","三菱","デリカD:5","Refinad","Leather Series","seatcover","3","MI0164-12","matched","matched","verified_product_page","https://seatcover.jp/c/mitsubishi/delicad5/refinad-00164",""
"f59bfa1129e2","三菱","デリカD:5","Refinad","Harmonious Leather Series","seatcover","5","MI0164-13","matched","matched","verified_product_page","https://seatcover.jp/c/mitsubishi/delicad5/refinad-hs00164",""
"855cadce096d","三菱","デリカD:5","Refinad","Leather Deluxe Series","seatcover","3","MI0164-13","matched","matched","verified_product_page","https://seatcover.jp/c/mitsubishi/delicad5/refinad-dx00164",""
"f46bd1b44021","三菱","デリカD:5","Refinad","Custom Series","seatcover","5","MI0164-12","matched","matched","verified_product_page","https://seatcover.jp/c/mitsubishi/delicad5/refinad-cs00164",""
"7a42686a82c6","三菱","デリカD:5","Refinad","Leather Deluxe Series","seatcover","3","MI0164-13","matched","matched","verified_product_page","https://seatcover.jp/c/mitsubishi/delicad5/refinad-dx00164",""
"f5d315ea0562","三菱","デリカD:5","Refinad","Leather Deluxe Series","seatcover","3","MI0164-13","matched","matched","verified_product_page","https://seatcover.jp/c/mitsubishi/delicad5/refinad-dx00164",""
"ab05c41f9c59","三菱","デリカD:5","Refinad","Avant-Garde Series","seatcover","2","MI0164-12","matched","matched","verified_product_page","https://seatcover.jp/c/mitsubishi/delicad5/refinad-ag00164",""
"e02f99ea82f0","三菱","デリカD:5","Refinad","Custom Series","seatcover","4","MI0164-13","matched","matched","verified_product_page","https://seatcover.jp/c/mitsubishi/delicad5/refinad-cs00164",""
"ea93160235c1","三菱","デリカD:5","Refinad","Leather Series","seatcover","3","MI0164-12","matched","matched","verified_product_page","https://seatcover.jp/c/mitsubishi/delicad5/refinad-00164",""
"08d639942be4","三菱","デリカD:5","Refinad","Leather Series","seatcover","3","MI0164-13","matched","matched","verified_product_page","https://seatcover.jp/c/mitsubishi/delicad5/refinad-00164",""
"c7a2e6fd781c","三菱","デリカD:5","Refinad","Leather Deluxe Series","seatcover","3","MI0164-12","matched","matched","verified_product_page","https://seatcover.jp/c/mitsubishi/delicad5/refinad-dx00164",""
"dff947853566","三菱","デリカD:5","Refinad","Leather Series","seatcover","3","MI0164-12","matched","matched","verified_product_page","https://seatcover.jp/c/mitsubishi/delicad5/refinad-00164",""
"d705f22e60ef","三菱","デリカD:5","Refinad","Leather Deluxe Series","seatcover","5","MI0164-13","matched","matched","verified_product_page","https://seatcover.jp/c/mitsubishi/delicad5/refinad-dx00164",""
"bccfbf7d46ba","三菱","デリカD:5","Refinad","Harmonious Leather Series","seatcover","4","MI0164-12","matched","matched","verified_product_page","https://seatcover.jp/c/mitsubishi/delicad5/refinad-hs00164",""
"f2864c1fa775","三菱","デリカD:5","Refinad","Leather Series","seatcover","2","MI0164-06","matched","matched","verified_product_page","https://seatcover.jp/c/mitsubishi/delicad5/refinad-00164",""
"10916990704b","三菱","デリカD:5","Refinad","Leather Series","seatcover","3","MI0164-13","matched","matched","verified_product_page","https://seatcover.jp/c/mitsubishi/delicad5/refinad-00164",""
"556364259fea","三菱","デリカD:5","Refinad","Quilt Series","seatcover","3","MI0164-12","matched","matched","verified_product_page","https://seatcover.jp/c/mitsubishi/delicad5/refinad-qs00164",""
"bbc9f63ff4d5","三菱","デリカD:5","Refinad","Custom Series","seatcover","5","MI0164-13","matched","matched","verified_product_page","https://seatcover.jp/c/mitsubishi/delicad5/refinad-cs00164",""
"7b7786281a05","三菱","デリカD:5","Refinad","Quilt Series","seatcover","5","MI0164-12","matched","matched","verified_product_page","https://seatcover.jp/c/mitsubishi/delicad5/refinad-qs00164",""
"aee6889281bb","三菱","デリカD:5","Refinad","Leather Series","seatcover","3","MI0164-09","matched","matched","verified_product_page","https://seatcover.jp/c/mitsubishi/delicad5/refinad-00164",""
"29eb2a7693af","三菱","デリカD:5","Refinad","Leather Deluxe Series","seatcover","3","MI0164-13","matched","matched","verified_product_page","https://seatcover.jp/c/mitsubishi/delicad5/refinad-dx00164",""
"d8b1f76ade32","三菱","デリカD:5","Refinad","Leather Deluxe Series","seatcover","3","MI0164-13","matched","matched","verified_product_page","https://seatcover.jp/c/mitsubishi/delicad5/refinad-dx00164",""
"037856b42c6c","三菱","デリカD:5","Refinad","Harmonious Leather Series","seatcover","2","MI0164-13","matched","matched","verified_product_page","https://seatcover.jp/c/mitsubishi/delicad5/refinad-hs00164",""
"5f2a13bbc2a7","三菱","デリカD:5","Refinad","Custom Series","seatcover","3","MI0164-12","matched","matched","verified_product_page","https://seatcover.jp/c/mitsubishi/delicad5/refinad-cs00164",""
"a8dae105211c","三菱","デリカD:5","Refinad","Quilt Series","seatcover","3","MI0164-13","matched","matched","verified_product_page","https://seatcover.jp/c/mitsubishi/delicad5/refinad-qs00164",""
"10aa77005fc4","三菱","デリカD:5","Refinad","Custom Series","seatcover","3","MI0164-02","matched","matched","verified_product_page","https://seatcover.jp/c/mitsubishi/delicad5/refinad-cs00164",""
"9f9531706a37","三菱","デリカD:5","Refinad","Alcantara Series","seatcover","3","MI0164-13","matched","matched","verified_product_page","https://seatcover.jp/c/mitsubishi/delicad5/refinad-al00164",""
"b8f4574e3869","三菱","デリカD:5","Refinad","Custom Series","seatcover","5","MI0164-02","matched","matched","verified_product_page","https://seatcover.jp/c/mitsubishi/delicad5/refinad-cs00164",""
"e3fcf80baf44","三菱","デリカD:5","Refinad","Leather Series","seatcover","3","MI0164-13","matched","matched","verified_product_page","https://seatcover.jp/c/mitsubishi/delicad5/refinad-00164",""
"07501a207ad4","三菱","ekクロススペース","Refinad","Leather Series","seatcover","4","MI0566-01","matched","matched","verified_product_page","https://seatcover.jp/c/mitsubishi/ekxspace/refinad-00566",""
"45040f4b162b","三菱","パジェロイオ","Sandii","シリーズ名の記載なし","seatcover","4","MI0637-01","none","car_mismatch","no_direct_candidate","https://seatcover.jp/c/mitsubishi/pajeroio",""
"3f55d498373d","三菱","パジェロイオ","Refinad","Leather Deluxe Series","seatcover","2","MB3-11","matched","matched","verified_product_page","https://seatcover.jp/c/mitsubishi/pajeroio/refinad-dx00413",""
"41454b36ae11","三菱","パジェロイオ","Refinad","Leather Series","seatcover","2","MB3-11","matched","matched","verified_product_page","https://seatcover.jp/c/mitsubishi/pajeroio/refinad-00413",""
"fd49b9213830","日産","NV100クリッパー","Sandii","カヌレ","seatcover","3","S0111-08","matched","matched","verified_product_page","https://seatcover.jp/c/nissan/nv100clipper/sandii-cn00089",""
"10c0f5b320f0","スバル","インプレッサスポーツ","Sandii","カヌレ","seatcover","2","F0170-04","matched","matched","unverified","https://seatcover.jp/c/subaru/imprezasport",""
"6a4cd6a350d5","スバル","インプレッサスポーツ","Refinad","Custom Series","seatcover","4","F0170-05","matched","matched","unverified","https://seatcover.jp/c/subaru/imprezasport",""
"fd87fbc17c78","スバル","インプレッサスポーツ","Refinad","Alcantara Series","seatcover","4","F0170-05","matched","matched","unverified","https://seatcover.jp/c/subaru/imprezasport",""
"ce660e8febd1","スバル","インプレッサスポーツ","Refinad","Leather Deluxe Series","seatcover","2","F0170-05","matched","matched","unverified","https://seatcover.jp/c/subaru/imprezasport",""
"2b6c983489a2","スバル","インプレッサスポーツ","Refinad","Leather Series","seatcover","2","F0170-05","matched","matched","unverified","https://seatcover.jp/c/subaru/imprezasport",""
"1a9054a27620","スズキ","ソリオバンディッド","Refinad","Leather Series","seatcover","5","S0116-11","none","car_mismatch","verified_product_page","https://seatcover.jp/c/suzuki/soliobandit/refinad-00117",""
"f28fd6eb4006","トヨタ","カムリ・ハイブリッド","Dotty","LUXUR-SPOLT","seatcover","18","","none","no_code","no_direct_candidate","https://seatcover.jp/c/seatcovermaker/dotty/dotty-luxurspolt",""
"65db8e4e0f36","トヨタ","カローラレビン","Refinad","Leather Series","seatcover","3","T0019-08","none","car_mismatch","unverified","https://seatcover.jp/f/match_renewal",""
"83611c4f64d9","トヨタ","カローラクロス","Refinad","Leather Series","seatcover","4","T0574-02","none","car_mismatch","unverified","https://seatcover.jp/f/match_renewal",""
"ce4f7be4786b","トヨタ","カローラクロス","Refinad","シリーズ名の記載なし","seatcover","4","T0574-01","none","car_mismatch","no_direct_candidate","https://seatcover.jp/c/toyota/corollacross",""
"692375f0aef8","トヨタ","カローラクロス","Refinad","Leather Deluxe Series","seatcover","4","T0574-01","none","car_mismatch","unverified","https://seatcover.jp/f/match_renewal",""
"ab2da789e38f","トヨタ","カローラクロス","Refinad","Harmonious Leather Series","seatcover","3","T0573-01","matched","matched","verified_product_page","https://seatcover.jp/c/seatcovermaker/refinad/refinad-harmonious/refinad-hs00573",""
"9bd4ace3a417","トヨタ","カローラクロス","Refinad","Leather Deluxe Series","seatcover","2","T0574-01","none","car_mismatch","unverified","https://seatcover.jp/f/match_renewal",""
"b298a0adc84a","トヨタ","クラウンアスリートS","Refinad","Leather Deluxe Series","seatcover","4","T0508-03","none","car_mismatch","verified_product_page","https://seatcover.jp/c/toyota/crownathlete/refinad-dx00508",""
"6cf4dd100a83","トヨタ","エスティマハイブリッド-","Dotty","DIA-LUX","seatcover","6","","none","no_code","no_direct_candidate","https://seatcover.jp/c/toyota/estimahybrid",""
"867cb8766178","BMW","BMW3Series","Dotty","シリーズ名の記載なし","seatcover","5","","none","no_code","no_direct_candidate","https://seatcover.jp/c/bmw/bmw3series",""
"7a18b0d5a190","BMW","BMW3Series","Dotty","シリーズ名の記載なし","seatcover","6","","none","no_code","no_direct_candidate","https://seatcover.jp/c/bmw/bmw3series",""
"8a217aeb08e8","ダイハツ","ロッキーハイブリッド","Refinad","Harmonious Leather Series","seatcover","3","D0522-01","none","car_mismatch","unverified","https://seatcover.jp/f/match_renewal",""
"24f681330fa2","ダイハツ","ロッキーハイブリッド","Refinad","Alcantara Series","seatcover","3","D0522-01","none","car_mismatch","unverified","https://seatcover.jp/c/daihatsu/rockyhybrid",""
"bad6abc24e05","マツダ","フレアクロスオーバー","Sandii","マカロン","seatcover","3","S0360-04","matched","matched","verified_product_page","https://seatcover.jp/c/mazda/flaircrossover/sandii-mc00370",""
"be23eadbea47","マツダ","フレアクロスオーバー","Sandii","カヌレグラッセ","seatcover","4","S0360-04","matched","matched","verified_product_page","https://seatcover.jp/c/mazda/flaircrossover/sandii-cg00370",""
"4a0c3cb06804","マツダ","フレアクロスオーバー","Sandii","オールドカヌレ","seatcover","2","S0360-02","matched","matched","verified_product_page","https://seatcover.jp/c/mazda/flaircrossover/sandii-oc00370",""
"85bbf41ad56f","マツダ","フレアクロスオーバー","Sandii","カヌレ","seatcover","2","MA0151-02","none","car_mismatch","unverified","https://seatcover.jp/f/match_renewal",""
"cbfc4480c918","マツダ","フレアクロスオーバー","Refinad","Custom Series","seatcover","3","S0360-04","matched","matched","verified_product_page","https://seatcover.jp/c/mazda/flaircrossover/refinad-cs00370",""
"e1a4c9ecaac6","三菱","アウトランダー","Sandii","コロール","seatcover","5","MI0157-02","none","car_mismatch","unverified","https://seatcover.jp/f/match_renewal",""
"57016fc2817d","トヨタ","カローラルミオン","Dotty","LUXUR-BS","seatcover","4","","none","no_code","no_direct_candidate","https://seatcover.jp/c/toyota/corollarumion",""
"d4376552191c","トヨタ","ハリアーハイブリッド","Refinad","Avant-Garde Series","seatcover","3","T0358-12","matched","matched","verified_product_page","https://seatcover.jp/c/toyota/harrierhybrid/refinad-ag00358",""
"d763accd98e8","トヨタ","ハリアーハイブリッド","Refinad","Leather Deluxe Series","seatcover","3","T0358-12","matched","matched","verified_product_page","https://seatcover.jp/c/seatcovermaker/refinad/refinad-leatherdx/refinad-dx00358",""
"a0cdc4b4a295","トヨタ","ハリアーハイブリッド","Refinad","Leather Deluxe Series","seatcover","5","T0358-12","matched","matched","verified_product_page","https://seatcover.jp/c/seatcovermaker/refinad/refinad-leatherdx/refinad-dx00358",""
"b20b19ed803c","トヨタ","ハリアーハイブリッド","Refinad","Leather Deluxe Series","seatcover","4","T0358-12","matched","matched","verified_product_page","https://seatcover.jp/c/seatcovermaker/refinad/refinad-leatherdx/refinad-dx00358",""
"caa0548ba810","トヨタ","ハリアーハイブリッド","Refinad","Leather Deluxe Series","seatcover","3","T0358-12","matched","matched","verified_product_page","https://seatcover.jp/c/seatcovermaker/refinad/refinad-leatherdx/refinad-dx00358",""
"a26a528c4014","トヨタ","ハリアーハイブリッド","Refinad","Leather Deluxe Series","seatcover","4","T0358-12","matched","matched","verified_product_page","https://seatcover.jp/c/seatcovermaker/refinad/refinad-leatherdx/refinad-dx00358",""
"256a5af77722","トヨタ","ハリアーハイブリッド","Refinad","Leather Series","seatcover","3","T0358-12","matched","matched","verified_product_page","https://seatcover.jp/c/toyota/harrierhybrid/refinad-00358",""
"ea9d8f3b2138","トヨタ","ハリアーハイブリッド","Refinad","Leather Deluxe Series","seatcover","3","T0358-12","matched","matched","verified_product_page","https://seatcover.jp/c/seatcovermaker/refinad/refinad-leatherdx/refinad-dx00358",""
"b83739ade366","トヨタ","ハリアーハイブリッド","Refinad","Leather Series","seatcover","3","T0358-12","matched","matched","verified_product_page","https://seatcover.jp/c/toyota/harrierhybrid/refinad-00358",""
"11d7d0d9a3a1","トヨタ","ハリアーハイブリッド","Refinad","Leather Deluxe Series","seatcover","3","T0358-12","matched","matched","verified_product_page","https://seatcover.jp/c/seatcovermaker/refinad/refinad-leatherdx/refinad-dx00358",""
"a3fdf4c9870d","トヨタ","ハリアーハイブリッド","Refinad","Alcantara Series","seatcover","3","T0358-12","matched","matched","verified_product_page","https://seatcover.jp/c/toyota/harrierhybrid/refinad-al00358",""
"74a13799936d","トヨタ","ハリアーハイブリッド","Refinad","Custom Series","seatcover","2","T0358-03","matched","matched","verified_product_page","https://seatcover.jp/c/toyota/harrierhybrid/refinad-cs00358",""
"2126697a1cf7","トヨタ","ハリアーハイブリッド","Refinad","Custom Series","seatcover","5","T0358-03","matched","matched","verified_product_page","https://seatcover.jp/c/toyota/harrierhybrid/refinad-cs00358",""
"83e579eb5931","トヨタ","ハイエースコミューター","Refinad","Leather Series","seatcover","5","T0604-01","matched","matched","verified_product_page","https://seatcover.jp/c/toyota/hiacecommuter/refinad-00604",""
"b8a7987dfec5","トヨタ","ランドクルーザー70","Dotty","EURO-LUX","seatcover","6","","none","no_code","no_direct_candidate","https://seatcover.jp/c/toyota/landcruiser70",""
"b0630ee81b98","トヨタ","ランドクルーザー70","Dotty","EURO-LUX","seatcover","5","","none","no_code","no_direct_candidate","https://seatcover.jp/c/toyota/landcruiser70",""
"0f812084354a","フォルクスワーゲン","ニュービートル","Sandii","ドルチェ","seatcover","4","VW0204-03","matched","matched","verified_product_page","https://seatcover.jp/c/volkswagen/newbeetle/sandii-dc00204",""
"675adae58d9f","フォルクスワーゲン","ニュービートル","Sandii","マカロン","seatcover","4","VW0204-03","matched","matched","verified_product_page","https://seatcover.jp/c/volkswagen/newbeetle/sandii-mc00204",""
"7d225509716a","フォルクスワーゲン","ニュービートル","Sandii","マカロン","seatcover","2","VW0204-03","matched","matched","verified_product_page","https://seatcover.jp/c/volkswagen/newbeetle/sandii-mc00204",""
"42621c416dce","フォルクスワーゲン","ニュービートル","Refinad","Leather Deluxe Series","seatcover","2","VW0204-03","matched","matched","no_direct_candidate","https://seatcover.jp/c/volkswagen/newbeetle",""
"82d4bdb59910","フォルクスワーゲン","ニュービートル","Refinad","Leather Series","seatcover","2","VW0204-03","matched","matched","no_direct_candidate","https://seatcover.jp/c/volkswagen/newbeetle",""
"37448b9192ae","フォルクスワーゲン","ザ・ビートル","Refinad","Custom Series","seatcover","3","VW0388-01","none","car_mismatch","verified_product_page","https://seatcover.jp/c/volkswagen/thebeetle/refinad-cs00388",""
"1ca337d93eaa","フォルクスワーゲン","ザ・ビートル","Refinad","Leather Deluxe Series","seatcover","3","VW0388-01","none","car_mismatch","verified_product_page","https://seatcover.jp/c/seatcovermaker/refinad/refinad-leatherdx/refinad-dx00388",""
"273c69fcc578","アウディ","TTクーペ","Dotty","シリーズ名の記載なし","seatcover","6","","none","no_code","no_direct_candidate","https://seatcover.jp/c/audi/auditt",""
"cb9f26989c62","アウディ","TTクーペ","Dotty","シリーズ名の記載なし","seatcover","6","","none","no_code","no_direct_candidate","https://seatcover.jp/c/audi/auditt",""
"5ca55870a48b","BMW","BMW4-series","Dotty","シリーズ名の記載なし","seatcover","6","","none","no_code","no_direct_candidate","https://seatcover.jp/c/bmw/bmw4series",""
"a79de10fd850","ホンダ","ステップワゴンハイブリッド","Sandii","デニムロール","seatcover","5","H0069-10","none","car_mismatch","unverified","https://seatcover.jp/f/match_renewal",""
"e748057e0e32","ホンダ","ステップワゴンハイブリッド","Refinad","Leather Deluxe Series","seatcover","5","H0069-10","none","car_mismatch","unverified","https://seatcover.jp/f/match_renewal",""
"68e1bbe260d6","ホンダ","ステップワゴンハイブリッド","Refinad","Leather Deluxe Series","seatcover","2","H0069-10","none","car_mismatch","unverified","https://seatcover.jp/f/match_renewal",""
"d35dd770fe9d","ホンダ","ステップワゴンハイブリッド","Refinad","Leather Series","seatcover","5","H0069-10","none","car_mismatch","unverified","https://seatcover.jp/c/honda/stepwagonhybrid",""
"08bed8121f16","ホンダ","ステップワゴンハイブリッド","Refinad","Leather Series","seatcover","5","H0069-10","none","car_mismatch","unverified","https://seatcover.jp/c/honda/stepwagonhybrid",""
"60d2cdf40eef","ホンダ","ステップワゴンハイブリッド","Refinad","Custom Series","seatcover","5","H0069-10","none","car_mismatch","unverified","https://seatcover.jp/c/honda/stepwagonhybrid",""
"f61c57daf27f","MINI","MINIJohnCooperWorksDEP-JCW","Dotty","シリーズ名の記載なし","seatcover","3","","none","no_code","no_direct_candidate","https://seatcover.jp/f/carlist_renewal.html",""
"1bf46dd6d35d","三菱","デリカⅮ：5","Dotty","LUXUR-ANTIQUE","seatcover","4","","none","no_code","no_direct_candidate","https://seatcover.jp/c/mitsubishi/delicad5",""
"a53489c9fee9","三菱","デリカミニ","Sandii","デニムサンド","seatcover","4","MI0614-02","matched","matched","verified_product_page","https://seatcover.jp/c/mitsubishi/delicamini/sandii-ds00614",""
"23c99f5c6931","三菱","デリカミニ","Sandii","カチナ","seatcover","5","MI0614-02","matched","matched","verified_product_page","https://seatcover.jp/c/mitsubishi/delicamini/sandii-kp00614",""
"2ac563e6d4e2","三菱","デリカミニ","Sandii","カヌレグラッセ","seatcover","5","MI0614-02","matched","matched","verified_product_page","https://seatcover.jp/c/mitsubishi/delicamini/sandii-cg00614",""
"839a4eef8d57","三菱","デリカミニ","Sandii","カチナ","seatcover","4","MI0614-02","matched","matched","verified_product_page","https://seatcover.jp/c/mitsubishi/delicamini/sandii-kp00614",""
"81c47e49d76b","三菱","デリカミニ","Sandii","カチナ","seatcover","5","MI0614-02","matched","matched","verified_product_page","https://seatcover.jp/c/mitsubishi/delicamini/sandii-kp00614",""
"903fec491b16","三菱","デリカミニ","Refinad","Quilt Series","seatcover","4","MI0614-02","matched","matched","verified_product_page","https://seatcover.jp/c/mitsubishi/delicamini/refinad-qs00614",""
"3eb9b403fd9f","三菱","デリカミニ","Refinad","Leather Series","seatcover","5","MI0614-02","matched","matched","verified_product_page","https://seatcover.jp/c/seatcovermaker/refinad/refinad-leather/refinad-00614",""
"494afda89270","三菱","デリカミニ","Refinad","Quilt Series","seatcover","4","MI0614-02","matched","matched","verified_product_page","https://seatcover.jp/c/mitsubishi/delicamini/refinad-qs00614",""
"ac98fcd03583","三菱","デリカミニ","Refinad","Leather Series","seatcover","4","MI0614-02","matched","matched","verified_product_page","https://seatcover.jp/c/seatcovermaker/refinad/refinad-leather/refinad-00614",""
"7a3048d6b624","三菱","デリカミニ","Refinad","Quilt Series","seatcover","2","MI0614-02","matched","matched","verified_product_page","https://seatcover.jp/c/mitsubishi/delicamini/refinad-qs00614",""
"aadc08ff47af","三菱","デリカミニ","Refinad","Leather Deluxe Series","seatcover","3","MI0614-02","matched","matched","verified_product_page","https://seatcover.jp/c/mitsubishi/delicamini/refinad-dx00614",""
"d1d24c7b9f79","三菱","パジェロロング","Dotty","LUXUR-SPOLT","seatcover","6","","none","no_code","no_direct_candidate","https://seatcover.jp/c/mitsubishi/pajerolong",""
"24d0e342c7c1","三菱","パジェロロング","Dotty","LUXUR-SPOLT","seatcover","6","","none","no_code","no_direct_candidate","https://seatcover.jp/c/mitsubishi/pajerolong",""
"6c773921c7d3","三菱","パジェロミニ","Refinad","Leather Deluxe Series","seatcover","4","MI0165-02","matched","matched","verified_product_page","https://seatcover.jp/c/mitsubishi/pajeromini/refinad-dx00165",""
"8fe585952c10","三菱","パジェロミニ","Refinad","Leather Deluxe Series","seatcover","2","MB3-11","none","car_mismatch","unverified","https://seatcover.jp/f/match_renewal",""
"78c7a956df1a","トヨタ","クラウンクロスオーバー","Refinad","Leather Deluxe Series","seatcover","3","T0003-07","none","car_mismatch","unverified","https://seatcover.jp/f/match_renewal",""
"0bb3d14acac6","トヨタ","クラウンクロスオーバー","Refinad","Harmonious Leather Series","seatcover","3","T0631-02","matched","matched","verified_product_page","https://seatcover.jp/c/seatcovermaker/refinad/refinad-harmonious/refinad-hs00631",""
"3d1c7b033d50","トヨタ","クラウンクロスオーバー","Refinad","Quilt Series","seatcover","3","T0631-02","matched","matched","verified_product_page","https://seatcover.jp/c/toyota/crowncrossover/refinad-qs00631",""
"a7c43b8f0840","トヨタ","クラウンクロスオーバー","Refinad","Leather Deluxe Series","seatcover","3","T0631-02","matched","matched","verified_product_page","https://seatcover.jp/c/toyota/crowncrossover/refinad-dx00631",""
"574fa08d830d","トヨタ","ランドクルーザー250","Refinad","Alcantara Series","seatcover","4","T0647-01","matched","matched","verified_product_page","https://seatcover.jp/c/toyota/landcruiser250/refinad-al00647",""
"2cb4b7f7bc41","トヨタ","ランドクルーザー250","Refinad","Leather Series","seatcover","3","T0647-01","matched","matched","verified_product_page","https://seatcover.jp/c/toyota/landcruiser250/refinad-00647",""
"bc62b8fe918d","トヨタ","ランドクルーザー5人","Sandii","エクレア","seatcover","4","TY7-22","none","car_mismatch","unverified","https://seatcover.jp/c/toyota/landcruiser300",""
"a65374449566","トヨタ","ランドクルーザー5人","Refinad","Old Leather Series","seatcover","4","","none","no_code","no_direct_candidate","https://seatcover.jp/c/toyota/landcruiser300",""
"41f553e024d1","フォルクスワーゲン","ゴルフトゥーラン","Dotty","EURO-GT","seatcover","3","","none","no_code","no_direct_candidate","https://seatcover.jp/c/volkswagen/golftouran",""
"5acd77645d4c","アウディ","A4アバント","Dotty","シリーズ名の記載なし","seatcover","7","","none","no_code","no_direct_candidate","https://seatcover.jp/c/audi/audia4",""
"0bd626099ee9","アウディ","A4アバント","Dotty","シリーズ名の記載なし","seatcover","4","","none","no_code","no_direct_candidate","https://seatcover.jp/c/audi/audia4",""
"dcc0254fad2b","アウディ","A4アバント","Dotty","シリーズ名の記載なし","seatcover","10","","none","no_code","no_direct_candidate","https://seatcover.jp/c/audi/audia4",""
"f7f1fe382116","アウディ","A4アバント","Dotty","シリーズ名の記載なし","seatcover","9","","none","no_code","no_direct_candidate","https://seatcover.jp/c/audi/audia4",""
"8bc83e93aedd","アウディ","A4アバント","Dotty","シリーズ名の記載なし","seatcover","3","","none","no_code","no_direct_candidate","https://seatcover.jp/c/audi/audia4",""
"7d5bdb0cc8a6","アウディ","TTクーペ","Dotty","シリーズ名の記載なし","seatcover","7","","none","no_code","no_direct_candidate","https://seatcover.jp/c/audi/auditt",""
"7d2b288fd0de","BMW","BMW3Series","Dotty","シリーズ名の記載なし","seatcover","3","","none","no_code","no_direct_candidate","https://seatcover.jp/c/bmw/bmw3series",""
"f9703937f1b6","ダイハツ","ミラココアプラス","Sandii","エクレア","seatcover","4","D0133-03","none","car_mismatch","unverified","https://seatcover.jp/c/daihatsu/miracocoaplus",""
"1928269a38a7","ホンダ","フィットシャトルハイブリッド","Refinad","Custom Series","seatcover","3","H0078-01","none","car_mismatch","unverified","https://seatcover.jp/f/match_renewal",""
"2914a1702c06","ジープ","JEEPラングラー","Dotty","シリーズ名の記載なし","seatcover","7","","none","no_code","no_direct_candidate","https://seatcover.jp/c/jeep/jeepwrangler",""
"e8f5e453cab5","ジープ","JEEPラングラー","Dotty","シリーズ名の記載なし","seatcover","4","","none","no_code","no_direct_candidate","https://seatcover.jp/c/jeep/jeepwrangler",""
"58f18b3215d9","MINI","MINIclubmanJCW(F54)","Dotty","DEP-JCW","seatcover","4","","none","no_code","no_direct_candidate","https://seatcover.jp/f/carlist_renewal.html",""
"ff1275ab093e","日産","NV100クリッパーリオ","Sandii","ドルチェ","seatcover","5","S0110-05","matched","matched","verified_product_page","https://seatcover.jp/c/seatcovermaker/sandii/sandii-dolce/sandii-dc00475",""
"2025784decd4","日産","NV100クリッパーリオ","Sandii","オールドカヌレ","seatcover","2","NS3-15","matched","matched","unverified","https://seatcover.jp/c/nissan/nv100clipperrio",""
"3c03bf5355a2","日産","NV100クリッパーリオ","Sandii","マカロン","seatcover","2","NS3-15","matched","matched","verified_product_page","https://seatcover.jp/c/nissan/nv100clipperrio/sandii-mc00475",""
"8361565248cf","日産","NV100クリッパーリオ","Sandii","オールドカヌレ","seatcover","5","S0110-05","matched","matched","unverified","https://seatcover.jp/c/nissan/nv100clipperrio",""
"07eef1634088","日産","NV100クリッパーリオ","Sandii","カヌレ","seatcover","4","S0110-05","matched","matched","unverified","https://seatcover.jp/c/nissan/nv100clipperrio",""
"346a5dd56b16","日産","NV100クリッパーリオ","Refinad","Leather Deluxe Series","seatcover","3","S0110-05","matched","matched","unverified","https://seatcover.jp/c/nissan/nv100clipperrio",""
"c1bb2e6aa8d2","日産","NV100クリッパーリオ","Refinad","Quilt Series","seatcover","2","NS3-15","matched","matched","unverified","https://seatcover.jp/c/nissan/nv100clipperrio",""
"78109ca47839","日産","NV100クリッパーリオ","Refinad","Leather Series","seatcover","2","NS3-15","matched","matched","unverified","https://seatcover.jp/c/nissan/nv100clipperrio",""
"1da42eb9cd68","フォルクスワーゲン","ゴルフ8ヴァリアント","Dotty","COX-SPORTS","seatcover","10","","none","no_code","no_direct_candidate","https://seatcover.jp/c/seatcovermaker/dotty/dotty-coxsports",""
"2cce36846d02","アウディ","A3スポーツバック","Dotty","シリーズ名の記載なし","seatcover","4","","none","no_code","no_direct_candidate","https://seatcover.jp/c/audi/audia3",""
"809c0d2fbd0f","アウディ","A3スポーツバック","Dotty","シリーズ名の記載なし","seatcover","5","","none","no_code","no_direct_candidate","https://seatcover.jp/c/audi/audia3",""
"29e6af161c95","BMW","BMW2Series","Dotty","シリーズ名の記載なし","seatcover","6","","none","no_code","no_direct_candidate","https://seatcover.jp/f/carlist_renewal.html",""
"b75d3da2e176","BMW","BMW3Series","Dotty","シリーズ名の記載なし","seatcover","6","","none","no_code","no_direct_candidate","https://seatcover.jp/c/bmw/bmw3series",""
"611c5bc79097","ダイハツ","コペンGRスポーツ","Refinad","Custom Series","seatcover","3","D0621-01","none","car_mismatch","verified_product_page","https://seatcover.jp/c/daihatsu/copen/refinad-cs00621",""
"063a18d5a0c1","ダイハツ","コペンGRスポーツ","Refinad","Harmonious Leather Series","seatcover","2","D0621-01","none","car_mismatch","verified_product_page","https://seatcover.jp/c/daihatsu/copen/refinad-hs00621",""
"e0523b2b1bdf","MINI","MINIクロスオーバー(F60)","Dotty","LUXUR-SPOLT","seatcover","3","","none","no_code","no_direct_candidate","https://seatcover.jp/c/seatcovermaker/dotty/dotty-luxurspolt",""
"52f0d26f35d7","三菱","ギャランフォルティス","Refinad","Quilt Series","seatcover","3","MB1-04","matched","matched","verified_product_page","https://seatcover.jp/c/seatcovermaker/refinad/refinad-quilt/refinad-qs00410",""
"1af94a3b79ad","三菱","ギャランフォルティス","Refinad","Leather Series","seatcover","2","MI0518-03","none","car_mismatch","unverified","https://seatcover.jp/f/match_renewal",""
"e75aac31620b","三菱","ギャランフォルティス","Refinad","Quilt Series","seatcover","3","MB1-04","matched","matched","verified_product_page","https://seatcover.jp/c/seatcovermaker/refinad/refinad-quilt/refinad-qs00410",""
"70ad42fae6a4","トヨタ","ランクルプラド","Refinad","Avant-Garde Series","seatcover","2","T0045-03","matched","matched","unverified","https://seatcover.jp/f/match_renewal",""
"8b430af478b9","トヨタ","ランクルプラド","Refinad","Leather Deluxe Series","seatcover","3","T0210-01","matched","matched","verified_product_page","https://seatcover.jp/c/seatcovermaker/refinad/refinad-leatherdx/refinad-dx00210",""
"bbaaaf5a3858","トヨタ","ランクルプラド","Refinad","Leather Deluxe Series","seatcover","3","T0045-03","matched","matched","unverified","https://seatcover.jp/f/match_renewal",""
"bdd4b1228ffa","トヨタ","ランクルプラド","Refinad","Custom Series","seatcover","5","T0045-03","matched","matched","unverified","https://seatcover.jp/f/match_renewal",""
"67d72b867b62","トヨタ","ランクルプラド","Refinad","Leather Series","seatcover","3","T0210-02","matched","matched","unverified","https://seatcover.jp/f/match_renewal",""
"c03fda066217","トヨタ","ランクルプラド","Refinad","Harmonious Leather Series","seatcover","3","T0210-02","matched","matched","verified_product_page","https://seatcover.jp/c/toyota/landcruiserprado/refinad-hs00210",""
"07412e8fae80","トヨタ","ランクルプラド","Refinad","Harmonious Leather Series","seatcover","3","T0210-02","matched","matched","verified_product_page","https://seatcover.jp/c/toyota/landcruiserprado/refinad-hs00210",""
"0d6f4924bd41","トヨタ","ランクルプラド","Refinad","Leather Deluxe Series","seatcover","3","T0045-02","matched","matched","unverified","https://seatcover.jp/f/match_renewal",""
"14a636108bd3","トヨタ","ランクルプラド","Refinad","Leather Deluxe Series","seatcover","4","T0045-02","matched","matched","unverified","https://seatcover.jp/f/match_renewal",""
"615cb77d1f0c","トヨタ","ランクルプラド","Refinad","Leather Series","seatcover","2","T0045-02","matched","matched","verified_product_page","https://seatcover.jp/c/toyota/landcruiserprado/refinad-00045",""
"b266a50967d3","トヨタ","ランクルプラド","Refinad","Leather Series","seatcover","5","T0210-02","matched","matched","unverified","https://seatcover.jp/f/match_renewal",""
"61cbbeb3fc35","トヨタ","ランクルプラド","Refinad","Harmonious Leather Series","seatcover","3","T0045-02","matched","matched","unverified","https://seatcover.jp/f/match_renewal",""
"1e69fc4ff42e","トヨタ","ランクルプラド","Refinad","Leather Deluxe Series","seatcover","2","T0045-02","matched","matched","unverified","https://seatcover.jp/f/match_renewal",""
"60be7f138f16","トヨタ","ランクルプラド","Refinad","Leather Series","seatcover","3","T0045-02","matched","matched","verified_product_page","https://seatcover.jp/c/toyota/landcruiserprado/refinad-00045",""
"f77ede9943cf","トヨタ","ランクルプラド","Refinad","Harmonious Leather Series","seatcover","5","T0045-02","matched","matched","unverified","https://seatcover.jp/f/match_renewal",""
"884542dba581","トヨタ","ランクルプラド","Refinad","Quilt Series","seatcover","4","T0045-02","matched","matched","verified_product_page","https://seatcover.jp/c/toyota/landcruiserprado/refinad-qs00045",""
"7a936605c44b","アウディ","TTクーペ","Dotty","シリーズ名の記載なし","seatcover","6","","none","no_code","no_direct_candidate","https://seatcover.jp/c/audi/auditt",""
"8ad40ea9fc2e","ダイハツ","コペンＧＲスポーツ","Refinad","Custom Series","seatcover","3","D0621-01","none","car_mismatch","verified_product_page","https://seatcover.jp/c/daihatsu/copen/refinad-cs00621",""
"36ef9be8ef4f","ダイハツ","ムーブコンテカスタム","Dotty","COX","seatcover","8","","none","no_code","no_direct_candidate","https://seatcover.jp/f/carlist_renewal.html",""
"8b46969db5e2","ジープ","JEEPラングラー","Dotty","シリーズ名の記載なし","seatcover","3","","none","no_code","no_direct_candidate","https://seatcover.jp/c/jeep/jeepwrangler",""
"958c3875d8a5","三菱","ekスペースカスタム","Refinad","Avant-Garde Series","seatcover","3","MI0372-01","matched","matched","verified_product_page","https://seatcover.jp/c/mitsubishi/ekspacecustom/refinad-ag00371",""
"bdd4c3d25f98","三菱","アウトランダーPHEV","Refinad","Avant-Garde Series","seatcover","3","MI0157-02","none","car_mismatch","unverified","https://seatcover.jp/f/match_renewal",""
"78f87ced08aa","三菱","アウトランダーPHEV","Refinad","Custom Series","seatcover","3","MI0518-02","matched","matched","unverified","https://seatcover.jp/f/match_renewal",""
"9c224e37db85","三菱","アウトランダーPHEV","Refinad","Leather Deluxe Series","seatcover","3","MI0518-03","matched","matched","unverified","https://seatcover.jp/f/match_renewal",""
"530cdb19eeac","三菱","アウトランダーPHEV","Refinad","Harmonious Leather Series","seatcover","4","MI0518-02","matched","matched","unverified","https://seatcover.jp/f/match_renewal",""
"aaa1eedd7b3b","フォルクスワーゲン","パサートヴァリアント","Dotty","LUXUR-SPOLT","seatcover","5","","none","no_code","no_direct_candidate","https://seatcover.jp/c/volkswagen/passatvariant",""
"80d3a9bfaa0b","フォルクスワーゲン","パサートヴァリアント","Dotty","COX-SPORTS","seatcover","7","","none","no_code","no_direct_candidate","https://seatcover.jp/c/volkswagen/passatvariant",""
"b567efa1b8e0","フォルクスワーゲン","パサートヴァリアント","Dotty","COX-SPORTS","seatcover","8","","none","no_code","no_direct_candidate","https://seatcover.jp/c/volkswagen/passatvariant",""
"96267c88e125","フォルクスワーゲン","パサートヴァリアント","Dotty","COX-SPORTS","seatcover","6","","none","no_code","no_direct_candidate","https://seatcover.jp/c/volkswagen/passatvariant",""
"2e833e25d61b","フォルクスワーゲン","パサートヴァリアント","Dotty","DEP-V","seatcover","7","","none","no_code","no_direct_candidate","https://seatcover.jp/c/volkswagen/passatvariant",""
"85fc5f008c2f","フォルクスワーゲン","パサートヴァリアント","Dotty","LUXUR-SPOLT","seatcover","7","","none","no_code","no_direct_candidate","https://seatcover.jp/c/volkswagen/passatvariant",""
"f4c8d3f272b8","アウディ","TTロードスター","Dotty","シリーズ名の記載なし","seatcover","3","","none","no_code","no_direct_candidate","https://seatcover.jp/f/carlist_renewal.html",""
"5285c17839be","BMW","BMW3Series","Dotty","シリーズ名の記載なし","seatcover","7","","none","no_code","no_direct_candidate","https://seatcover.jp/c/bmw/bmw3series",""
"9d19819713ca","ジープ","JEEPチェロキー","Dotty","シリーズ名の記載なし","seatcover","18","","none","no_code","unverified","https://seatcover.jp/f/carlist_renewal.html",""
"059d5e03adb2","ジープ","JEEPラングラー","Dotty","シリーズ名の記載なし","seatcover","5","","none","no_code","no_direct_candidate","https://seatcover.jp/c/jeep/jeepwrangler",""
"c354b6a67801","ジープ","JEEPラングラー","Dotty","シリーズ名の記載なし","seatcover","9","","none","no_code","no_direct_candidate","https://seatcover.jp/c/jeep/jeepwrangler",""
"65d61ac6ea4b","ジープ","JEEPラングラー","Dotty","シリーズ名の記載なし","seatcover","9","","none","no_code","no_direct_candidate","https://seatcover.jp/c/jeep/jeepwrangler",""
"0ef4fee64880","スバル","レガシィツーリングワゴン","Refinad","Leather Deluxe Series","seatcover","5","F0175-01","none","no_code_match","unverified","https://seatcover.jp/f/match_renewal",""
"e7c169f5bc39","スバル","レガシィツーリングワゴン","Refinad","Custom Series","seatcover","2","F0182-02","matched","matched","verified_product_page","https://seatcover.jp/c/subaru/legacytouringwagon/refinad-cs00183",""
"153b8fee8cf6","トヨタ","カローラクロスハイブリッド","Refinad","Alcantara Series","seatcover","5","T0574-02","matched","matched","verified_product_page","https://seatcover.jp/c/seatcovermaker/refinad/refinad-alcantara/refinad-al00574",""
"6a2023821ad6","トヨタ","カローラクロスハイブリッド","Refinad","Harmonious Leather Series","seatcover","4","T0573-01","none","car_mismatch","unverified","https://seatcover.jp/f/match_renewal",""
"4acfca6d9d41","トヨタ","カローラクロスハイブリッド","Refinad","Leather Deluxe Series","seatcover","4","T0574-01","matched","matched","verified_product_page","https://seatcover.jp/c/toyota/corollacrosshybrid/refinad-dx00574",""
"36ceca201db8","トヨタ","カローラクロスハイブリッド","Refinad","Harmonious Leather Series","seatcover","4","T0574-01","matched","matched","verified_product_page","https://seatcover.jp/c/toyota/corollacrosshybrid/refinad-hs00574",""
"9be705e1c0bf","トヨタ","カローラクロスハイブリッド","Refinad","Quilt Series","seatcover","5","T0574-01","matched","matched","verified_product_page","https://seatcover.jp/c/toyota/corollacrosshybrid/refinad-qs00574",""
"81588c450e81","トヨタ","カローラクロスハイブリッド","Refinad","Harmonious Leather Series","seatcover","4","T0574-01","matched","matched","verified_product_page","https://seatcover.jp/c/toyota/corollacrosshybrid/refinad-hs00574",""
"799a7e437025","トヨタ","カローラクロスハイブリッド","Refinad","Leather Deluxe Series","seatcover","3","T0574-01","matched","matched","verified_product_page","https://seatcover.jp/c/toyota/corollacrosshybrid/refinad-dx00574",""
"33e71ccfc6ca","トヨタ","カローラクロスハイブリッド","Refinad","Harmonious Leather Series","seatcover","2","T0573-01","none","car_mismatch","unverified","https://seatcover.jp/f/match_renewal",""
"70325850be1a","トヨタ","カローラクロスハイブリッド","Refinad","Alcantara Series","seatcover","8","T0559-02","none","car_mismatch","unverified","https://seatcover.jp/f/match_renewal",""
"bbf071003c40","アウディ","A3スポーツバック","Dotty","シリーズ名の記載なし","seatcover","5","","none","no_code","no_direct_candidate","https://seatcover.jp/c/audi/audia3",""
"eab42e2908a5","アウディ","A3スポーツバック","Dotty","シリーズ名の記載なし","seatcover","6","","none","no_code","no_direct_candidate","https://seatcover.jp/c/audi/audia3",""
"01340b1569fa","アウディ","A3スポーツバック","Dotty","シリーズ名の記載なし","seatcover","12","","none","no_code","no_direct_candidate","https://seatcover.jp/c/audi/audia3",""
"b82df2d9650c","アウディ","A5スポーツバック","Dotty","シリーズ名の記載なし","seatcover","13","","none","no_code","no_direct_candidate","https://seatcover.jp/c/audi/audia5",""
"b6538f335f67","BMW","BMW3Series","Dotty","シリーズ名の記載なし","seatcover","4","","none","no_code","no_direct_candidate","https://seatcover.jp/c/bmw/bmw3series",""
"0ae9f321a8d9","BMW","BMW3Series","Dotty","シリーズ名の記載なし","seatcover","6","","none","no_code","no_direct_candidate","https://seatcover.jp/c/bmw/bmw3series",""
"a06cddd048f3","BMW","BMW4-series","Dotty","シリーズ名の記載なし","seatcover","5","","none","no_code","no_direct_candidate","https://seatcover.jp/c/bmw/bmw4series",""
"e3993d92a42a","BMW","BMW4-series","Dotty","シリーズ名の記載なし","seatcover","6","","none","no_code","no_direct_candidate","https://seatcover.jp/c/bmw/bmw4series",""
"994b6a8425d6","ジープ","JEEPグランドチェロキー","Dotty","シリーズ名の記載なし","seatcover","5","","none","no_code","no_direct_candidate","https://seatcover.jp/c/jeep/grandcherokee",""
"ecd27db6ef63","マツダ","フレアワゴンタフスタイル","Sandii","デニムサンド","seatcover","5","S0524-01","matched","matched","verified_product_page","https://seatcover.jp/c/mazda/flairwagontoughstyle/sandii-ds00526",""
"072eff591109","マツダ","フレアワゴンタフスタイル","Sandii","カヌレグラッセ","seatcover","3","S0524-01","matched","matched","unverified","https://seatcover.jp/c/mazda/flairwagontoughstyle",""
"7749303faffa","マツダ","フレアワゴンタフスタイル","Sandii","カヌレ","seatcover","3","S0361-04","none","car_mismatch","unverified","https://seatcover.jp/c/mazda/flairwagontoughstyle",""
"0d5801bb112a","MINI","MINI クーパーS","Refinad","Exclusive Design Series","seatcover","2","BM0205-09","none","car_mismatch","verified_product_page","https://seatcover.jp/c/mini/mini3door/refinad-ex00205",""
"0b54cc96f243","三菱","ランサーエボリューション","Refinad","Leather Series","seatcover","3","MB2-01","matched","matched","verified_product_page","https://seatcover.jp/c/mitsubishi/lancerevolution/refinad-00447",""
"0c4b5ec0e9e0","三菱","ランサーエボリューション","Refinad","Leather Deluxe Series","seatcover","3","MB2-02","matched","matched","verified_product_page","https://seatcover.jp/c/mitsubishi/lancerevolution/refinad-dx00447",""
"bdf7a4b6c008","三菱","ランサーエボリューション","Refinad","Leather Series","seatcover","4","MB2-01","matched","matched","verified_product_page","https://seatcover.jp/c/mitsubishi/lancerevolution/refinad-00447",""
"eeb49f8fbc8c","三菱","ランサーエボリューション","Refinad","Quilt Series","seatcover","2","MB2-02","matched","matched","verified_product_page","https://seatcover.jp/c/seatcovermaker/refinad/refinad-quilt/refinad-qs00447",""
"eca6162fdda2","ポルシェ","PORSCHE911","Dotty","シリーズ名の記載なし","seatcover","5","","none","no_code","no_direct_candidate","https://seatcover.jp/f/carlist_renewal.html",""
"436deedbee64","BMW","BMW5-Series","Dotty","シリーズ名の記載なし","seatcover","7","","none","no_code","no_direct_candidate","https://seatcover.jp/c/bmw/bmw5series",""
"c7e8118af913","BMW","BMW5-Series","Dotty","シリーズ名の記載なし","seatcover","9","","none","no_code","no_direct_candidate","https://seatcover.jp/c/bmw/bmw5series",""
"69cad70784aa","ジープ","JEEPグランドチェロキー","Dotty","シリーズ名の記載なし","seatcover","7","","none","no_code","no_direct_candidate","https://seatcover.jp/c/jeep/grandcherokee",""
"a9b35134448f","ジープ","JEEPグランドチェロキー","Dotty","シリーズ名の記載なし","seatcover","4","","none","no_code","no_direct_candidate","https://seatcover.jp/c/jeep/grandcherokee",""
"6f7f6d45d900","マツダ","フレアワゴンカスタムスタイル","Refinad","Avant-Garde Series","seatcover","3","S0361-08","matched","matched","unverified","https://seatcover.jp/c/mazda/flairwagoncustomstyle",""
"4cd8e0441df0","ポルシェ","PORSCHE911","Dotty","シリーズ名の記載なし","seatcover","6","","none","no_code","no_direct_candidate","https://seatcover.jp/f/carlist_renewal.html",""
"4fc9885c54ca","日産","セレナC26ハイウェイスターVセレクション","Dotty","COX-SPORTS","seatcover","4","","none","no_code","no_direct_candidate","https://seatcover.jp/c/seatcovermaker/dotty/dotty-coxsports",""
"8ef2eb51a4fc","日産","セレナC26ハイウェイスターVセレクション","Dotty","GT-PRO","seatcover","4","","none","no_code","no_direct_candidate","https://seatcover.jp/f/carlist_renewal.html",""
"0c3ef25137a3","ポルシェ","PORSCHE911","Dotty","シリーズ名の記載なし","seatcover","7","","none","no_code","no_direct_candidate","https://seatcover.jp/f/carlist_renewal.html",""
"d28a04063c76","ポルシェ","PORSCHE911","Dotty","シリーズ名の記載なし","seatcover","5","","none","no_code","no_direct_candidate","https://seatcover.jp/f/carlist_renewal.html",""
"fc92ffb27e00","ポルシェ","PORSCHE911","Dotty","シリーズ名の記載なし","seatcover","2","","none","no_code","no_direct_candidate","https://seatcover.jp/f/carlist_renewal.html",""
"0fe5b4495bbc","クライスラー","CHRYSLER300","Dotty","シリーズ名の記載なし","seatcover","6","","none","no_code","no_direct_candidate","https://seatcover.jp/f/carlist_renewal.html",""
"62ad8418063f","フォード","FORDエクスプローラーXLT2012","Dotty","シリーズ名の記載なし","seatcover","5","","none","no_code","no_direct_candidate","https://seatcover.jp/f/carlist_renewal.html",""
"0ea1a52ecdf3","クライスラー","CHRYSLERPTクルーザー","Dotty","シリーズ名の記載なし","seatcover","11","","none","no_code","no_direct_candidate","https://seatcover.jp/f/carlist_renewal.html",""
"0f6113b7c1e9","トヨタ","車種名未掲載","IXUS","デニム","seatcover","1","","none","no_code","unverified","https://seatcover.jp/c/seatcovermaker/ixus/ixus-denim","unknown_vehicle"
"ef47328e6832","トヨタ","車種名未掲載","IXUS","PUレザー","seatcover","1","","none","no_code","unverified","https://seatcover.jp/c/seatcovermaker/ixus/ixus-pu","unknown_vehicle"
"682e6281d90e","トヨタ","車種名未掲載","IXUS","PUレザー","seatcover","1","","none","no_code","unverified","https://seatcover.jp/c/seatcovermaker/ixus/ixus-pu","unknown_vehicle"
"7bbd8dbbbed9","トヨタ","車種名未掲載","IXUS","PUレザー","seatcover","1","","none","no_code","unverified","https://seatcover.jp/c/seatcovermaker/ixus/ixus-pu","unknown_vehicle"
"6890a446edb2","トヨタ","車種名未掲載","IXUS","PUレザー","seatcover","1","","none","no_code","unverified","https://seatcover.jp/c/seatcovermaker/ixus/ixus-pu","unknown_vehicle"
"27a24b0d7cf6","トヨタ","車種名未掲載","IXUS","PUレザー","seatcover","1","","none","no_code","unverified","https://seatcover.jp/c/seatcovermaker/ixus/ixus-pu","unknown_vehicle"
"0581ef2e0461","トヨタ","車種名未掲載","IXUS","PUレザー","seatcover","1","","none","no_code","unverified","https://seatcover.jp/c/seatcovermaker/ixus/ixus-pu","unknown_vehicle"
"2af2ca76a36a","トヨタ","車種名未掲載","IXUS","シリーズ名の記載なし","seatcover","1","","none","no_code","unverified","https://seatcover.jp/f/carlist_renewal.html","unknown_vehicle"
"163b47be202d","トヨタ","車種名未掲載","IXUS","デニム","seatcover","1","","none","no_code","unverified","https://seatcover.jp/c/seatcovermaker/ixus/ixus-denim","unknown_vehicle"
"51174d3245fe","トヨタ","車種名未掲載","IXUS","デニム","seatcover","1","","none","no_code","unverified","https://seatcover.jp/c/seatcovermaker/ixus/ixus-denim","unknown_vehicle"
"39a47314dc68","トヨタ","車種名未掲載","IXUS","デニム","seatcover","1","","none","no_code","unverified","https://seatcover.jp/c/seatcovermaker/ixus/ixus-denim","unknown_vehicle"
"2fed30ef0fca","トヨタ","車種名未掲載","IXUS","デニム","seatcover","1","","none","no_code","unverified","https://seatcover.jp/c/seatcovermaker/ixus/ixus-denim","unknown_vehicle"
"4199fb55dc3a","トヨタ","車種名未掲載","IXUS","デニム","seatcover","1","","none","no_code","unverified","https://seatcover.jp/c/seatcovermaker/ixus/ixus-denim","unknown_vehicle"
"6bcfbe68d391","トヨタ","車種名未掲載","IXUS","シリーズ名の記載なし","seatcover","1","","none","no_code","unverified","https://seatcover.jp/f/carlist_renewal.html","unknown_vehicle"
"3a8c69d4efb6","トヨタ","車種名未掲載","IXUS","デニム","seatcover","1","","none","no_code","unverified","https://seatcover.jp/c/seatcovermaker/ixus/ixus-denim","unknown_vehicle"
"dd7c69ee1edb","トヨタ","車種名未掲載","IXUS","デニム","seatcover","1","","none","no_code","unverified","https://seatcover.jp/c/seatcovermaker/ixus/ixus-denim","unknown_vehicle"
"4ced2c20aa49","トヨタ","車種名未掲載","IXUS","PUレザー","seatcover","1","","none","no_code","unverified","https://seatcover.jp/c/seatcovermaker/ixus/ixus-pu","unknown_vehicle"
"a3dde6af4afd","トヨタ","車種名未掲載","IXUS","デニム","seatcover","1","","none","no_code","unverified","https://seatcover.jp/c/seatcovermaker/ixus/ixus-denim","unknown_vehicle"
"1bd55201c462","トヨタ","車種名未掲載","IXUS","シリーズ名の記載なし","seatcover","1","","none","no_code","unverified","https://seatcover.jp/f/carlist_renewal.html","unknown_vehicle"
"5d9dcb6c51fc","トヨタ","車種名未掲載","IXUS","デニム","seatcover","1","","none","no_code","unverified","https://seatcover.jp/c/seatcovermaker/ixus/ixus-denim","unknown_vehicle"
"be6623b9087d","トヨタ","車種名未掲載","IXUS","デニム","seatcover","1","","none","no_code","unverified","https://seatcover.jp/c/seatcovermaker/ixus/ixus-denim","unknown_vehicle"
"7875b10a6d07","トヨタ","車種名未掲載","IXUS","デニム","seatcover","1","","none","no_code","unverified","https://seatcover.jp/c/seatcovermaker/ixus/ixus-denim","unknown_vehicle"
"33cb2b8053b0","トヨタ","車種名未掲載","IXUS","デニム","seatcover","1","","none","no_code","unverified","https://seatcover.jp/c/seatcovermaker/ixus/ixus-denim","unknown_vehicle"
"d9a867263918","トヨタ","車種名未掲載","IXUS","デニム","seatcover","1","","none","no_code","unverified","https://seatcover.jp/c/seatcovermaker/ixus/ixus-denim","unknown_vehicle"
"4ec4d9845128","トヨタ","車種名未掲載","IXUS","デニム","seatcover","1","","none","no_code","unverified","https://seatcover.jp/c/seatcovermaker/ixus/ixus-denim","unknown_vehicle"
"85a34f2de947","トヨタ","車種名未掲載","IXUS","デニム","seatcover","1","","none","no_code","unverified","https://seatcover.jp/c/seatcovermaker/ixus/ixus-denim","unknown_vehicle"
"eb9d410011eb","トヨタ","車種名未掲載","IXUS","レザリーデニム","seatcover","1","","none","no_code","unverified","https://seatcover.jp/c/seatcovermaker/ixus/ixus-ly","unknown_vehicle"
"745d514f0f5c","トヨタ","車種名未掲載","IXUS","PUレザー","seatcover","1","","none","no_code","unverified","https://seatcover.jp/c/seatcovermaker/ixus/ixus-pu","unknown_vehicle"
"24720e7310ff","トヨタ","車種名未掲載","IXUS","シリーズ名の記載なし","seatcover","1","","none","no_code","unverified","https://seatcover.jp/f/carlist_renewal.html","unknown_vehicle"
"db219073a44e","トヨタ","車種名未掲載","IXUS","デニム","seatcover","1","","none","no_code","unverified","https://seatcover.jp/c/seatcovermaker/ixus/ixus-denim","unknown_vehicle"
"9bfc71984f4b","トヨタ","車種名未掲載","IXUS","シリーズ名の記載なし","seatcover","1","","none","no_code","unverified","https://seatcover.jp/f/carlist_renewal.html","unknown_vehicle"
"db77de173ae1","トヨタ","車種名未掲載","IXUS","シリーズ名の記載なし","seatcover","1","","none","no_code","unverified","https://seatcover.jp/f/carlist_renewal.html","unknown_vehicle"
"090681701dd7","トヨタ","車種名未掲載","IXUS","シリーズ名の記載なし","seatcover","1","","none","no_code","unverified","https://seatcover.jp/f/carlist_renewal.html","unknown_vehicle"
"4afb56f76d3b","トヨタ","車種名未掲載","IXUS","シリーズ名の記載なし","seatcover","1","","none","no_code","unverified","https://seatcover.jp/f/carlist_renewal.html","unknown_vehicle"
"6ea462ec795f","トヨタ","車種名未掲載","IXUS","シリーズ名の記載なし","seatcover","1","","none","no_code","unverified","https://seatcover.jp/f/carlist_renewal.html","unknown_vehicle"
"3ed7b4df4ff7","トヨタ","車種名未掲載","IXUS","デニム","seatcover","1","","none","no_code","unverified","https://seatcover.jp/c/seatcovermaker/ixus/ixus-denim","unknown_vehicle"
"184facdffeb4","トヨタ","車種名未掲載","IXUS","シリーズ名の記載なし","seatcover","1","","none","no_code","unverified","https://seatcover.jp/f/carlist_renewal.html","unknown_vehicle"
"a9bae57b74f7","トヨタ","車種名未掲載","IXUS","シリーズ名の記載なし","seatcover","1","","none","no_code","unverified","https://seatcover.jp/f/carlist_renewal.html","unknown_vehicle"
"2d3266d78a7f","トヨタ","車種名未掲載","IXUS","シリーズ名の記載なし","seatcover","1","","none","no_code","unverified","https://seatcover.jp/f/carlist_renewal.html","unknown_vehicle"
"715f67f7a912","トヨタ","車種名未掲載","IXUS","デニム","seatcover","1","","none","no_code","unverified","https://seatcover.jp/c/seatcovermaker/ixus/ixus-denim","unknown_vehicle"
"13bba724cffa","トヨタ","車種名未掲載","IXUS","PUレザー","seatcover","1","","none","no_code","unverified","https://seatcover.jp/c/seatcovermaker/ixus/ixus-pu","unknown_vehicle"
"84c1453b8272","トヨタ","車種名未掲載","IXUS","シリーズ名の記載なし","seatcover","1","","none","no_code","unverified","https://seatcover.jp/f/carlist_renewal.html","unknown_vehicle"
"f020cc45126e","トヨタ","車種名未掲載","IXUS","PUレザー","seatcover","1","","none","no_code","unverified","https://seatcover.jp/c/seatcovermaker/ixus/ixus-pu","unknown_vehicle"
"96c1889e3080","トヨタ","車種名未掲載","IXUS","PUレザー","seatcover","1","","none","no_code","unverified","https://seatcover.jp/c/seatcovermaker/ixus/ixus-pu","unknown_vehicle"
"c3108bdd2206","トヨタ","車種名未掲載","IXUS","デニム","seatcover","1","","none","no_code","unverified","https://seatcover.jp/c/seatcovermaker/ixus/ixus-denim","unknown_vehicle"
"4df059e52fed","トヨタ","車種名未掲載","IXUS","PUレザー","seatcover","1","","none","no_code","unverified","https://seatcover.jp/c/seatcovermaker/ixus/ixus-pu","unknown_vehicle"
"71930efb6bfa","トヨタ","車種名未掲載","IXUS","PUレザー","seatcover","1","","none","no_code","unverified","https://seatcover.jp/c/seatcovermaker/ixus/ixus-pu","unknown_vehicle"
"c771877ff1bf","トヨタ","車種名未掲載","IXUS","PUレザー","seatcover","1","","none","no_code","unverified","https://seatcover.jp/c/seatcovermaker/ixus/ixus-pu","unknown_vehicle"
"8414d4fc3fc7","日産","車種名未掲載","IXUS","デニム","seatcover","1","","none","no_code","unverified","https://seatcover.jp/c/seatcovermaker/ixus/ixus-denim","unknown_vehicle"
"dff4baa49493","日産","車種名未掲載","IXUS","デニム","seatcover","1","","none","no_code","unverified","https://seatcover.jp/c/seatcovermaker/ixus/ixus-denim","unknown_vehicle"
"15ca02a922a3","日産","車種名未掲載","IXUS","デニム","seatcover","1","","none","no_code","unverified","https://seatcover.jp/c/seatcovermaker/ixus/ixus-denim","unknown_vehicle"
"4f1331357ca7","日産","車種名未掲載","IXUS","デニム","seatcover","1","","none","no_code","unverified","https://seatcover.jp/c/seatcovermaker/ixus/ixus-denim","unknown_vehicle"
"eae75543003b","日産","車種名未掲載","IXUS","デニム","seatcover","1","","none","no_code","unverified","https://seatcover.jp/c/seatcovermaker/ixus/ixus-denim","unknown_vehicle"
"50638c953ef4","ホンダ","車種名未掲載","IXUS","デニム","seatcover","1","","none","no_code","unverified","https://seatcover.jp/c/seatcovermaker/ixus/ixus-denim","unknown_vehicle"
"7615944ede80","ホンダ","車種名未掲載","IXUS","デニム","seatcover","1","","none","no_code","unverified","https://seatcover.jp/c/seatcovermaker/ixus/ixus-denim","unknown_vehicle"
"ff79d5c25364","ホンダ","車種名未掲載","IXUS","デニム","seatcover","1","","none","no_code","unverified","https://seatcover.jp/c/seatcovermaker/ixus/ixus-denim","unknown_vehicle"
"36a90e77f9de","ホンダ","車種名未掲載","IXUS","デニム","seatcover","1","","none","no_code","unverified","https://seatcover.jp/c/seatcovermaker/ixus/ixus-denim","unknown_vehicle"
"9c4b305985d7","ホンダ","車種名未掲載","IXUS","デニム","seatcover","1","","none","no_code","unverified","https://seatcover.jp/c/seatcovermaker/ixus/ixus-denim","unknown_vehicle"
"d67e376118b0","ホンダ","車種名未掲載","IXUS","シリーズ名の記載なし","seatcover","1","","none","no_code","unverified","https://seatcover.jp/f/carlist_renewal.html","unknown_vehicle"
"6a9b608d3899","ホンダ","車種名未掲載","IXUS","デニム","seatcover","1","","none","no_code","unverified","https://seatcover.jp/c/seatcovermaker/ixus/ixus-denim","unknown_vehicle"
"03f164513fb5","ホンダ","車種名未掲載","IXUS","ファブリック","seatcover","1","","none","no_code","unverified","https://seatcover.jp/f/carlist_renewal.html","unknown_vehicle"
"f7eea9711a8d","ホンダ","車種名未掲載","IXUS","デニム","seatcover","1","","none","no_code","unverified","https://seatcover.jp/c/seatcovermaker/ixus/ixus-denim","unknown_vehicle"
"eef50c8437cd","ホンダ","車種名未掲載","IXUS","シリーズ名の記載なし","seatcover","1","","none","no_code","unverified","https://seatcover.jp/f/carlist_renewal.html","unknown_vehicle"
"a75b9ad642b7","マツダ","車種名未掲載","IXUS","シリーズ名の記載なし","seatcover","1","","none","no_code","unverified","https://seatcover.jp/f/carlist_renewal.html","unknown_vehicle"
"e50bf07c962c","マツダ","車種名未掲載","IXUS","PUレザー","seatcover","1","","none","no_code","unverified","https://seatcover.jp/c/seatcovermaker/ixus/ixus-pu","unknown_vehicle"
"3445a69c01a4","マツダ","車種名未掲載","IXUS","シリーズ名の記載なし","seatcover","1","","none","no_code","unverified","https://seatcover.jp/f/carlist_renewal.html","unknown_vehicle"
"f28f995fd8fb","マツダ","車種名未掲載","IXUS","シリーズ名の記載なし","seatcover","1","","none","no_code","unverified","https://seatcover.jp/f/carlist_renewal.html","unknown_vehicle"
"66963a1946db","マツダ","車種名未掲載","IXUS","シリーズ名の記載なし","seatcover","1","","none","no_code","unverified","https://seatcover.jp/f/carlist_renewal.html","unknown_vehicle"
"81894c13fce6","マツダ","車種名未掲載","IXUS","シリーズ名の記載なし","seatcover","1","","none","no_code","unverified","https://seatcover.jp/f/carlist_renewal.html","unknown_vehicle"
"44067eb59789","マツダ","車種名未掲載","IXUS","シリーズ名の記載なし","seatcover","1","","none","no_code","unverified","https://seatcover.jp/f/carlist_renewal.html","unknown_vehicle"
"f7102676e354","マツダ","車種名未掲載","IXUS","シリーズ名の記載なし","seatcover","1","","none","no_code","unverified","https://seatcover.jp/f/carlist_renewal.html","unknown_vehicle"
"884607f6a9e9","マツダ","車種名未掲載","IXUS","シリーズ名の記載なし","seatcover","1","","none","no_code","unverified","https://seatcover.jp/f/carlist_renewal.html","unknown_vehicle"
"a38337e013b2","マツダ","車種名未掲載","IXUS","PUレザー","seatcover","1","","none","no_code","unverified","https://seatcover.jp/c/seatcovermaker/ixus/ixus-pu","unknown_vehicle"
"d1a2befc8ffe","マツダ","車種名未掲載","IXUS","シリーズ名の記載なし","seatcover","1","","none","no_code","unverified","https://seatcover.jp/f/carlist_renewal.html","unknown_vehicle"
"0266e5726085","マツダ","車種名未掲載","IXUS","シリーズ名の記載なし","seatcover","1","","none","no_code","unverified","https://seatcover.jp/f/carlist_renewal.html","unknown_vehicle"
"c392676684e3","マツダ","車種名未掲載","IXUS","PUレザー","seatcover","1","","none","no_code","unverified","https://seatcover.jp/c/seatcovermaker/ixus/ixus-pu","unknown_vehicle"
"4bac4e82605e","マツダ","車種名未掲載","IXUS","シリーズ名の記載なし","seatcover","1","","none","no_code","unverified","https://seatcover.jp/f/carlist_renewal.html","unknown_vehicle"
"7d95a4315c74","マツダ","車種名未掲載","IXUS","PUレザー","seatcover","1","","none","no_code","unverified","https://seatcover.jp/c/seatcovermaker/ixus/ixus-pu","unknown_vehicle"
"029c21cba219","マツダ","車種名未掲載","IXUS","PUレザー","seatcover","1","","none","no_code","unverified","https://seatcover.jp/c/seatcovermaker/ixus/ixus-pu","unknown_vehicle"
"f8ba05577f85","マツダ","車種名未掲載","IXUS","PUレザー","seatcover","1","","none","no_code","unverified","https://seatcover.jp/c/seatcovermaker/ixus/ixus-pu","unknown_vehicle"
"042fe4262ccc","マツダ","車種名未掲載","IXUS","PUレザー","seatcover","1","","none","no_code","unverified","https://seatcover.jp/c/seatcovermaker/ixus/ixus-pu","unknown_vehicle"
"3c1a43e541e7","マツダ","車種名未掲載","IXUS","PUレザー","seatcover","1","","none","no_code","unverified","https://seatcover.jp/c/seatcovermaker/ixus/ixus-pu","unknown_vehicle"
"8e2afdd65790","三菱","車種名未掲載","IXUS","デニム","seatcover","1","","none","no_code","unverified","https://seatcover.jp/c/seatcovermaker/ixus/ixus-denim","unknown_vehicle"
"e0c3f6a36a8f","三菱","車種名未掲載","IXUS","シリーズ名の記載なし","seatcover","1","","none","no_code","unverified","https://seatcover.jp/f/carlist_renewal.html","unknown_vehicle"
"4adee1f0521b","三菱","車種名未掲載","IXUS","デニム","seatcover","1","","none","no_code","unverified","https://seatcover.jp/c/seatcovermaker/ixus/ixus-denim","unknown_vehicle"
"b19e86f57c1d","三菱","車種名未掲載","IXUS","デニム","seatcover","1","","none","no_code","unverified","https://seatcover.jp/c/seatcovermaker/ixus/ixus-denim","unknown_vehicle"
"84c46c3ca711","ダイハツ","車種名未掲載","IXUS","ファブリック","seatcover","1","","none","no_code","unverified","https://seatcover.jp/f/carlist_renewal.html","unknown_vehicle"
"e480743554c4","ダイハツ","車種名未掲載","IXUS","デニム","seatcover","1","","none","no_code","unverified","https://seatcover.jp/c/seatcovermaker/ixus/ixus-denim","unknown_vehicle"
"ac9daee3fdbd","ダイハツ","車種名未掲載","IXUS","ファブリック","seatcover","1","","none","no_code","unverified","https://seatcover.jp/f/carlist_renewal.html","unknown_vehicle"
"69a4e80fab29","ダイハツ","車種名未掲載","IXUS","ファブリック","seatcover","1","","none","no_code","unverified","https://seatcover.jp/f/carlist_renewal.html","unknown_vehicle"
"7be0d31f67ec","ダイハツ","車種名未掲載","IXUS","デニム","seatcover","1","","none","no_code","unverified","https://seatcover.jp/c/seatcovermaker/ixus/ixus-denim","unknown_vehicle"
"455d1fefa917","ダイハツ","車種名未掲載","IXUS","デニム","seatcover","1","","none","no_code","unverified","https://seatcover.jp/c/seatcovermaker/ixus/ixus-denim","unknown_vehicle"
"be8c615d5708","ダイハツ","車種名未掲載","IXUS","レザリーデニム","seatcover","1","","none","no_code","unverified","https://seatcover.jp/c/seatcovermaker/ixus/ixus-ly","unknown_vehicle"
"b896122c0695","ダイハツ","車種名未掲載","IXUS","デニム","seatcover","1","","none","no_code","unverified","https://seatcover.jp/c/seatcovermaker/ixus/ixus-denim","unknown_vehicle"
"f607a5a7f3f4","スズキ","車種名未掲載","IXUS","デニム","seatcover","1","","none","no_code","unverified","https://seatcover.jp/c/seatcovermaker/ixus/ixus-denim","unknown_vehicle"
"6b946d0b1e13","スズキ","車種名未掲載","IXUS","デニム","seatcover","1","","none","no_code","unverified","https://seatcover.jp/c/seatcovermaker/ixus/ixus-denim","unknown_vehicle"
"91f311df5abc","スズキ","車種名未掲載","IXUS","デニム","seatcover","1","","none","no_code","unverified","https://seatcover.jp/c/seatcovermaker/ixus/ixus-denim","unknown_vehicle"
"c1612a526828","スズキ","車種名未掲載","IXUS","デニム","seatcover","1","","none","no_code","unverified","https://seatcover.jp/c/seatcovermaker/ixus/ixus-denim","unknown_vehicle"
"0ee5bc4d53f4","スズキ","車種名未掲載","IXUS","PUレザー","seatcover","1","","none","no_code","unverified","https://seatcover.jp/c/seatcovermaker/ixus/ixus-pu","unknown_vehicle"
"2997675ae34c","スズキ","車種名未掲載","IXUS","シリーズ名の記載なし","seatcover","1","","none","no_code","unverified","https://seatcover.jp/f/carlist_renewal.html","unknown_vehicle"
"e1a0955982c7","スズキ","車種名未掲載","IXUS","デニム","seatcover","1","","none","no_code","unverified","https://seatcover.jp/c/seatcovermaker/ixus/ixus-denim","unknown_vehicle"
"7691f4b5e687","スズキ","車種名未掲載","IXUS","シリーズ名の記載なし","seatcover","1","","none","no_code","unverified","https://seatcover.jp/f/carlist_renewal.html","unknown_vehicle"
"bcad043df449","スズキ","車種名未掲載","IXUS","シリーズ名の記載なし","seatcover","1","","none","no_code","unverified","https://seatcover.jp/f/carlist_renewal.html","unknown_vehicle"
"c9111cdd96f4","スズキ","車種名未掲載","IXUS","シリーズ名の記載なし","seatcover","1","","none","no_code","unverified","https://seatcover.jp/f/carlist_renewal.html","unknown_vehicle"
"2b4a060b0774","スズキ","車種名未掲載","IXUS","シリーズ名の記載なし","seatcover","1","","none","no_code","unverified","https://seatcover.jp/f/carlist_renewal.html","unknown_vehicle"
"7d7ca33a4d8e","スズキ","車種名未掲載","IXUS","シリーズ名の記載なし","seatcover","1","","none","no_code","unverified","https://seatcover.jp/f/carlist_renewal.html","unknown_vehicle"
"06dcd15f9b06","スズキ","車種名未掲載","IXUS","シリーズ名の記載なし","seatcover","1","","none","no_code","unverified","https://seatcover.jp/f/carlist_renewal.html","unknown_vehicle"
"9fa83e8b926e","スズキ","車種名未掲載","IXUS","シリーズ名の記載なし","seatcover","1","","none","no_code","unverified","https://seatcover.jp/f/carlist_renewal.html","unknown_vehicle"
"a11b4db64880","スズキ","車種名未掲載","IXUS","シリーズ名の記載なし","seatcover","1","","none","no_code","unverified","https://seatcover.jp/f/carlist_renewal.html","unknown_vehicle"
"4133897f1922","スズキ","車種名未掲載","IXUS","シリーズ名の記載なし","seatcover","1","","none","no_code","unverified","https://seatcover.jp/f/carlist_renewal.html","unknown_vehicle"
"48b80cbaa0fc","スズキ","車種名未掲載","IXUS","シリーズ名の記載なし","seatcover","1","","none","no_code","unverified","https://seatcover.jp/f/carlist_renewal.html","unknown_vehicle"
"7a291340247e","スズキ","車種名未掲載","IXUS","デニム","seatcover","1","","none","no_code","unverified","https://seatcover.jp/c/seatcovermaker/ixus/ixus-denim","unknown_vehicle"
"7a84a5fa666b","スズキ","車種名未掲載","IXUS","デニム","seatcover","1","","none","no_code","unverified","https://seatcover.jp/c/seatcovermaker/ixus/ixus-denim","unknown_vehicle"
"5e73c3912991","スズキ","車種名未掲載","IXUS","シリーズ名の記載なし","seatcover","1","","none","no_code","unverified","https://seatcover.jp/f/carlist_renewal.html","unknown_vehicle"
"c5e0f18adafc","スズキ","車種名未掲載","IXUS","シリーズ名の記載なし","seatcover","1","","none","no_code","unverified","https://seatcover.jp/f/carlist_renewal.html","unknown_vehicle"
"614b7512a2e6","スズキ","車種名未掲載","IXUS","シリーズ名の記載なし","seatcover","1","","none","no_code","unverified","https://seatcover.jp/f/carlist_renewal.html","unknown_vehicle"
"4d2473aacf62","スズキ","車種名未掲載","IXUS","PUレザー","seatcover","1","","none","no_code","unverified","https://seatcover.jp/c/seatcovermaker/ixus/ixus-pu","unknown_vehicle"
"4582ca338df9","スズキ","車種名未掲載","IXUS","シリーズ名の記載なし","seatcover","1","","none","no_code","unverified","https://seatcover.jp/f/carlist_renewal.html","unknown_vehicle"
"a2071a98fad7","スズキ","車種名未掲載","IXUS","シリーズ名の記載なし","seatcover","1","","none","no_code","unverified","https://seatcover.jp/f/carlist_renewal.html","unknown_vehicle"
"5fdd37a1b950","スズキ","車種名未掲載","IXUS","シリーズ名の記載なし","seatcover","1","","none","no_code","unverified","https://seatcover.jp/f/carlist_renewal.html","unknown_vehicle"
"1ed7a3eaf3da","スズキ","車種名未掲載","IXUS","シリーズ名の記載なし","seatcover","1","","none","no_code","unverified","https://seatcover.jp/f/carlist_renewal.html","unknown_vehicle"
"06d45f7f2927","スズキ","車種名未掲載","IXUS","シリーズ名の記載なし","seatcover","1","","none","no_code","unverified","https://seatcover.jp/f/carlist_renewal.html","unknown_vehicle"
"2a40eac547df","スズキ","車種名未掲載","IXUS","シリーズ名の記載なし","seatcover","1","","none","no_code","unverified","https://seatcover.jp/f/carlist_renewal.html","unknown_vehicle"
"4c83bb767171","スズキ","車種名未掲載","IXUS","シリーズ名の記載なし","seatcover","1","","none","no_code","unverified","https://seatcover.jp/f/carlist_renewal.html","unknown_vehicle"
"68b358a9fad7","スズキ","車種名未掲載","IXUS","シリーズ名の記載なし","seatcover","1","","none","no_code","unverified","https://seatcover.jp/f/carlist_renewal.html","unknown_vehicle"
"6a8ccfa004c3","スズキ","車種名未掲載","IXUS","デニム","seatcover","1","","none","no_code","unverified","https://seatcover.jp/c/seatcovermaker/ixus/ixus-denim","unknown_vehicle"
"ea2db66a7483","スズキ","車種名未掲載","IXUS","シリーズ名の記載なし","seatcover","1","","none","no_code","unverified","https://seatcover.jp/f/carlist_renewal.html","unknown_vehicle"
"7f42d65d812b","スズキ","車種名未掲載","IXUS","シリーズ名の記載なし","seatcover","1","","none","no_code","unverified","https://seatcover.jp/f/carlist_renewal.html","unknown_vehicle"
"386319d1e448","スズキ","車種名未掲載","IXUS","デニム","seatcover","1","","none","no_code","unverified","https://seatcover.jp/c/seatcovermaker/ixus/ixus-denim","unknown_vehicle"
"533450b4fa2f","スズキ","車種名未掲載","IXUS","デニム","seatcover","1","","none","no_code","unverified","https://seatcover.jp/c/seatcovermaker/ixus/ixus-denim","unknown_vehicle"
"58b35582cb4b","スズキ","車種名未掲載","IXUS","シリーズ名の記載なし","seatcover","1","","none","no_code","unverified","https://seatcover.jp/f/carlist_renewal.html","unknown_vehicle"
"f4ab94a2f0f1","スズキ","車種名未掲載","IXUS","シリーズ名の記載なし","seatcover","1","","none","no_code","unverified","https://seatcover.jp/f/carlist_renewal.html","unknown_vehicle"
"e6e9d35ce99e","スズキ","車種名未掲載","IXUS","シリーズ名の記載なし","seatcover","1","","none","no_code","unverified","https://seatcover.jp/f/carlist_renewal.html","unknown_vehicle"
"1eff7d1b0fe4","スズキ","車種名未掲載","IXUS","シリーズ名の記載なし","seatcover","1","","none","no_code","unverified","https://seatcover.jp/f/carlist_renewal.html","unknown_vehicle"
"4c298458272f","スズキ","車種名未掲載","IXUS","シリーズ名の記載なし","seatcover","1","","none","no_code","unverified","https://seatcover.jp/f/carlist_renewal.html","unknown_vehicle"
"8f45b8dbadab","スズキ","車種名未掲載","IXUS","シリーズ名の記載なし","seatcover","1","","none","no_code","unverified","https://seatcover.jp/f/carlist_renewal.html","unknown_vehicle"
"4c13806486bf","スズキ","車種名未掲載","IXUS","シリーズ名の記載なし","seatcover","1","","none","no_code","unverified","https://seatcover.jp/f/carlist_renewal.html","unknown_vehicle"
"b041da15ad1f","スズキ","車種名未掲載","IXUS","シリーズ名の記載なし","seatcover","1","","none","no_code","unverified","https://seatcover.jp/f/carlist_renewal.html","unknown_vehicle"
"c24857a0c275","スズキ","車種名未掲載","IXUS","デニム","seatcover","1","","none","no_code","unverified","https://seatcover.jp/c/seatcovermaker/ixus/ixus-denim","unknown_vehicle"
"0489e2518cca","スズキ","車種名未掲載","IXUS","デニム","seatcover","1","","none","no_code","unverified","https://seatcover.jp/c/seatcovermaker/ixus/ixus-denim","unknown_vehicle"
"574a18fd00ec","スズキ","車種名未掲載","IXUS","デニム","seatcover","1","","none","no_code","unverified","https://seatcover.jp/c/seatcovermaker/ixus/ixus-denim","unknown_vehicle"
"7f1695981bd1","メルセデス・ベンツ","車種名未掲載","IXUS","シリーズ名の記載なし","seatcover","1","","none","no_code","unverified","https://seatcover.jp/f/carlist_renewal.html","unknown_vehicle"
"1c041a117d83","メルセデス・ベンツ","車種名未掲載","IXUS","シリーズ名の記載なし","seatcover","1","","none","no_code","unverified","https://seatcover.jp/f/carlist_renewal.html","unknown_vehicle"
